t_ns,executing_client,executing_goal_id,executing_elapsed_s,queue_length,queued_goal_ids,queued_clients,queued_priorities,queued_wait_s,total_accepted,total_rejected,total_completed
1790905933690133792,,,0.000,0,,,,,0,0,0
1790905933890251264,,,0.000,0,,,,,0,0,0
1790905934090005568,,,0.000,0,,,,,0,0,0
1790905934290197408,,,0.000,0,,,,,0,0,0
1790905934489820960,,,0.000,0,,,,,0,0,0
1790905934690198016,,,0.000,0,,,,,0,0,0
1790905934889882976,,,0.000,0,,,,,0,0,0
1790905935090274720,,,0.000,0,,,,,0,0,0
1790905935290203744,,,0.000,0,,,,,0,0,0
1790905935490211808,,,0.000,0,,,,,0,0,0
1790905935690249568,,,0.000,0,,,,,0,0,0
1790905935889869152,,,0.000,0,,,,,0,0,0
1790905936089672864,,,0.000,0,,,,,0,0,0
1790905936290045760,,,0.000,0,,,,,0,0,0
1790905936490269440,,,0.000,0,,,,,0,0,0
1790905936690140608,,,0.000,0,,,,,0,0,0
1790905936890127488,,,0.000,0,,,,,0,0,0
1790905937090196672,,,0.000,0,,,,,0,0,0
1790905937290256096,,,0.000,0,,,,,0,0,0
1790905937490261440,,,0.000,0,,,,,0,0,0
1790905937690465280,,,0.000,0,,,,,0,0,0
1790905937890266720,,,0.000,0,,,,,0,0,0
1790905938090306368,,,0.000,0,,,,,0,0,0
1790905938290289024,,,0.000,0,,,,,0,0,0
1790905938489822688,,,0.000,0,,,,,0,0,0
1790905938690252640,,,0.000,0,,,,,0,0,0
1790905938890268000,,,0.000,0,,,,,0,0,0
1790905939090512672,,,0.000,0,,,,,0,0,0
1790905939290180192,,,0.000,0,,,,,0,0,0
1790905939490008288,,,0.000,0,,,,,0,0,0
1790905939689489664,,,0.000,0,,,,,0,0,0
1790905939889836384,,,0.000,0,,,,,0,0,0
1790905940090174656,,,0.000,0,,,,,0,0,0
1790905940290253184,,,0.000,0,,,,,0,0,0
1790905940490223680,,,0.000,0,,,,,0,0,0
1790905940690307488,,,0.000,0,,,,,0,0,0
1790905940889951744,,,0.000,0,,,,,0,0,0
1790905941090235936,,,0.000,0,,,,,0,0,0
1790905941289808288,,,0.000,0,,,,,0,0,0
1790905941490219072,,,0.000,0,,,,,0,0,0
1790905941689897056,,,0.000,0,,,,,0,0,0
1790905941890192224,,,0.000,0,,,,,0,0,0
1790905942089846976,,,0.000,0,,,,,0,0,0
1790905942290239712,,,0.000,0,,,,,0,0,0
1790905942490264704,,,0.000,0,,,,,0,0,0
1790905942690426272,,,0.000,0,,,,,0,0,0
1790905942890193856,,,0.000,0,,,,,0,0,0
1790905943090224832,,,0.000,0,,,,,0,0,0
1790905943290093344,,,0.000,0,,,,,0,0,0
1790905943490273312,,,0.000,0,,,,,0,0,0
1790905943690176416,,,0.000,0,,,,,0,0,0
1790905943890087264,,,0.000,0,,,,,0,0,0
1790905944090231712,,,0.000,0,,,,,0,0,0
1790905944289656096,,,0.000,0,,,,,0,0,0
1790905944489784992,,,0.000,0,,,,,0,0,0
1790905944690187424,,,0.000,0,,,,,0,0,0
1790905944890180960,,,0.000,0,,,,,0,0,0
1790905945090274496,,,0.000,0,,,,,0,0,0
1790905945290242720,,,0.000,0,,,,,0,0,0
1790905945490274592,,,0.000,0,,,,,0,0,0
1790905945690180320,,,0.000,0,,,,,0,0,0
1790905945890244704,,,0.000,0,,,,,0,0,0
1790905946090484640,,,0.000,0,,,,,0,0,0
1790905946290250112,,,0.000,0,,,,,0,0,0
1790905946490212640,,,0.000,0,,,,,0,0,0
1790905946690313760,,,0.000,0,,,,,0,0,0
1790905946890251520,,,0.000,0,,,,,0,0,0
1790905947090427936,,,0.000,0,,,,,0,0,0
1790905947291458368,,,0.000,0,,,,,0,0,0
1790905947490308352,,,0.000,0,,,,,0,0,0
1790905947690680736,,,0.000,0,,,,,0,0,0
1790905947890373632,,,0.000,0,,,,,0,0,0
1790905948090326048,,,0.000,0,,,,,0,0,0
1790905948290032896,,,0.000,0,,,,,0,0,0
1790905948490313632,,,0.000,0,,,,,0,0,0
1790905948690332128,,,0.000,0,,,,,0,0,0
1790905948890463808,,,0.000,0,,,,,0,0,0
1790905949090349728,,,0.000,0,,,,,0,0,0
1790905949289886816,,,0.000,0,,,,,0,0,0
1790905949490322016,,,0.000,0,,,,,0,0,0
1790905949690243968,,,0.000,0,,,,,0,0,0
1790905949890223040,,,0.000,0,,,,,0,0,0
1790905950090321696,,,0.000,0,,,,,0,0,0
1790905950290268192,,,0.000,0,,,,,0,0,0
1790905950489645984,,,0.000,0,,,,,0,0,0
1790905950690294880,,,0.000,0,,,,,0,0,0
1790905950890273088,,,0.000,0,,,,,0,0,0
1790905951090340960,,,0.000,0,,,,,0,0,0
1790905951290135200,,,0.000,0,,,,,0,0,0
1790905951490237664,,,0.000,0,,,,,0,0,0
1790905951689904256,,,0.000,0,,,,,0,0,0
1790905951890287808,,,0.000,0,,,,,0,0,0
1790905952090291360,,,0.000,0,,,,,0,0,0
1790905952289726592,,,0.000,0,,,,,0,0,0
1790905952490298656,,,0.000,0,,,,,0,0,0
1790905952689571712,,,0.000,0,,,,,0,0,0
1790905952889718912,,,0.000,0,,,,,0,0,0
1790905953089652224,,,0.000,0,,,,,0,0,0
1790905953289568768,,,0.000,0,,,,,0,0,0
1790905953489717344,,,0.000,0,,,,,0,0,0
1790905953690442848,,,0.000,0,,,,,0,0,0
1790905953889722848,,,0.000,0,,,,,0,0,0
1790905954089906592,,,0.000,0,,,,,0,0,0
1790905954290221440,,,0.000,0,,,,,0,0,0
1790905954489612768,,,0.000,0,,,,,0,0,0
1790905954689487232,,,0.000,0,,,,,0,0,0
1790905954890089152,,,0.000,1,eb9fb6219c46,Nicolas,1,0.002,1,0,0
1790905955090131456,Nicolas,eb9fb6219c46,0.185,0,,,,,1,0,0
1790905955290317344,Nicolas,eb9fb6219c46,0.385,0,,,,,1,0,0
1790905955490373792,Nicolas,eb9fb6219c46,0.585,0,,,,,1,0,0
1790905955690403360,Nicolas,eb9fb6219c46,0.785,0,,,,,1,0,0
1790905955889950560,Nicolas,eb9fb6219c46,0.985,0,,,,,1,0,0
1790905956089557280,Nicolas,eb9fb6219c46,1.184,0,,,,,1,0,0
1790905956289637280,Nicolas,eb9fb6219c46,1.384,0,,,,,1,0,0
1790905956489965312,Nicolas,eb9fb6219c46,1.585,1,f7856c753707,Nahim,2,0.179,2,0,0
1790905956690263072,Nicolas,eb9fb6219c46,1.785,1,f7856c753707,Nahim,2,0.380,2,0,0
1790905956889862816,Nicolas,eb9fb6219c46,1.985,1,f7856c753707,Nahim,2,0.579,2,0,0
1790905957090190048,Nicolas,eb9fb6219c46,2.185,1,f7856c753707,Nahim,2,0.780,2,0,0
1790905957289791328,Nicolas,eb9fb6219c46,2.384,1,f7856c753707,Nahim,2,0.979,2,0,0
1790905957490233344,Nicolas,eb9fb6219c46,2.585,1,f7856c753707,Nahim,2,1.180,2,0,0
1790905957689650528,Nicolas,eb9fb6219c46,2.784,2,f7856c753707|29a14db89f84,Nahim|Sebastian,2|3,1.379|0.155,3,0,0
1790905957889883968,Nicolas,eb9fb6219c46,2.985,2,f7856c753707|29a14db89f84,Nahim|Sebastian,2|3,1.579|0.356,3,0,0
1790905958090227808,Nahim,f7856c753707,0.169,1,29a14db89f84,Sebastian,3,0.556,3,0,1
1790905958290368544,Nahim,f7856c753707,0.369,1,29a14db89f84,Sebastian,3,0.756,3,0,1
1790905958489832960,Nahim,f7856c753707,0.569,2,29a14db89f84|c3dede373fd3,Sebastian|Nicolas,3|1,0.956|0.061,4,0,1
1790905958690687136,Nahim,f7856c753707,0.770,2,29a14db89f84|c3dede373fd3,Sebastian|Nicolas,3|1,1.156|0.262,4,0,1
1790905958889667584,Nahim,f7856c753707,0.969,3,29a14db89f84|c3dede373fd3|e13de92eb02a,Sebastian|Nicolas|Vania,3|1|4,1.355|0.461|0.060,5,0,1
1790905959090259552,Nahim,f7856c753707,1.169,3,29a14db89f84|c3dede373fd3|e13de92eb02a,Sebastian|Nicolas|Vania,3|1|4,1.556|0.662|0.261,5,0,1
1790905959290304192,Nahim,f7856c753707,1.369,3,29a14db89f84|c3dede373fd3|e13de92eb02a,Sebastian|Nicolas|Vania,3|1|4,1.756|0.862|0.461,5,0,1
1790905959490226112,Nahim,f7856c753707,1.569,3,29a14db89f84|c3dede373fd3|e13de92eb02a,Sebastian|Nicolas|Vania,3|1|4,1.956|1.062|0.661,5,0,1
1790905959690412224,Nahim,f7856c753707,1.769,3,29a14db89f84|c3dede373fd3|e13de92eb02a,Sebastian|Nicolas|Vania,3|1|4,2.156|1.262|0.861,5,0,1
1790905959890425696,Nahim,f7856c753707,1.969,3,29a14db89f84|c3dede373fd3|e13de92eb02a,Sebastian|Nicolas|Vania,3|1|4,2.356|1.462|1.061,5,0,1
1790905960090253184,Nahim,f7856c753707,2.169,3,29a14db89f84|c3dede373fd3|e13de92eb02a,Sebastian|Nicolas|Vania,3|1|4,2.556|1.662|1.261,5,0,1
1790905960290418208,Nahim,f7856c753707,2.369,3,29a14db89f84|c3dede373fd3|e13de92eb02a,Sebastian|Nicolas|Vania,3|1|4,2.756|1.862|1.461,5,0,1
1790905960490419904,Nahim,f7856c753707,2.569,3,29a14db89f84|c3dede373fd3|e13de92eb02a,Sebastian|Nicolas|Vania,3|1|4,2.956|2.062|1.661,5,0,1
1790905960690062464,Nahim,f7856c753707,2.769,3,29a14db89f84|c3dede373fd3|e13de92eb02a,Sebastian|Nicolas|Vania,3|1|4,3.156|2.261|1.861,5,0,1
1790905960890332192,Nahim,f7856c753707,2.969,3,29a14db89f84|c3dede373fd3|e13de92eb02a,Sebastian|Nicolas|Vania,3|1|4,3.356|2.462|2.061,5,0,1
1790905961090392064,Sebastian,29a14db89f84,0.147,2,c3dede373fd3|e13de92eb02a,Nicolas|Vania,1|4,2.662|2.261,5,0,2
1790905961290176672,Sebastian,29a14db89f84,0.347,2,c3dede373fd3|e13de92eb02a,Nicolas|Vania,1|4,2.862|2.461,5,0,2
1790905961490111072,Sebastian,29a14db89f84,0.547,3,c3dede373fd3|e13de92eb02a|a8f93cb2e773,Nicolas|Vania|Nahim,1|4|2,3.062|2.661|0.037,6,0,2
1790905961690381984,Sebastian,29a14db89f84,0.747,3,c3dede373fd3|e13de92eb02a|a8f93cb2e773,Nicolas|Vania|Nahim,1|4|2,3.262|2.861|0.237,6,0,2
1790905961890147456,Sebastian,29a14db89f84,0.947,3,c3dede373fd3|e13de92eb02a|a8f93cb2e773,Nicolas|Vania|Nahim,1|4|2,3.462|3.061|0.437,6,0,2
1790905962090286784,Sebastian,29a14db89f84,1.147,3,c3dede373fd3|e13de92eb02a|a8f93cb2e773,Nicolas|Vania|Nahim,1|4|2,3.662|3.261|0.637,6,0,2
1790905962290388288,Sebastian,29a14db89f84,1.347,3,c3dede373fd3|e13de92eb02a|a8f93cb2e773,Nicolas|Vania|Nahim,1|4|2,3.862|3.461|0.837,6,0,2
1790905962490338624,Sebastian,29a14db89f84,1.547,3,c3dede373fd3|e13de92eb02a|a8f93cb2e773,Nicolas|Vania|Nahim,1|4|2,4.062|3.661|1.037,6,0,2
1790905962690238496,Sebastian,29a14db89f84,1.747,3,c3dede373fd3|e13de92eb02a|a8f93cb2e773,Nicolas|Vania|Nahim,1|4|2,4.262|3.861|1.237,6,0,2
1790905962890458080,Sebastian,29a14db89f84,1.947,3,c3dede373fd3|e13de92eb02a|a8f93cb2e773,Nicolas|Vania|Nahim,1|4|2,4.462|4.061|1.437,6,0,2
1790905963090163744,Sebastian,29a14db89f84,2.147,3,c3dede373fd3|e13de92eb02a|a8f93cb2e773,Nicolas|Vania|Nahim,1|4|2,4.662|4.261|1.637,6,0,2
1790905963290145056,Sebastian,29a14db89f84,2.347,3,c3dede373fd3|e13de92eb02a|a8f93cb2e773,Nicolas|Vania|Nahim,1|4|2,4.862|4.461|1.837,6,0,2
1790905963490359040,Sebastian,29a14db89f84,2.547,3,c3dede373fd3|e13de92eb02a|a8f93cb2e773,Nicolas|Vania|Nahim,1|4|2,5.062|4.661|2.037,6,0,2
1790905963689903552,Sebastian,29a14db89f84,2.747,3,c3dede373fd3|e13de92eb02a|a8f93cb2e773,Nicolas|Vania|Nahim,1|4|2,5.261|4.861|2.237,6,0,2
1790905963890157824,Sebastian,29a14db89f84,2.947,3,c3dede373fd3|e13de92eb02a|a8f93cb2e773,Nicolas|Vania|Nahim,1|4|2,5.462|5.061|2.437,6,0,2
1790905964090165984,Nicolas,c3dede373fd3,0.128,2,e13de92eb02a|a8f93cb2e773,Vania|Nahim,4|2,5.261|2.637,6,0,3
1790905964290147040,Nicolas,c3dede373fd3,0.327,2,e13de92eb02a|a8f93cb2e773,Vania|Nahim,4|2,5.461|2.837,6,0,3
1790905964490173536,Nicolas,c3dede373fd3,0.527,3,e13de92eb02a|a8f93cb2e773|9f1ed7cefa8c,Vania|Nahim|Sebastian,4|2|3,5.661|3.037|0.015,7,0,3
1790905964690279680,Nicolas,c3dede373fd3,0.728,3,e13de92eb02a|a8f93cb2e773|9f1ed7cefa8c,Vania|Nahim|Sebastian,4|2|3,5.861|3.237|0.215,7,0,3
1790905964890398496,Nicolas,c3dede373fd3,0.928,3,e13de92eb02a|a8f93cb2e773|9f1ed7cefa8c,Vania|Nahim|Sebastian,4|2|3,6.061|3.437|0.415,7,0,3
1790905965090742752,Nicolas,c3dede373fd3,1.128,3,e13de92eb02a|a8f93cb2e773|9f1ed7cefa8c,Vania|Nahim|Sebastian,4|2|3,6.261|3.637|0.616,7,0,3
1790905965290439072,Nicolas,c3dede373fd3,1.328,3,e13de92eb02a|a8f93cb2e773|9f1ed7cefa8c,Vania|Nahim|Sebastian,4|2|3,6.461|3.837|0.815,7,0,3
1790905965490289568,Nicolas,c3dede373fd3,1.528,3,e13de92eb02a|a8f93cb2e773|9f1ed7cefa8c,Vania|Nahim|Sebastian,4|2|3,6.661|4.037|1.015,7,0,3
1790905965690627680,Nicolas,c3dede373fd3,1.728,3,e13de92eb02a|a8f93cb2e773|9f1ed7cefa8c,Vania|Nahim|Sebastian,4|2|3,6.861|4.237|1.215,7,0,3
1790905965889919296,Nicolas,c3dede373fd3,1.927,3,e13de92eb02a|a8f93cb2e773|9f1ed7cefa8c,Vania|Nahim|Sebastian,4|2|3,7.061|4.437|1.415,7,0,3
1790905966090240928,Nicolas,c3dede373fd3,2.127,3,e13de92eb02a|a8f93cb2e773|9f1ed7cefa8c,Vania|Nahim|Sebastian,4|2|3,7.261|4.637|1.615,7,0,3
1790905966290408448,Nicolas,c3dede373fd3,2.328,3,e13de92eb02a|a8f93cb2e773|9f1ed7cefa8c,Vania|Nahim|Sebastian,4|2|3,7.461|4.837|1.815,7,0,3
1790905966490343968,Nicolas,c3dede373fd3,2.528,3,e13de92eb02a|a8f93cb2e773|9f1ed7cefa8c,Vania|Nahim|Sebastian,4|2|3,7.661|5.037|2.015,7,0,3
1790905966690079776,Nicolas,c3dede373fd3,2.727,3,e13de92eb02a|a8f93cb2e773|9f1ed7cefa8c,Vania|Nahim|Sebastian,4|2|3,7.861|5.237|2.215,7,0,3
1790905966890410016,Nicolas,c3dede373fd3,2.928,3,e13de92eb02a|a8f93cb2e773|9f1ed7cefa8c,Vania|Nahim|Sebastian,4|2|3,8.061|5.437|2.415,7,0,3
1790905967089943392,Vania,e13de92eb02a,0.107,2,a8f93cb2e773|9f1ed7cefa8c,Nahim|Sebastian,2|3,5.637|2.615,7,0,4
1790905967290755008,Vania,e13de92eb02a,0.308,2,a8f93cb2e773|9f1ed7cefa8c,Nahim|Sebastian,2|3,5.838|2.816,7,0,4
1790905967491152320,Vania,e13de92eb02a,0.508,2,a8f93cb2e773|9f1ed7cefa8c,Nahim|Sebastian,2|3,6.038|3.016,7,0,4
1790905967690345216,Vania,e13de92eb02a,0.707,3,a8f93cb2e773|9f1ed7cefa8c|0786b758dcf8,Nahim|Sebastian|Nicolas,2|3|1,6.237|3.215|0.193,8,0,4
1790905967890299072,Vania,e13de92eb02a,0.907,3,a8f93cb2e773|9f1ed7cefa8c|0786b758dcf8,Nahim|Sebastian|Nicolas,2|3|1,6.437|3.415|0.393,8,0,4
1790905968090403264,Vania,e13de92eb02a,1.107,3,a8f93cb2e773|9f1ed7cefa8c|0786b758dcf8,Nahim|Sebastian|Nicolas,2|3|1,6.637|3.615|0.593,8,0,4
1790905968289952736,Vania,e13de92eb02a,1.307,3,a8f93cb2e773|9f1ed7cefa8c|0786b758dcf8,Nahim|Sebastian|Nicolas,2|3|1,6.837|3.815|0.792,8,0,4
1790905968489987296,Vania,e13de92eb02a,1.507,3,a8f93cb2e773|9f1ed7cefa8c|0786b758dcf8,Nahim|Sebastian|Nicolas,2|3|1,7.037|4.015|0.993,8,0,4
1790905968690421664,Vania,e13de92eb02a,1.707,3,a8f93cb2e773|9f1ed7cefa8c|0786b758dcf8,Nahim|Sebastian|Nicolas,2|3|1,7.237|4.215|1.193,8,0,4
1790905968890472800,Vania,e13de92eb02a,1.907,3,a8f93cb2e773|9f1ed7cefa8c|0786b758dcf8,Nahim|Sebastian|Nicolas,2|3|1,7.437|4.415|1.393,8,0,4
1790905969090376352,Vania,e13de92eb02a,2.107,3,a8f93cb2e773|9f1ed7cefa8c|0786b758dcf8,Nahim|Sebastian|Nicolas,2|3|1,7.637|4.615|1.593,8,0,4
1790905969290575808,Vania,e13de92eb02a,2.307,3,a8f93cb2e773|9f1ed7cefa8c|0786b758dcf8,Nahim|Sebastian|Nicolas,2|3|1,7.837|4.816|1.793,8,0,4
1790905969489844768,Vania,e13de92eb02a,2.507,3,a8f93cb2e773|9f1ed7cefa8c|0786b758dcf8,Nahim|Sebastian|Nicolas,2|3|1,8.037|5.015|1.992,8,0,4
1790905969690302208,Vania,e13de92eb02a,2.707,3,a8f93cb2e773|9f1ed7cefa8c|0786b758dcf8,Nahim|Sebastian|Nicolas,2|3|1,8.237|5.215|2.193,8,0,4
1790905969890325216,Vania,e13de92eb02a,2.907,3,a8f93cb2e773|9f1ed7cefa8c|0786b758dcf8,Nahim|Sebastian|Nicolas,2|3|1,8.437|5.415|2.393,8,0,4
1790905970090704064,Nahim,a8f93cb2e773,0.083,2,9f1ed7cefa8c|0786b758dcf8,Sebastian|Nicolas,3|1,5.615|2.593,8,0,5
1790905970290486624,Nahim,a8f93cb2e773,0.283,2,9f1ed7cefa8c|0786b758dcf8,Sebastian|Nicolas,3|1,5.815|2.792,8,0,5
1790905970490394240,Nahim,a8f93cb2e773,0.483,2,9f1ed7cefa8c|0786b758dcf8,Sebastian|Nicolas,3|1,6.015|2.993,8,0,5
1790905970689832544,Nahim,a8f93cb2e773,0.683,3,9f1ed7cefa8c|0786b758dcf8|327d12d8c876,Sebastian|Nicolas|Vania,3|1|4,6.215|3.192|0.169,9,0,5
1790905970890422144,Nahim,a8f93cb2e773,0.883,3,9f1ed7cefa8c|0786b758dcf8|327d12d8c876,Sebastian|Nicolas|Vania,3|1|4,6.415|3.393|0.370,9,0,5
1790905971090348128,Nahim,a8f93cb2e773,1.083,3,9f1ed7cefa8c|0786b758dcf8|327d12d8c876,Sebastian|Nicolas|Vania,3|1|4,6.615|3.593|0.570,9,0,5
1790905971290281792,Nahim,a8f93cb2e773,1.283,3,9f1ed7cefa8c|0786b758dcf8|327d12d8c876,Sebastian|Nicolas|Vania,3|1|4,6.815|3.793|0.770,9,0,5
1790905971490430080,Nahim,a8f93cb2e773,1.483,3,9f1ed7cefa8c|0786b758dcf8|327d12d8c876,Sebastian|Nicolas|Vania,3|1|4,7.015|3.993|0.970,9,0,5
1790905971690418816,Nahim,a8f93cb2e773,1.683,3,9f1ed7cefa8c|0786b758dcf8|327d12d8c876,Sebastian|Nicolas|Vania,3|1|4,7.215|4.193|1.170,9,0,5
1790905971889836832,Nahim,a8f93cb2e773,1.883,3,9f1ed7cefa8c|0786b758dcf8|327d12d8c876,Sebastian|Nicolas|Vania,3|1|4,7.415|4.392|1.369,9,0,5
1790905972090373920,Nahim,a8f93cb2e773,2.083,3,9f1ed7cefa8c|0786b758dcf8|327d12d8c876,Sebastian|Nicolas|Vania,3|1|4,7.615|4.593|1.570,9,0,5
1790905972290227872,Nahim,a8f93cb2e773,2.283,3,9f1ed7cefa8c|0786b758dcf8|327d12d8c876,Sebastian|Nicolas|Vania,3|1|4,7.815|4.793|1.769,9,0,5
1790905972489855296,Nahim,a8f93cb2e773,2.483,3,9f1ed7cefa8c|0786b758dcf8|327d12d8c876,Sebastian|Nicolas|Vania,3|1|4,8.015|4.992|1.969,9,0,5
1790905972690542976,Nahim,a8f93cb2e773,2.683,3,9f1ed7cefa8c|0786b758dcf8|327d12d8c876,Sebastian|Nicolas|Vania,3|1|4,8.215|5.193|2.170,9,0,5
1790905972889835584,Nahim,a8f93cb2e773,2.883,3,9f1ed7cefa8c|0786b758dcf8|327d12d8c876,Sebastian|Nicolas|Vania,3|1|4,8.415|5.392|2.369,9,0,5
1790905973089792224,Sebastian,9f1ed7cefa8c,0.062,2,0786b758dcf8|327d12d8c876,Nicolas|Vania,1|4,5.592|2.569,9,0,6
1790905973290153792,Sebastian,9f1ed7cefa8c,0.262,2,0786b758dcf8|327d12d8c876,Nicolas|Vania,1|4,5.792|2.769,9,0,6
1790905973490697504,Sebastian,9f1ed7cefa8c,0.462,2,0786b758dcf8|327d12d8c876,Nicolas|Vania,1|4,5.993|2.970,9,0,6
1790905973690575584,Sebastian,9f1ed7cefa8c,0.662,3,0786b758dcf8|327d12d8c876|cbea658dbe6c,Nicolas|Vania|Nahim,1|4|2,6.193|3.170|0.156,10,0,6
1790905973890408672,Sebastian,9f1ed7cefa8c,0.862,3,0786b758dcf8|327d12d8c876|cbea658dbe6c,Nicolas|Vania|Nahim,1|4|2,6.393|3.370|0.356,10,0,6
1790905974090359616,Sebastian,9f1ed7cefa8c,1.062,3,0786b758dcf8|327d12d8c876|cbea658dbe6c,Nicolas|Vania|Nahim,1|4|2,6.593|3.570|0.556,10,0,6
1790905974290627808,Sebastian,9f1ed7cefa8c,1.263,3,0786b758dcf8|327d12d8c876|cbea658dbe6c,Nicolas|Vania|Nahim,1|4|2,6.793|3.770|0.756,10,0,6
1790905974490896608,Sebastian,9f1ed7cefa8c,1.463,3,0786b758dcf8|327d12d8c876|cbea658dbe6c,Nicolas|Vania|Nahim,1|4|2,6.993|3.970|0.956,10,0,6
1790905974690408800,Sebastian,9f1ed7cefa8c,1.662,3,0786b758dcf8|327d12d8c876|cbea658dbe6c,Nicolas|Vania|Nahim,1|4|2,7.193|4.170|1.156,10,0,6
1790905974890360064,Sebastian,9f1ed7cefa8c,1.862,3,0786b758dcf8|327d12d8c876|cbea658dbe6c,Nicolas|Vania|Nahim,1|4|2,7.393|4.370|1.356,10,0,6
1790905975090365792,Sebastian,9f1ed7cefa8c,2.062,3,0786b758dcf8|327d12d8c876|cbea658dbe6c,Nicolas|Vania|Nahim,1|4|2,7.593|4.570|1.556,10,0,6
1790905975290355584,Sebastian,9f1ed7cefa8c,2.262,3,0786b758dcf8|327d12d8c876|cbea658dbe6c,Nicolas|Vania|Nahim,1|4|2,7.793|4.770|1.756,10,0,6
1790905975490085248,Sebastian,9f1ed7cefa8c,2.462,3,0786b758dcf8|327d12d8c876|cbea658dbe6c,Nicolas|Vania|Nahim,1|4|2,7.992|4.969|1.955,10,0,6
1790905975690411968,Sebastian,9f1ed7cefa8c,2.662,3,0786b758dcf8|327d12d8c876|cbea658dbe6c,Nicolas|Vania|Nahim,1|4|2,8.193|5.170|2.156,10,0,6
1790905975891001728,Sebastian,9f1ed7cefa8c,2.863,3,0786b758dcf8|327d12d8c876|cbea658dbe6c,Nicolas|Vania|Nahim,1|4|2,8.393|5.370|2.356,10,0,6
1790905976090233824,Nicolas,0786b758dcf8,0.044,2,327d12d8c876|cbea658dbe6c,Vania|Nahim,4|2,5.569|2.556,10,0,7
1790905976289784544,Nicolas,0786b758dcf8,0.243,2,327d12d8c876|cbea658dbe6c,Vania|Nahim,4|2,5.769|2.755,10,0,7
1790905976490356960,Nicolas,0786b758dcf8,0.444,2,327d12d8c876|cbea658dbe6c,Vania|Nahim,4|2,5.970|2.956,10,0,7
1790905976689677408,Nicolas,0786b758dcf8,0.643,3,327d12d8c876|cbea658dbe6c|34127a7601df,Vania|Nahim|Sebastian,4|2|3,6.169|3.155|0.132,11,0,7
1790905976890327584,Nicolas,0786b758dcf8,0.844,3,327d12d8c876|cbea658dbe6c|34127a7601df,Vania|Nahim|Sebastian,4|2|3,6.370|3.356|0.332,11,0,7
1790905977089725056,Nicolas,0786b758dcf8,1.043,3,327d12d8c876|cbea658dbe6c|34127a7601df,Vania|Nahim|Sebastian,4|2|3,6.569|3.555|0.532,11,0,7
1790905977290336704,Nicolas,0786b758dcf8,1.244,3,327d12d8c876|cbea658dbe6c|34127a7601df,Vania|Nahim|Sebastian,4|2|3,6.770|3.756|0.732,11,0,7
1790905977490398624,Nicolas,0786b758dcf8,1.444,3,327d12d8c876|cbea658dbe6c|34127a7601df,Vania|Nahim|Sebastian,4|2|3,6.970|3.956|0.932,11,0,7
1790905977690423136,Nicolas,0786b758dcf8,1.644,3,327d12d8c876|cbea658dbe6c|34127a7601df,Vania|Nahim|Sebastian,4|2|3,7.170|4.156|1.133,11,0,7
1790905977889874464,Nicolas,0786b758dcf8,1.843,3,327d12d8c876|cbea658dbe6c|34127a7601df,Vania|Nahim|Sebastian,4|2|3,7.369|4.355|1.332,11,0,7
1790905978090364864,Nicolas,0786b758dcf8,2.044,3,327d12d8c876|cbea658dbe6c|34127a7601df,Vania|Nahim|Sebastian,4|2|3,7.570|4.556|1.532,11,0,7
1790905978290318912,Nicolas,0786b758dcf8,2.244,3,327d12d8c876|cbea658dbe6c|34127a7601df,Vania|Nahim|Sebastian,4|2|3,7.770|4.756|1.732,11,0,7
1790905978490241888,Nicolas,0786b758dcf8,2.444,3,327d12d8c876|cbea658dbe6c|34127a7601df,Vania|Nahim|Sebastian,4|2|3,7.969|4.956|1.932,11,0,7
1790905978690330240,Nicolas,0786b758dcf8,2.644,3,327d12d8c876|cbea658dbe6c|34127a7601df,Vania|Nahim|Sebastian,4|2|3,8.170|5.156|2.132,11,0,7
1790905978889827104,Nicolas,0786b758dcf8,2.843,3,327d12d8c876|cbea658dbe6c|34127a7601df,Vania|Nahim|Sebastian,4|2|3,8.369|5.355|2.332,11,0,7
1790905979089721568,Vania,327d12d8c876,0.023,2,cbea658dbe6c|34127a7601df,Nahim|Sebastian,2|3,5.555|2.532,11,0,8
1790905979290505632,Vania,327d12d8c876,0.223,2,cbea658dbe6c|34127a7601df,Nahim|Sebastian,2|3,5.756|2.733,11,0,8
1790905979490255776,Vania,327d12d8c876,0.423,2,cbea658dbe6c|34127a7601df,Nahim|Sebastian,2|3,5.956|2.932,11,0,8
1790905979690236416,Vania,327d12d8c876,0.623,3,cbea658dbe6c|34127a7601df|63f22d6982d7,Nahim|Sebastian|Nicolas,2|3|1,6.156|3.132|0.115,12,0,8
1790905979890339648,Vania,327d12d8c876,0.823,3,cbea658dbe6c|34127a7601df|63f22d6982d7,Nahim|Sebastian|Nicolas,2|3|1,6.356|3.332|0.315,12,0,8
1790905980090329568,Vania,327d12d8c876,1.023,3,cbea658dbe6c|34127a7601df|63f22d6982d7,Nahim|Sebastian|Nicolas,2|3|1,6.556|3.532|0.515,12,0,8
1790905980290039584,Vania,327d12d8c876,1.223,3,cbea658dbe6c|34127a7601df|63f22d6982d7,Nahim|Sebastian|Nicolas,2|3|1,6.755|3.732|0.715,12,0,8
1790905980490420032,Vania,327d12d8c876,1.423,3,cbea658dbe6c|34127a7601df|63f22d6982d7,Nahim|Sebastian|Nicolas,2|3|1,6.956|3.932|0.916,12,0,8
1790905980690407008,Vania,327d12d8c876,1.623,3,cbea658dbe6c|34127a7601df|63f22d6982d7,Nahim|Sebastian|Nicolas,2|3|1,7.156|4.132|1.116,12,0,8
1790905980890256064,Vania,327d12d8c876,1.823,3,cbea658dbe6c|34127a7601df|63f22d6982d7,Nahim|Sebastian|Nicolas,2|3|1,7.356|4.332|1.315,12,0,8
1790905981090470496,Vania,327d12d8c876,2.023,3,cbea658dbe6c|34127a7601df|63f22d6982d7,Nahim|Sebastian|Nicolas,2|3|1,7.556|4.533|1.516,12,0,8
1790905981290386624,Vania,327d12d8c876,2.223,3,cbea658dbe6c|34127a7601df|63f22d6982d7,Nahim|Sebastian|Nicolas,2|3|1,7.756|4.732|1.716,12,0,8
1790905981489694112,Vania,327d12d8c876,2.422,3,cbea658dbe6c|34127a7601df|63f22d6982d7,Nahim|Sebastian|Nicolas,2|3|1,7.955|4.932|1.915,12,0,8
1790905981690404576,Vania,327d12d8c876,2.623,3,cbea658dbe6c|34127a7601df|63f22d6982d7,Nahim|Sebastian|Nicolas,2|3|1,8.156|5.132|2.116,12,0,8
1790905981890432352,Vania,327d12d8c876,2.823,3,cbea658dbe6c|34127a7601df|63f22d6982d7,Nahim|Sebastian|Nicolas,2|3|1,8.356|5.333|2.316,12,0,8
1790905982093024672,Nahim,cbea658dbe6c,0.006,2,34127a7601df|63f22d6982d7,Sebastian|Nicolas,3|1,5.535|2.518,12,0,9
1790905982290656000,Nahim,cbea658dbe6c,0.203,2,34127a7601df|63f22d6982d7,Sebastian|Nicolas,3|1,5.733|2.716,12,0,9
1790905982490404896,Nahim,cbea658dbe6c,0.403,2,34127a7601df|63f22d6982d7,Sebastian|Nicolas,3|1,5.932|2.916,12,0,9
1790905982689699872,Nahim,cbea658dbe6c,0.602,3,34127a7601df|63f22d6982d7|78577e45237b,Sebastian|Nicolas|Vania,3|1|4,6.132|3.115|0.092,13,0,9
1790905982890539456,Nahim,cbea658dbe6c,0.803,3,34127a7601df|63f22d6982d7|78577e45237b,Sebastian|Nicolas|Vania,3|1|4,6.333|3.316|0.293,13,0,9
1790905983090677248,Nahim,cbea658dbe6c,1.003,3,34127a7601df|63f22d6982d7|78577e45237b,Sebastian|Nicolas|Vania,3|1|4,6.533|3.516|0.493,13,0,9
1790905983290137728,Nahim,cbea658dbe6c,1.203,3,34127a7601df|63f22d6982d7|78577e45237b,Sebastian|Nicolas|Vania,3|1|4,6.732|3.715|0.692,13,0,9
1790905983490654592,Nahim,cbea658dbe6c,1.403,3,34127a7601df|63f22d6982d7|78577e45237b,Sebastian|Nicolas|Vania,3|1|4,6.932|3.915|0.893,13,0,9
1790905983690308576,Nahim,cbea658dbe6c,1.603,3,34127a7601df|63f22d6982d7|78577e45237b,Sebastian|Nicolas|Vania,3|1|4,7.132|4.115|1.093,13,0,9
1790905983890088096,Nahim,cbea658dbe6c,1.802,3,34127a7601df|63f22d6982d7|78577e45237b,Sebastian|Nicolas|Vania,3|1|4,7.332|4.315|1.292,13,0,9
1790905984089679488,Nahim,cbea658dbe6c,2.002,3,34127a7601df|63f22d6982d7|78577e45237b,Sebastian|Nicolas|Vania,3|1|4,7.532|4.515|1.492,13,0,9
1790905984290322688,Nahim,cbea658dbe6c,2.203,3,34127a7601df|63f22d6982d7|78577e45237b,Sebastian|Nicolas|Vania,3|1|4,7.732|4.715|1.693,13,0,9
1790905984490437728,Nahim,cbea658dbe6c,2.403,3,34127a7601df|63f22d6982d7|78577e45237b,Sebastian|Nicolas|Vania,3|1|4,7.932|4.916|1.893,13,0,9
1790905984690312096,Nahim,cbea658dbe6c,2.603,3,34127a7601df|63f22d6982d7|78577e45237b,Sebastian|Nicolas|Vania,3|1|4,8.132|5.115|2.093,13,0,9
1790905984890575008,Nahim,cbea658dbe6c,2.803,3,34127a7601df|63f22d6982d7|78577e45237b,Sebastian|Nicolas|Vania,3|1|4,8.333|5.316|2.293,13,0,9
1790905985089876416,Nahim,cbea658dbe6c,3.002,3,34127a7601df|63f22d6982d7|78577e45237b,Sebastian|Nicolas|Vania,3|1|4,8.532|5.515|2.492,13,0,9
1790905985290286816,Sebastian,34127a7601df,0.184,2,63f22d6982d7|78577e45237b,Nicolas|Vania,1|4,5.715|2.693,13,0,10
1790905985490478240,Sebastian,34127a7601df,0.384,2,63f22d6982d7|78577e45237b,Nicolas|Vania,1|4,5.915|2.892,13,0,10
1790905985690254496,Sebastian,34127a7601df,0.584,3,63f22d6982d7|78577e45237b|e12bed890766,Nicolas|Vania|Nahim,1|4|2,6.115|3.092|0.074,14,0,10
1790905985890237632,Sebastian,34127a7601df,0.784,3,63f22d6982d7|78577e45237b|e12bed890766,Nicolas|Vania|Nahim,1|4|2,6.316|3.293|0.274,14,0,10
1790905986090272416,Sebastian,34127a7601df,0.984,3,63f22d6982d7|78577e45237b|e12bed890766,Nicolas|Vania|Nahim,1|4|2,6.515|3.493|0.474,14,0,10
1790905986290466720,Sebastian,34127a7601df,1.184,3,63f22d6982d7|78577e45237b|e12bed890766,Nicolas|Vania|Nahim,1|4|2,6.715|3.692|0.674,14,0,10
1790905986490310752,Sebastian,34127a7601df,1.384,3,63f22d6982d7|78577e45237b|e12bed890766,Nicolas|Vania|Nahim,1|4|2,6.915|3.893|0.874,14,0,10
1790905986689700992,Sebastian,34127a7601df,1.584,3,63f22d6982d7|78577e45237b|e12bed890766,Nicolas|Vania|Nahim,1|4|2,7.115|4.092|1.073,14,0,10
1790905986890330624,Sebastian,34127a7601df,1.784,3,63f22d6982d7|78577e45237b|e12bed890766,Nicolas|Vania|Nahim,1|4|2,7.315|4.293|1.274,14,0,10
1790905987090706112,Sebastian,34127a7601df,1.985,3,63f22d6982d7|78577e45237b|e12bed890766,Nicolas|Vania|Nahim,1|4|2,7.516|4.493|1.474,14,0,10
1790905987290303232,Sebastian,34127a7601df,2.184,3,63f22d6982d7|78577e45237b|e12bed890766,Nicolas|Vania|Nahim,1|4|2,7.715|4.693|1.674,14,0,10
1790905987490481312,Sebastian,34127a7601df,2.384,3,63f22d6982d7|78577e45237b|e12bed890766,Nicolas|Vania|Nahim,1|4|2,7.916|4.893|1.874,14,0,10
1790905987690285952,Sebastian,34127a7601df,2.584,3,63f22d6982d7|78577e45237b|e12bed890766,Nicolas|Vania|Nahim,1|4|2,8.115|5.093|2.074,14,0,10
1790905987890299168,Sebastian,34127a7601df,2.784,3,63f22d6982d7|78577e45237b|e12bed890766,Nicolas|Vania|Nahim,1|4|2,8.315|5.293|2.274,14,0,10
1790905988090249568,Sebastian,34127a7601df,2.984,3,63f22d6982d7|78577e45237b|e12bed890766,Nicolas|Vania|Nahim,1|4|2,8.515|5.493|2.474,14,0,10
1790905988290416032,Nicolas,63f22d6982d7,0.165,2,78577e45237b|e12bed890766,Vania|Nahim,4|2,5.693|2.674,14,0,11
1790905988490017504,Nicolas,63f22d6982d7,0.365,2,78577e45237b|e12bed890766,Vania|Nahim,4|2,5.892|2.873,14,0,11
1790905988690369216,Nicolas,63f22d6982d7,0.565,3,78577e45237b|e12bed890766|b6f0dcaaba20,Vania|Nahim|Sebastian,4|2|3,6.093|3.074|0.055,15,0,11
1790905988889921312,Nicolas,63f22d6982d7,0.765,3,78577e45237b|e12bed890766|b6f0dcaaba20,Vania|Nahim|Sebastian,4|2|3,6.292|3.273|0.254,15,0,11
1790905989090321856,Nicolas,63f22d6982d7,0.965,3,78577e45237b|e12bed890766|b6f0dcaaba20,Vania|Nahim|Sebastian,4|2|3,6.493|3.474|0.455,15,0,11
1790905989289633568,Nicolas,63f22d6982d7,1.165,3,78577e45237b|e12bed890766|b6f0dcaaba20,Vania|Nahim|Sebastian,4|2|3,6.692|3.673|0.654,15,0,11
1790905989490355456,Nicolas,63f22d6982d7,1.365,3,78577e45237b|e12bed890766|b6f0dcaaba20,Vania|Nahim|Sebastian,4|2|3,6.893|3.874|0.855,15,0,11
1790905989690062752,Nicolas,63f22d6982d7,1.565,3,78577e45237b|e12bed890766|b6f0dcaaba20,Vania|Nahim|Sebastian,4|2|3,7.092|4.073|1.054,15,0,11
1790905989890326400,Nicolas,63f22d6982d7,1.765,3,78577e45237b|e12bed890766|b6f0dcaaba20,Vania|Nahim|Sebastian,4|2|3,7.293|4.274|1.255,15,0,11
1790905990089820512,Nicolas,63f22d6982d7,1.965,3,78577e45237b|e12bed890766|b6f0dcaaba20,Vania|Nahim|Sebastian,4|2|3,7.492|4.473|1.454,15,0,11
1790905990290277760,Nicolas,63f22d6982d7,2.165,3,78577e45237b|e12bed890766|b6f0dcaaba20,Vania|Nahim|Sebastian,4|2|3,7.693|4.674|1.655,15,0,11
1790905990490316960,Nicolas,63f22d6982d7,2.365,3,78577e45237b|e12bed890766|b6f0dcaaba20,Vania|Nahim|Sebastian,4|2|3,7.893|4.874|1.855,15,0,11
1790905990690310848,Nicolas,63f22d6982d7,2.565,3,78577e45237b|e12bed890766|b6f0dcaaba20,Vania|Nahim|Sebastian,4|2|3,8.093|5.074|2.055,15,0,11
1790905990890248576,Nicolas,63f22d6982d7,2.765,3,78577e45237b|e12bed890766|b6f0dcaaba20,Vania|Nahim|Sebastian,4|2|3,8.292|5.273|2.254,15,0,11
1790905991090406656,Nicolas,63f22d6982d7,2.965,3,78577e45237b|e12bed890766|b6f0dcaaba20,Vania|Nahim|Sebastian,4|2|3,8.493|5.474|2.455,15,0,11
1790905991290454880,Vania,78577e45237b,0.147,2,e12bed890766|b6f0dcaaba20,Nahim|Sebastian,2|3,5.674|2.655,15,0,12
1790905991490354304,Vania,78577e45237b,0.347,2,e12bed890766|b6f0dcaaba20,Nahim|Sebastian,2|3,5.874|2.855,15,0,12
1790905991690116256,Vania,78577e45237b,0.547,3,e12bed890766|b6f0dcaaba20|aaf00d8efbfe,Nahim|Sebastian|Nicolas,2|3|1,6.073|3.054|0.034,16,0,12
1790905991890449952,Vania,78577e45237b,0.747,3,e12bed890766|b6f0dcaaba20|aaf00d8efbfe,Nahim|Sebastian|Nicolas,2|3|1,6.274|3.255|0.235,16,0,12
1790905992090627808,Vania,78577e45237b,0.948,3,e12bed890766|b6f0dcaaba20|aaf00d8efbfe,Nahim|Sebastian|Nicolas,2|3|1,6.474|3.455|0.435,16,0,12
1790905992290408544,Vania,78577e45237b,1.147,3,e12bed890766|b6f0dcaaba20|aaf00d8efbfe,Nahim|Sebastian|Nicolas,2|3|1,6.674|3.655|0.634,16,0,12
1790905992490998112,Vania,78577e45237b,1.348,3,e12bed890766|b6f0dcaaba20|aaf00d8efbfe,Nahim|Sebastian|Nicolas,2|3|1,6.874|3.855|0.835,16,0,12
1790905992690034752,Vania,78577e45237b,1.547,3,e12bed890766|b6f0dcaaba20|aaf00d8efbfe,Nahim|Sebastian|Nicolas,2|3|1,7.073|4.054|1.034,16,0,12
1790905992890522880,Vania,78577e45237b,1.747,3,e12bed890766|b6f0dcaaba20|aaf00d8efbfe,Nahim|Sebastian|Nicolas,2|3|1,7.274|4.255|1.235,16,0,12
1790905993090370816,Vania,78577e45237b,1.947,3,e12bed890766|b6f0dcaaba20|aaf00d8efbfe,Nahim|Sebastian|Nicolas,2|3|1,7.474|4.455|1.434,16,0,12
1790905993290816608,Vania,78577e45237b,2.147,3,e12bed890766|b6f0dcaaba20|aaf00d8efbfe,Nahim|Sebastian|Nicolas,2|3|1,7.674|4.655|1.634,16,0,12
1790905993490374560,Vania,78577e45237b,2.347,3,e12bed890766|b6f0dcaaba20|aaf00d8efbfe,Nahim|Sebastian|Nicolas,2|3|1,7.874|4.855|1.834,16,0,12
1790905993690396160,Vania,78577e45237b,2.547,3,e12bed890766|b6f0dcaaba20|aaf00d8efbfe,Nahim|Sebastian|Nicolas,2|3|1,8.074|5.055|2.034,16,0,12
1790905993890253984,Vania,78577e45237b,2.747,3,e12bed890766|b6f0dcaaba20|aaf00d8efbfe,Nahim|Sebastian|Nicolas,2|3|1,8.274|5.255|2.234,16,0,12
1790905994089882432,Vania,78577e45237b,2.947,3,e12bed890766|b6f0dcaaba20|aaf00d8efbfe,Nahim|Sebastian|Nicolas,2|3|1,8.473|5.454|2.434,16,0,12
1790905994290368992,Nahim,e12bed890766,0.127,2,b6f0dcaaba20|aaf00d8efbfe,Sebastian|Nicolas,3|1,5.655|2.634,16,0,13
1790905994489630240,Nahim,e12bed890766,0.326,2,b6f0dcaaba20|aaf00d8efbfe,Sebastian|Nicolas,3|1,5.854|2.834,16,0,13
1790905994690048032,Nahim,e12bed890766,0.527,3,b6f0dcaaba20|aaf00d8efbfe|708b886bebab,Sebastian|Nicolas|Vania,3|1|4,6.054|3.034|0.015,17,0,13
1790905994890292288,Nahim,e12bed890766,0.727,3,b6f0dcaaba20|aaf00d8efbfe|708b886bebab,Sebastian|Nicolas|Vania,3|1|4,6.255|3.234|0.216,17,0,13
1790905995090362464,Nahim,e12bed890766,0.927,3,b6f0dcaaba20|aaf00d8efbfe|708b886bebab,Sebastian|Nicolas|Vania,3|1|4,6.455|3.434|0.416,17,0,13
1790905995290436512,Nahim,e12bed890766,1.127,3,b6f0dcaaba20|aaf00d8efbfe|708b886bebab,Sebastian|Nicolas|Vania,3|1|4,6.655|3.634|0.616,17,0,13
1790905995490507776,Nahim,e12bed890766,1.327,3,b6f0dcaaba20|aaf00d8efbfe|708b886bebab,Sebastian|Nicolas|Vania,3|1|4,6.855|3.834|0.816,17,0,13
1790905995689890240,Nahim,e12bed890766,1.527,3,b6f0dcaaba20|aaf00d8efbfe|708b886bebab,Sebastian|Nicolas|Vania,3|1|4,7.054|4.034|1.015,17,0,13
1790905995890300224,Nahim,e12bed890766,1.727,3,b6f0dcaaba20|aaf00d8efbfe|708b886bebab,Sebastian|Nicolas|Vania,3|1|4,7.254|4.234|1.215,17,0,13
1790905996090426464,Nahim,e12bed890766,1.927,3,b6f0dcaaba20|aaf00d8efbfe|708b886bebab,Sebastian|Nicolas|Vania,3|1|4,7.455|4.434|1.416,17,0,13
1790905996289887744,Nahim,e12bed890766,2.127,3,b6f0dcaaba20|aaf00d8efbfe|708b886bebab,Sebastian|Nicolas|Vania,3|1|4,7.654|4.634|1.615,17,0,13
1790905996490411328,Nahim,e12bed890766,2.327,3,b6f0dcaaba20|aaf00d8efbfe|708b886bebab,Sebastian|Nicolas|Vania,3|1|4,7.855|4.834|1.816,17,0,13
1790905996690707744,Nahim,e12bed890766,2.528,3,b6f0dcaaba20|aaf00d8efbfe|708b886bebab,Sebastian|Nicolas|Vania,3|1|4,8.055|5.035|2.016,17,0,13
1790905996889729152,Nahim,e12bed890766,2.727,3,b6f0dcaaba20|aaf00d8efbfe|708b886bebab,Sebastian|Nicolas|Vania,3|1|4,8.254|5.234|2.215,17,0,13
1790905997090514496,Nahim,e12bed890766,2.927,3,b6f0dcaaba20|aaf00d8efbfe|708b886bebab,Sebastian|Nicolas|Vania,3|1|4,8.455|5.435|2.416,17,0,13
1790905997290411648,Sebastian,b6f0dcaaba20,0.107,2,aaf00d8efbfe|708b886bebab,Nicolas|Vania,1|4,5.634|2.616,17,0,14
1790905997490188256,Sebastian,b6f0dcaaba20,0.307,2,aaf00d8efbfe|708b886bebab,Nicolas|Vania,1|4,5.834|2.816,17,0,14
1790905997691289760,Sebastian,b6f0dcaaba20,0.508,2,aaf00d8efbfe|708b886bebab,Nicolas|Vania,1|4,6.036|3.017,17,0,14
1790905997890379488,Sebastian,b6f0dcaaba20,0.707,3,aaf00d8efbfe|708b886bebab|719bf16ad6c4,Nicolas|Vania|Nahim,1|4|2,6.234|3.216|0.196,18,0,14
1790905998090179168,Sebastian,b6f0dcaaba20,0.907,3,aaf00d8efbfe|708b886bebab|719bf16ad6c4,Nicolas|Vania|Nahim,1|4|2,6.434|3.415|0.396,18,0,14
1790905998290624992,Sebastian,b6f0dcaaba20,1.107,3,aaf00d8efbfe|708b886bebab|719bf16ad6c4,Nicolas|Vania|Nahim,1|4|2,6.635|3.616|0.596,18,0,14
1790905998490407168,Sebastian,b6f0dcaaba20,1.307,3,aaf00d8efbfe|708b886bebab|719bf16ad6c4,Nicolas|Vania|Nahim,1|4|2,6.834|3.816|0.796,18,0,14
1790905998690503584,Sebastian,b6f0dcaaba20,1.507,3,aaf00d8efbfe|708b886bebab|719bf16ad6c4,Nicolas|Vania|Nahim,1|4|2,7.034|4.016|0.996,18,0,14
1790905998890372704,Sebastian,b6f0dcaaba20,1.707,3,aaf00d8efbfe|708b886bebab|719bf16ad6c4,Nicolas|Vania|Nahim,1|4|2,7.234|4.216|1.196,18,0,14
1790905999090491168,Sebastian,b6f0dcaaba20,1.907,3,aaf00d8efbfe|708b886bebab|719bf16ad6c4,Nicolas|Vania|Nahim,1|4|2,7.434|4.416|1.396,18,0,14
1790905999289979040,Sebastian,b6f0dcaaba20,2.107,3,aaf00d8efbfe|708b886bebab|719bf16ad6c4,Nicolas|Vania|Nahim,1|4|2,7.634|4.615|1.595,18,0,14
1790905999490508672,Sebastian,b6f0dcaaba20,2.307,3,aaf00d8efbfe|708b886bebab|719bf16ad6c4,Nicolas|Vania|Nahim,1|4|2,7.835|4.816|1.796,18,0,14
1790905999690385792,Sebastian,b6f0dcaaba20,2.507,3,aaf00d8efbfe|708b886bebab|719bf16ad6c4,Nicolas|Vania|Nahim,1|4|2,8.034|5.016|1.996,18,0,14
1790905999890328544,Sebastian,b6f0dcaaba20,2.707,3,aaf00d8efbfe|708b886bebab|719bf16ad6c4,Nicolas|Vania|Nahim,1|4|2,8.234|5.216|2.196,18,0,14
1790906000090419872,Sebastian,b6f0dcaaba20,2.907,3,aaf00d8efbfe|708b886bebab|719bf16ad6c4,Nicolas|Vania|Nahim,1|4|2,8.434|5.416|2.396,18,0,14
1790906000290210400,Nicolas,aaf00d8efbfe,0.082,2,708b886bebab|719bf16ad6c4,Vania|Nahim,4|2,5.616|2.596,18,0,15
1790906000489820928,Nicolas,aaf00d8efbfe,0.282,2,708b886bebab|719bf16ad6c4,Vania|Nahim,4|2,5.815|2.795,18,0,15
1790906000690258560,Nicolas,aaf00d8efbfe,0.482,2,708b886bebab|719bf16ad6c4,Vania|Nahim,4|2,6.016|2.996,18,0,15
1790906000890274784,Nicolas,aaf00d8efbfe,0.682,3,708b886bebab|719bf16ad6c4|fb2c354eff72,Vania|Nahim|Sebastian,4|2|3,6.216|3.196|0.170,19,0,15
1790906001090617504,Nicolas,aaf00d8efbfe,0.882,3,708b886bebab|719bf16ad6c4|fb2c354eff72,Vania|Nahim|Sebastian,4|2|3,6.416|3.396|0.370,19,0,15
1790906001290441152,Nicolas,aaf00d8efbfe,1.082,3,708b886bebab|719bf16ad6c4|fb2c354eff72,Vania|Nahim|Sebastian,4|2|3,6.616|3.596|0.570,19,0,15
1790906001490311040,Nicolas,aaf00d8efbfe,1.282,3,708b886bebab|719bf16ad6c4|fb2c354eff72,Vania|Nahim|Sebastian,4|2|3,6.816|3.796|0.770,19,0,15
1790906001689849920,Nicolas,aaf00d8efbfe,1.482,3,708b886bebab|719bf16ad6c4|fb2c354eff72,Vania|Nahim|Sebastian,4|2|3,7.015|3.995|0.970,19,0,15
1790906001890449664,Nicolas,aaf00d8efbfe,1.682,3,708b886bebab|719bf16ad6c4|fb2c354eff72,Vania|Nahim|Sebastian,4|2|3,7.216|4.196|1.170,19,0,15
1790906002090393120,Nicolas,aaf00d8efbfe,1.882,3,708b886bebab|719bf16ad6c4|fb2c354eff72,Vania|Nahim|Sebastian,4|2|3,7.416|4.396|1.370,19,0,15
1790906002290476544,Nicolas,aaf00d8efbfe,2.082,3,708b886bebab|719bf16ad6c4|fb2c354eff72,Vania|Nahim|Sebastian,4|2|3,7.616|4.596|1.570,19,0,15
1790906002490461504,Nicolas,aaf00d8efbfe,2.282,3,708b886bebab|719bf16ad6c4|fb2c354eff72,Vania|Nahim|Sebastian,4|2|3,7.816|4.796|1.770,19,0,15
1790906002690417504,Nicolas,aaf00d8efbfe,2.482,3,708b886bebab|719bf16ad6c4|fb2c354eff72,Vania|Nahim|Sebastian,4|2|3,8.016|4.996|1.970,19,0,15
1790906002890313344,Nicolas,aaf00d8efbfe,2.682,3,708b886bebab|719bf16ad6c4|fb2c354eff72,Vania|Nahim|Sebastian,4|2|3,8.215|5.195|2.169,19,0,15
1790906003090564320,Nicolas,aaf00d8efbfe,2.882,3,708b886bebab|719bf16ad6c4|fb2c354eff72,Vania|Nahim|Sebastian,4|2|3,8.416|5.396|2.370,19,0,15
1790906003290016544,Vania,708b886bebab,0.063,2,719bf16ad6c4|fb2c354eff72,Nahim|Sebastian,2|3,5.596|2.570,19,0,16
1790906003490441280,Vania,708b886bebab,0.263,2,719bf16ad6c4|fb2c354eff72,Nahim|Sebastian,2|3,5.796|2.770,19,0,16
1790906003690205568,Vania,708b886bebab,0.463,2,719bf16ad6c4|fb2c354eff72,Nahim|Sebastian,2|3,5.996|2.970,19,0,16
1790906003890352608,Vania,708b886bebab,0.663,3,719bf16ad6c4|fb2c354eff72|bd30a693da9d,Nahim|Sebastian|Nicolas,2|3|1,6.196|3.170|0.148,20,0,16
1790906004090156128,Vania,708b886bebab,0.863,3,719bf16ad6c4|fb2c354eff72|bd30a693da9d,Nahim|Sebastian|Nicolas,2|3|1,6.396|3.370|0.348,20,0,16
1790906004290494624,Vania,708b886bebab,1.063,3,719bf16ad6c4|fb2c354eff72|bd30a693da9d,Nahim|Sebastian|Nicolas,2|3|1,6.596|3.570|0.549,20,0,16
1790906004490439968,Vania,708b886bebab,1.263,3,719bf16ad6c4|fb2c354eff72|bd30a693da9d,Nahim|Sebastian|Nicolas,2|3|1,6.796|3.770|0.749,20,0,16
1790906004690467008,Vania,708b886bebab,1.463,3,719bf16ad6c4|fb2c354eff72|bd30a693da9d,Nahim|Sebastian|Nicolas,2|3|1,6.996|3.970|0.949,20,0,16
1790906004890372640,Vania,708b886bebab,1.663,3,719bf16ad6c4|fb2c354eff72|bd30a693da9d,Nahim|Sebastian|Nicolas,2|3|1,7.196|4.170|1.148,20,0,16
1790906005090227264,Vania,708b886bebab,1.863,3,719bf16ad6c4|fb2c354eff72|bd30a693da9d,Nahim|Sebastian|Nicolas,2|3|1,7.396|4.370|1.348,20,0,16
1790906005289902528,Vania,708b886bebab,2.063,3,719bf16ad6c4|fb2c354eff72|bd30a693da9d,Nahim|Sebastian|Nicolas,2|3|1,7.595|4.569|1.548,20,0,16
1790906005489740288,Vania,708b886bebab,2.263,3,719bf16ad6c4|fb2c354eff72|bd30a693da9d,Nahim|Sebastian|Nicolas,2|3|1,7.795|4.769|1.748,20,0,16
1790906005690327008,Vania,708b886bebab,2.463,3,719bf16ad6c4|fb2c354eff72|bd30a693da9d,Nahim|Sebastian|Nicolas,2|3|1,7.996|4.970|1.948,20,0,16
1790906005890307392,Vania,708b886bebab,2.663,3,719bf16ad6c4|fb2c354eff72|bd30a693da9d,Nahim|Sebastian|Nicolas,2|3|1,8.196|5.170|2.148,20,0,16
1790906006090172032,Vania,708b886bebab,2.863,3,719bf16ad6c4|fb2c354eff72|bd30a693da9d,Nahim|Sebastian|Nicolas,2|3|1,8.395|5.369|2.348,20,0,16
1790906006290395392,Nahim,719bf16ad6c4,0.044,2,fb2c354eff72|bd30a693da9d,Sebastian|Nicolas,3|1,5.570|2.549,20,0,17
1790906006489784832,Nahim,719bf16ad6c4,0.243,2,fb2c354eff72|bd30a693da9d,Sebastian|Nicolas,3|1,5.769|2.748,20,0,17
1790906006690467584,Nahim,719bf16ad6c4,0.444,2,fb2c354eff72|bd30a693da9d,Sebastian|Nicolas,3|1,5.970|2.948,20,0,17
1790906006889871520,Nahim,719bf16ad6c4,0.643,3,fb2c354eff72|bd30a693da9d|1cfb558b8ce3,Sebastian|Nicolas|Vania,3|1|4,6.169|3.148|0.129,21,0,17
1790906007090435520,Nahim,719bf16ad6c4,0.844,3,fb2c354eff72|bd30a693da9d|1cfb558b8ce3,Sebastian|Nicolas|Vania,3|1|4,6.370|3.349|0.330,21,0,17
1790906007290426976,Nahim,719bf16ad6c4,1.044,3,fb2c354eff72|bd30a693da9d|1cfb558b8ce3,Sebastian|Nicolas|Vania,3|1|4,6.570|3.548|0.530,21,0,17
1790906007490401152,Nahim,719bf16ad6c4,1.244,3,fb2c354eff72|bd30a693da9d|1cfb558b8ce3,Sebastian|Nicolas|Vania,3|1|4,6.770|3.749|0.730,21,0,17
1790906007689809280,Nahim,719bf16ad6c4,1.443,3,fb2c354eff72|bd30a693da9d|1cfb558b8ce3,Sebastian|Nicolas|Vania,3|1|4,6.969|3.948|0.929,21,0,17
1790906007890379680,Nahim,719bf16ad6c4,1.644,3,fb2c354eff72|bd30a693da9d|1cfb558b8ce3,Sebastian|Nicolas|Vania,3|1|4,7.170|4.149|1.130,21,0,17
1790906008090401152,Nahim,719bf16ad6c4,1.844,3,fb2c354eff72|bd30a693da9d|1cfb558b8ce3,Sebastian|Nicolas|Vania,3|1|4,7.370|4.349|1.330,21,0,17
1790906008290467936,Nahim,719bf16ad6c4,2.044,3,fb2c354eff72|bd30a693da9d|1cfb558b8ce3,Sebastian|Nicolas|Vania,3|1|4,7.570|4.549|1.530,21,0,17
1790906008490374496,Nahim,719bf16ad6c4,2.244,3,fb2c354eff72|bd30a693da9d|1cfb558b8ce3,Sebastian|Nicolas|Vania,3|1|4,7.770|4.748|1.730,21,0,17
1790906008690208800,Nahim,719bf16ad6c4,2.444,3,fb2c354eff72|bd30a693da9d|1cfb558b8ce3,Sebastian|Nicolas|Vania,3|1|4,7.970|4.948|1.930,21,0,17
1790906008890375296,Nahim,719bf16ad6c4,2.644,3,fb2c354eff72|bd30a693da9d|1cfb558b8ce3,Sebastian|Nicolas|Vania,3|1|4,8.170|5.149|2.130,21,0,17
1790906009090416544,Nahim,719bf16ad6c4,2.844,3,fb2c354eff72|bd30a693da9d|1cfb558b8ce3,Sebastian|Nicolas|Vania,3|1|4,8.370|5.349|2.330,21,0,17
1790906009290119552,Sebastian,fb2c354eff72,0.023,2,bd30a693da9d|1cfb558b8ce3,Nicolas|Vania,1|4,5.548|2.530,21,0,18
1790906009489890240,Sebastian,fb2c354eff72,0.223,2,bd30a693da9d|1cfb558b8ce3,Nicolas|Vania,1|4,5.748|2.729,21,0,18
1790906009690419616,Sebastian,fb2c354eff72,0.423,2,bd30a693da9d|1cfb558b8ce3,Nicolas|Vania,1|4,5.949|2.930,21,0,18
1790906009889864704,Sebastian,fb2c354eff72,0.623,3,bd30a693da9d|1cfb558b8ce3|232bb05a3641,Nicolas|Vania|Nahim,1|4|2,6.148|3.129|0.109,22,0,18
1790906010090471328,Sebastian,fb2c354eff72,0.823,3,bd30a693da9d|1cfb558b8ce3|232bb05a3641,Nicolas|Vania|Nahim,1|4|2,6.349|3.330|0.309,22,0,18
1790906010290359552,Sebastian,fb2c354eff72,1.023,3,bd30a693da9d|1cfb558b8ce3|232bb05a3641,Nicolas|Vania|Nahim,1|4|2,6.549|3.530|0.509,22,0,18
1790906010490147968,Sebastian,fb2c354eff72,1.223,3,bd30a693da9d|1cfb558b8ce3|232bb05a3641,Nicolas|Vania|Nahim,1|4|2,6.748|3.730|0.709,22,0,18
1790906010690363808,Sebastian,fb2c354eff72,1.423,3,bd30a693da9d|1cfb558b8ce3|232bb05a3641,Nicolas|Vania|Nahim,1|4|2,6.948|3.930|0.909,22,0,18
1790906010890353248,Sebastian,fb2c354eff72,1.623,3,bd30a693da9d|1cfb558b8ce3|232bb05a3641,Nicolas|Vania|Nahim,1|4|2,7.148|4.130|1.109,22,0,18
1790906011090191808,Sebastian,fb2c354eff72,1.823,3,bd30a693da9d|1cfb558b8ce3|232bb05a3641,Nicolas|Vania|Nahim,1|4|2,7.348|4.330|1.309,22,0,18
1790906011290348160,Sebastian,fb2c354eff72,2.023,3,bd30a693da9d|1cfb558b8ce3|232bb05a3641,Nicolas|Vania|Nahim,1|4|2,7.548|4.530|1.509,22,0,18
1790906011490371904,Sebastian,fb2c354eff72,2.223,3,bd30a693da9d|1cfb558b8ce3|232bb05a3641,Nicolas|Vania|Nahim,1|4|2,7.748|4.730|1.709,22,0,18
1790906011690106400,Sebastian,fb2c354eff72,2.423,3,bd30a693da9d|1cfb558b8ce3|232bb05a3641,Nicolas|Vania|Nahim,1|4|2,7.948|4.930|1.909,22,0,18
1790906011890999008,Sebastian,fb2c354eff72,2.624,3,bd30a693da9d|1cfb558b8ce3|232bb05a3641,Nicolas|Vania|Nahim,1|4|2,8.149|5.130|2.110,22,0,18
1790906012089925504,Sebastian,fb2c354eff72,2.823,3,bd30a693da9d|1cfb558b8ce3|232bb05a3641,Nicolas|Vania|Nahim,1|4|2,8.348|5.329|2.309,22,0,18
1790906012290034176,Nicolas,bd30a693da9d,0.003,2,1cfb558b8ce3|232bb05a3641,Vania|Nahim,4|2,5.529|2.509,22,0,19
1790906012490041856,Nicolas,bd30a693da9d,0.203,2,1cfb558b8ce3|232bb05a3641,Vania|Nahim,4|2,5.730|2.709,22,0,19
1790906012690328160,Nicolas,bd30a693da9d,0.403,2,1cfb558b8ce3|232bb05a3641,Vania|Nahim,4|2,5.930|2.909,22,0,19
1790906012889997088,Nicolas,bd30a693da9d,0.603,3,1cfb558b8ce3|232bb05a3641|84fcdd3ba83d,Vania|Nahim|Sebastian,4|2|3,6.130|3.109|0.092,23,0,19
1790906013090479904,Nicolas,bd30a693da9d,0.803,3,1cfb558b8ce3|232bb05a3641|84fcdd3ba83d,Vania|Nahim|Sebastian,4|2|3,6.330|3.309|0.292,23,0,19
1790906013290452544,Nicolas,bd30a693da9d,1.003,3,1cfb558b8ce3|232bb05a3641|84fcdd3ba83d,Vania|Nahim|Sebastian,4|2|3,6.530|3.509|0.492,23,0,19
1790906013490228640,Nicolas,bd30a693da9d,1.203,3,1cfb558b8ce3|232bb05a3641|84fcdd3ba83d,Vania|Nahim|Sebastian,4|2|3,6.730|3.709|0.692,23,0,19
1790906013690436960,Nicolas,bd30a693da9d,1.403,3,1cfb558b8ce3|232bb05a3641|84fcdd3ba83d,Vania|Nahim|Sebastian,4|2|3,6.930|3.909|0.892,23,0,19
1790906013890419616,Nicolas,bd30a693da9d,1.603,3,1cfb558b8ce3|232bb05a3641|84fcdd3ba83d,Vania|Nahim|Sebastian,4|2|3,7.130|4.109|1.092,23,0,19
1790906014090377184,Nicolas,bd30a693da9d,1.803,3,1cfb558b8ce3|232bb05a3641|84fcdd3ba83d,Vania|Nahim|Sebastian,4|2|3,7.330|4.309|1.292,23,0,19
1790906014290409248,Nicolas,bd30a693da9d,2.003,3,1cfb558b8ce3|232bb05a3641|84fcdd3ba83d,Vania|Nahim|Sebastian,4|2|3,7.530|4.509|1.492,23,0,19
1790906014490368096,Nicolas,bd30a693da9d,2.203,3,1cfb558b8ce3|232bb05a3641|84fcdd3ba83d,Vania|Nahim|Sebastian,4|2|3,7.730|4.709|1.692,23,0,19
1790906014689947584,Nicolas,bd30a693da9d,2.403,3,1cfb558b8ce3|232bb05a3641|84fcdd3ba83d,Vania|Nahim|Sebastian,4|2|3,7.929|4.909|1.892,23,0,19
1790906014890324032,Nicolas,bd30a693da9d,2.603,3,1cfb558b8ce3|232bb05a3641|84fcdd3ba83d,Vania|Nahim|Sebastian,4|2|3,8.130|5.109|2.092,23,0,19
1790906015090022432,Nicolas,bd30a693da9d,2.803,3,1cfb558b8ce3|232bb05a3641|84fcdd3ba83d,Vania|Nahim|Sebastian,4|2|3,8.329|5.309|2.291,23,0,19
1790906015290760160,Nicolas,bd30a693da9d,3.003,3,1cfb558b8ce3|232bb05a3641|84fcdd3ba83d,Vania|Nahim|Sebastian,4|2|3,8.530|5.509|2.492,23,0,19
1790906015489858816,Vania,1cfb558b8ce3,0.179,2,232bb05a3641|84fcdd3ba83d,Nahim|Sebastian,2|3,5.709|2.691,23,0,20
1790906015690348032,Vania,1cfb558b8ce3,0.379,2,232bb05a3641|84fcdd3ba83d,Nahim|Sebastian,2|3,5.909|2.892,23,0,20
1790906015889912416,Vania,1cfb558b8ce3,0.579,3,232bb05a3641|84fcdd3ba83d|dbd1a1f74fa6,Nahim|Sebastian|Nicolas,2|3|1,6.109|3.091|0.067,24,0,20
1790906016090408704,Vania,1cfb558b8ce3,0.779,3,232bb05a3641|84fcdd3ba83d|dbd1a1f74fa6,Nahim|Sebastian|Nicolas,2|3|1,6.309|3.292|0.267,24,0,20
1790906016290352064,Vania,1cfb558b8ce3,0.979,3,232bb05a3641|84fcdd3ba83d|dbd1a1f74fa6,Nahim|Sebastian|Nicolas,2|3|1,6.509|3.492|0.467,24,0,20
1790906016490353984,Vania,1cfb558b8ce3,1.179,3,232bb05a3641|84fcdd3ba83d|dbd1a1f74fa6,Nahim|Sebastian|Nicolas,2|3|1,6.709|3.692|0.667,24,0,20
1790906016690469600,Vania,1cfb558b8ce3,1.379,3,232bb05a3641|84fcdd3ba83d|dbd1a1f74fa6,Nahim|Sebastian|Nicolas,2|3|1,6.909|3.892|0.867,24,0,20
1790906016890331104,Vania,1cfb558b8ce3,1.579,3,232bb05a3641|84fcdd3ba83d|dbd1a1f74fa6,Nahim|Sebastian|Nicolas,2|3|1,7.109|4.092|1.067,24,0,20
1790906017090136416,Vania,1cfb558b8ce3,1.779,3,232bb05a3641|84fcdd3ba83d|dbd1a1f74fa6,Nahim|Sebastian|Nicolas,2|3|1,7.309|4.291|1.267,24,0,20
1790906017290281728,Vania,1cfb558b8ce3,1.979,3,232bb05a3641|84fcdd3ba83d|dbd1a1f74fa6,Nahim|Sebastian|Nicolas,2|3|1,7.509|4.492|1.467,24,0,20
1790906017490282624,Vania,1cfb558b8ce3,2.179,3,232bb05a3641|84fcdd3ba83d|dbd1a1f74fa6,Nahim|Sebastian|Nicolas,2|3|1,7.709|4.692|1.667,24,0,20
1790906017689874432,Vania,1cfb558b8ce3,2.379,3,232bb05a3641|84fcdd3ba83d|dbd1a1f74fa6,Nahim|Sebastian|Nicolas,2|3|1,7.909|4.892|1.867,24,0,20
1790906017890418368,Vania,1cfb558b8ce3,2.579,3,232bb05a3641|84fcdd3ba83d|dbd1a1f74fa6,Nahim|Sebastian|Nicolas,2|3|1,8.109|5.092|2.067,24,0,20
1790906018090320928,Vania,1cfb558b8ce3,2.779,3,232bb05a3641|84fcdd3ba83d|dbd1a1f74fa6,Nahim|Sebastian|Nicolas,2|3|1,8.309|5.292|2.267,24,0,20
1790906018290165376,Vania,1cfb558b8ce3,2.979,3,232bb05a3641|84fcdd3ba83d|dbd1a1f74fa6,Nahim|Sebastian|Nicolas,2|3|1,8.509|5.492|2.467,24,0,20
1790906018490478240,Nahim,232bb05a3641,0.159,2,84fcdd3ba83d|dbd1a1f74fa6,Sebastian|Nicolas,3|1,5.692|2.667,24,0,21
1790906018690312768,Nahim,232bb05a3641,0.359,2,84fcdd3ba83d|dbd1a1f74fa6,Sebastian|Nicolas,3|1,5.892|2.867,24,0,21
1790906018890262592,Nahim,232bb05a3641,0.559,3,84fcdd3ba83d|dbd1a1f74fa6|47eea971b44e,Sebastian|Nicolas|Vania,3|1|4,6.092|3.067|0.049,25,0,21
1790906019090397824,Nahim,232bb05a3641,0.759,3,84fcdd3ba83d|dbd1a1f74fa6|47eea971b44e,Sebastian|Nicolas|Vania,3|1|4,6.292|3.267|0.249,25,0,21
1790906019290343168,Nahim,232bb05a3641,0.959,3,84fcdd3ba83d|dbd1a1f74fa6|47eea971b44e,Sebastian|Nicolas|Vania,3|1|4,6.492|3.467|0.449,25,0,21
1790906019489706176,Nahim,232bb05a3641,1.158,3,84fcdd3ba83d|dbd1a1f74fa6|47eea971b44e,Sebastian|Nicolas|Vania,3|1|4,6.691|3.667|0.648,25,0,21
1790906019690352928,Nahim,232bb05a3641,1.359,3,84fcdd3ba83d|dbd1a1f74fa6|47eea971b44e,Sebastian|Nicolas|Vania,3|1|4,6.892|3.867|0.849,25,0,21
1790906019890031680,Nahim,232bb05a3641,1.559,3,84fcdd3ba83d|dbd1a1f74fa6|47eea971b44e,Sebastian|Nicolas|Vania,3|1|4,7.091|4.067|1.049,25,0,21
1790906020090388224,Nahim,232bb05a3641,1.759,3,84fcdd3ba83d|dbd1a1f74fa6|47eea971b44e,Sebastian|Nicolas|Vania,3|1|4,7.292|4.267|1.249,25,0,21
1790906020289849280,Nahim,232bb05a3641,1.959,3,84fcdd3ba83d|dbd1a1f74fa6|47eea971b44e,Sebastian|Nicolas|Vania,3|1|4,7.491|4.467|1.449,25,0,21
1790906020490337536,Nahim,232bb05a3641,2.159,3,84fcdd3ba83d|dbd1a1f74fa6|47eea971b44e,Sebastian|Nicolas|Vania,3|1|4,7.692|4.667|1.649,25,0,21
1790906020689736896,Nahim,232bb05a3641,2.358,3,84fcdd3ba83d|dbd1a1f74fa6|47eea971b44e,Sebastian|Nicolas|Vania,3|1|4,7.891|4.867|1.849,25,0,21
1790906020890286112,Nahim,232bb05a3641,2.559,3,84fcdd3ba83d|dbd1a1f74fa6|47eea971b44e,Sebastian|Nicolas|Vania,3|1|4,8.092|5.067|2.049,25,0,21
1790906021090624384,Nahim,232bb05a3641,2.759,3,84fcdd3ba83d|dbd1a1f74fa6|47eea971b44e,Sebastian|Nicolas|Vania,3|1|4,8.292|5.267|2.249,25,0,21
1790906021290452352,Nahim,232bb05a3641,2.959,3,84fcdd3ba83d|dbd1a1f74fa6|47eea971b44e,Sebastian|Nicolas|Vania,3|1|4,8.492|5.467|2.449,25,0,21
1790906021490350944,Sebastian,84fcdd3ba83d,0.139,2,dbd1a1f74fa6|47eea971b44e,Nicolas|Vania,1|4,5.667|2.649,25,0,22
1790906021690353856,Sebastian,84fcdd3ba83d,0.339,2,dbd1a1f74fa6|47eea971b44e,Nicolas|Vania,1|4,5.867|2.849,25,0,22
1790906021889791488,Sebastian,84fcdd3ba83d,0.538,3,dbd1a1f74fa6|47eea971b44e|b2418de0cce7,Nicolas|Vania|Nahim,1|4|2,6.067|3.048|0.028,26,0,22
1790906022090624736,Sebastian,84fcdd3ba83d,0.739,3,dbd1a1f74fa6|47eea971b44e|b2418de0cce7,Nicolas|Vania|Nahim,1|4|2,6.267|3.249|0.228,26,0,22
1790906022290320864,Sebastian,84fcdd3ba83d,0.939,3,dbd1a1f74fa6|47eea971b44e|b2418de0cce7,Nicolas|Vania|Nahim,1|4|2,6.467|3.449|0.428,26,0,22
1790906022490092416,Sebastian,84fcdd3ba83d,1.139,3,dbd1a1f74fa6|47eea971b44e|b2418de0cce7,Nicolas|Vania|Nahim,1|4|2,6.667|3.649|0.628,26,0,22
1790906022690614560,Sebastian,84fcdd3ba83d,1.339,3,dbd1a1f74fa6|47eea971b44e|b2418de0cce7,Nicolas|Vania|Nahim,1|4|2,6.867|3.849|0.829,26,0,22
1790906022890031232,Sebastian,84fcdd3ba83d,1.539,3,dbd1a1f74fa6|47eea971b44e|b2418de0cce7,Nicolas|Vania|Nahim,1|4|2,7.067|4.049|1.028,26,0,22
1790906023089860192,Sebastian,84fcdd3ba83d,1.738,3,dbd1a1f74fa6|47eea971b44e|b2418de0cce7,Nicolas|Vania|Nahim,1|4|2,7.267|4.249|1.228,26,0,22
1790906023289754656,Sebastian,84fcdd3ba83d,1.938,3,dbd1a1f74fa6|47eea971b44e|b2418de0cce7,Nicolas|Vania|Nahim,1|4|2,7.466|4.448|1.428,26,0,22
1790906023490294464,Sebastian,84fcdd3ba83d,2.139,3,dbd1a1f74fa6|47eea971b44e|b2418de0cce7,Nicolas|Vania|Nahim,1|4|2,7.667|4.649|1.628,26,0,22
1790906023690362560,Sebastian,84fcdd3ba83d,2.339,3,dbd1a1f74fa6|47eea971b44e|b2418de0cce7,Nicolas|Vania|Nahim,1|4|2,7.867|4.849|1.828,26,0,22
1790906023890783936,Sebastian,84fcdd3ba83d,2.539,3,dbd1a1f74fa6|47eea971b44e|b2418de0cce7,Nicolas|Vania|Nahim,1|4|2,8.068|5.049|2.029,26,0,22
1790906024090600992,Sebastian,84fcdd3ba83d,2.739,3,dbd1a1f74fa6|47eea971b44e|b2418de0cce7,Nicolas|Vania|Nahim,1|4|2,8.267|5.249|2.229,26,0,22
1790906024289953568,Sebastian,84fcdd3ba83d,2.938,3,dbd1a1f74fa6|47eea971b44e|b2418de0cce7,Nicolas|Vania|Nahim,1|4|2,8.467|5.449|2.428,26,0,22
1790906024490543424,Nicolas,dbd1a1f74fa6,0.117,2,47eea971b44e|b2418de0cce7,Vania|Nahim,4|2,5.649|2.628,26,0,23
1790906024690194016,Nicolas,dbd1a1f74fa6,0.317,2,47eea971b44e|b2418de0cce7,Vania|Nahim,4|2,5.849|2.828,26,0,23
1790906024890453344,Nicolas,dbd1a1f74fa6,0.517,3,47eea971b44e|b2418de0cce7|e1ced953036c,Vania|Nahim|Sebastian,4|2|3,6.049|3.028|0.004,27,0,23
1790906025089992032,Nicolas,dbd1a1f74fa6,0.716,3,47eea971b44e|b2418de0cce7|e1ced953036c,Vania|Nahim|Sebastian,4|2|3,6.248|3.228|0.203,27,0,23
1790906025290166400,Nicolas,dbd1a1f74fa6,0.917,3,47eea971b44e|b2418de0cce7|e1ced953036c,Vania|Nahim|Sebastian,4|2|3,6.449|3.428|0.403,27,0,23
1790906025489854336,Nicolas,dbd1a1f74fa6,1.117,3,47eea971b44e|b2418de0cce7|e1ced953036c,Vania|Nahim|Sebastian,4|2|3,6.649|3.628|0.603,27,0,23
1790906025690280480,Nicolas,dbd1a1f74fa6,1.317,3,47eea971b44e|b2418de0cce7|e1ced953036c,Vania|Nahim|Sebastian,4|2|3,6.849|3.828|0.803,27,0,23
1790906025889543264,Nicolas,dbd1a1f74fa6,1.516,3,47eea971b44e|b2418de0cce7|e1ced953036c,Vania|Nahim|Sebastian,4|2|3,7.048|4.028|1.003,27,0,23
1790906026090287744,Nicolas,dbd1a1f74fa6,1.717,3,47eea971b44e|b2418de0cce7|e1ced953036c,Vania|Nahim|Sebastian,4|2|3,7.249|4.228|1.203,27,0,23
1790906026290502848,Nicolas,dbd1a1f74fa6,1.917,3,47eea971b44e|b2418de0cce7|e1ced953036c,Vania|Nahim|Sebastian,4|2|3,7.449|4.428|1.403,27,0,23
1790906026491118368,Nicolas,dbd1a1f74fa6,2.118,3,47eea971b44e|b2418de0cce7|e1ced953036c,Vania|Nahim|Sebastian,4|2|3,7.650|4.629|1.604,27,0,23
1790906026690016512,Nicolas,dbd1a1f74fa6,2.317,3,47eea971b44e|b2418de0cce7|e1ced953036c,Vania|Nahim|Sebastian,4|2|3,7.849|4.828|1.803,27,0,23
1790906026890298368,Nicolas,dbd1a1f74fa6,2.517,3,47eea971b44e|b2418de0cce7|e1ced953036c,Vania|Nahim|Sebastian,4|2|3,8.049|5.028|2.003,27,0,23
1790906027090485760,Nicolas,dbd1a1f74fa6,2.717,3,47eea971b44e|b2418de0cce7|e1ced953036c,Vania|Nahim|Sebastian,4|2|3,8.249|5.228|2.204,27,0,23
1790906027290420288,Nicolas,dbd1a1f74fa6,2.917,3,47eea971b44e|b2418de0cce7|e1ced953036c,Vania|Nahim|Sebastian,4|2|3,8.449|5.428|2.404,27,0,23
1790906027490684512,Vania,47eea971b44e,0.094,2,b2418de0cce7|e1ced953036c,Nahim|Sebastian,2|3,5.628|2.603,27,0,24
1790906027689940736,Vania,47eea971b44e,0.294,2,b2418de0cce7|e1ced953036c,Nahim|Sebastian,2|3,5.828|2.803,27,0,24
1790906027889749088,Vania,47eea971b44e,0.494,2,b2418de0cce7|e1ced953036c,Nahim|Sebastian,2|3,6.028|3.003,27,0,24
1790906028090048576,Vania,47eea971b44e,0.694,3,b2418de0cce7|e1ced953036c|dababd92ef43,Nahim|Sebastian|Nicolas,2|3|1,6.228|3.203|0.183,28,0,24
1790906028290387168,Vania,47eea971b44e,0.894,3,b2418de0cce7|e1ced953036c|dababd92ef43,Nahim|Sebastian|Nicolas,2|3|1,6.428|3.404|0.384,28,0,24
1790906028490212224,Vania,47eea971b44e,1.094,3,b2418de0cce7|e1ced953036c|dababd92ef43,Nahim|Sebastian|Nicolas,2|3|1,6.628|3.603|0.584,28,0,24
1790906028690341152,Vania,47eea971b44e,1.294,3,b2418de0cce7|e1ced953036c|dababd92ef43,Nahim|Sebastian|Nicolas,2|3|1,6.828|3.803|0.784,28,0,24
1790906028890303424,Vania,47eea971b44e,1.494,3,b2418de0cce7|e1ced953036c|dababd92ef43,Nahim|Sebastian|Nicolas,2|3|1,7.028|4.003|0.984,28,0,24
1790906029090323552,Vania,47eea971b44e,1.694,3,b2418de0cce7|e1ced953036c|dababd92ef43,Nahim|Sebastian|Nicolas,2|3|1,7.228|4.203|1.184,28,0,24
1790906029290316064,Vania,47eea971b44e,1.894,3,b2418de0cce7|e1ced953036c|dababd92ef43,Nahim|Sebastian|Nicolas,2|3|1,7.428|4.403|1.384,28,0,24
1790906029490302368,Vania,47eea971b44e,2.094,3,b2418de0cce7|e1ced953036c|dababd92ef43,Nahim|Sebastian|Nicolas,2|3|1,7.628|4.603|1.584,28,0,24
1790906029690343616,Vania,47eea971b44e,2.294,3,b2418de0cce7|e1ced953036c|dababd92ef43,Nahim|Sebastian|Nicolas,2|3|1,7.828|4.803|1.784,28,0,24
1790906029890252288,Vania,47eea971b44e,2.494,3,b2418de0cce7|e1ced953036c|dababd92ef43,Nahim|Sebastian|Nicolas,2|3|1,8.028|5.003|1.984,28,0,24
1790906030090362688,Vania,47eea971b44e,2.694,3,b2418de0cce7|e1ced953036c|dababd92ef43,Nahim|Sebastian|Nicolas,2|3|1,8.228|5.203|2.184,28,0,24
1790906030290549408,Vania,47eea971b44e,2.894,3,b2418de0cce7|e1ced953036c|dababd92ef43,Nahim|Sebastian|Nicolas,2|3|1,8.429|5.404|2.384,28,0,24
1790906030490283072,Nahim,b2418de0cce7,0.075,2,e1ced953036c|dababd92ef43,Sebastian|Nicolas,3|1,5.603|2.584,28,0,25
1790906030690303936,Nahim,b2418de0cce7,0.275,2,e1ced953036c|dababd92ef43,Sebastian|Nicolas,3|1,5.803|2.784,28,0,25
1790906030890301088,Nahim,b2418de0cce7,0.475,2,e1ced953036c|dababd92ef43,Sebastian|Nicolas,3|1,6.003|2.984,28,0,25
1790906031090457216,Nahim,b2418de0cce7,0.676,3,e1ced953036c|dababd92ef43|5113161868a2,Sebastian|Nicolas|Vania,3|1|4,6.204|3.184|0.164,29,0,25
1790906031290311616,Nahim,b2418de0cce7,0.875,3,e1ced953036c|dababd92ef43|5113161868a2,Sebastian|Nicolas|Vania,3|1|4,6.403|3.384|0.363,29,0,25
1790906031491119456,Nahim,b2418de0cce7,1.076,3,e1ced953036c|dababd92ef43|5113161868a2,Sebastian|Nicolas|Vania,3|1|4,6.604|3.584|0.564,29,0,25
1790906031690507232,Nahim,b2418de0cce7,1.276,3,e1ced953036c|dababd92ef43|5113161868a2,Sebastian|Nicolas|Vania,3|1|4,6.804|3.784|0.764,29,0,25
1790906031891316416,Nahim,b2418de0cce7,1.476,3,e1ced953036c|dababd92ef43|5113161868a2,Sebastian|Nicolas|Vania,3|1|4,7.004|3.984|0.964,29,0,25
1790906032090142816,Nahim,b2418de0cce7,1.675,3,e1ced953036c|dababd92ef43|5113161868a2,Sebastian|Nicolas|Vania,3|1|4,7.203|4.184|1.163,29,0,25
1790906032290406720,Nahim,b2418de0cce7,1.875,3,e1ced953036c|dababd92ef43|5113161868a2,Sebastian|Nicolas|Vania,3|1|4,7.404|4.384|1.364,29,0,25
1790906032490270752,Nahim,b2418de0cce7,2.075,3,e1ced953036c|dababd92ef43|5113161868a2,Sebastian|Nicolas|Vania,3|1|4,7.603|4.584|1.563,29,0,25
1790906032690434272,Nahim,b2418de0cce7,2.275,3,e1ced953036c|dababd92ef43|5113161868a2,Sebastian|Nicolas|Vania,3|1|4,7.804|4.784|1.764,29,0,25
1790906032890589312,Nahim,b2418de0cce7,2.476,3,e1ced953036c|dababd92ef43|5113161868a2,Sebastian|Nicolas|Vania,3|1|4,8.004|4.984|1.964,29,0,25
1790906033090637952,Nahim,b2418de0cce7,2.676,3,e1ced953036c|dababd92ef43|5113161868a2,Sebastian|Nicolas|Vania,3|1|4,8.204|5.184|2.164,29,0,25
1790906033290435488,Nahim,b2418de0cce7,2.875,3,e1ced953036c|dababd92ef43|5113161868a2,Sebastian|Nicolas|Vania,3|1|4,8.404|5.384|2.364,29,0,25
1790906033490235520,Sebastian,e1ced953036c,0.057,2,dababd92ef43|5113161868a2,Nicolas|Vania,1|4,5.584|2.563,29,0,26
1790906033690381664,Sebastian,e1ced953036c,0.257,2,dababd92ef43|5113161868a2,Nicolas|Vania,1|4,5.784|2.763,29,0,26
1790906033890455072,Sebastian,e1ced953036c,0.457,2,dababd92ef43|5113161868a2,Nicolas|Vania,1|4,5.984|2.964,29,0,26
1790906034090214016,Sebastian,e1ced953036c,0.657,3,dababd92ef43|5113161868a2|4935709abad4,Nicolas|Vania|Nahim,1|4|2,6.184|3.163|0.140,30,0,26
1790906034290286784,Sebastian,e1ced953036c,0.857,3,dababd92ef43|5113161868a2|4935709abad4,Nicolas|Vania|Nahim,1|4|2,6.384|3.363|0.340,30,0,26
1790906034490431552,Sebastian,e1ced953036c,1.057,3,dababd92ef43|5113161868a2|4935709abad4,Nicolas|Vania|Nahim,1|4|2,6.584|3.564|0.540,30,0,26
1790906034690241184,Sebastian,e1ced953036c,1.257,3,dababd92ef43|5113161868a2|4935709abad4,Nicolas|Vania|Nahim,1|4|2,6.784|3.763|0.740,30,0,26
1790906034890356928,Sebastian,e1ced953036c,1.457,3,dababd92ef43|5113161868a2|4935709abad4,Nicolas|Vania|Nahim,1|4|2,6.984|3.963|0.940,30,0,26
1790906035089851392,Sebastian,e1ced953036c,1.657,3,dababd92ef43|5113161868a2|4935709abad4,Nicolas|Vania|Nahim,1|4|2,7.183|4.163|1.139,30,0,26
1790906035290348512,Sebastian,e1ced953036c,1.857,3,dababd92ef43|5113161868a2|4935709abad4,Nicolas|Vania|Nahim,1|4|2,7.384|4.363|1.340,30,0,26
1790906035489760128,Sebastian,e1ced953036c,2.057,3,dababd92ef43|5113161868a2|4935709abad4,Nicolas|Vania|Nahim,1|4|2,7.583|4.563|1.539,30,0,26
1790906035690694592,Sebastian,e1ced953036c,2.257,3,dababd92ef43|5113161868a2|4935709abad4,Nicolas|Vania|Nahim,1|4|2,7.784|4.764|1.740,30,0,26
1790906035890220192,Sebastian,e1ced953036c,2.457,3,dababd92ef43|5113161868a2|4935709abad4,Nicolas|Vania|Nahim,1|4|2,7.984|4.963|1.940,30,0,26
1790906036090348160,Sebastian,e1ced953036c,2.657,3,dababd92ef43|5113161868a2|4935709abad4,Nicolas|Vania|Nahim,1|4|2,8.184|5.163|2.140,30,0,26
1790906036290555136,Sebastian,e1ced953036c,2.857,3,dababd92ef43|5113161868a2|4935709abad4,Nicolas|Vania|Nahim,1|4|2,8.384|5.364|2.340,30,0,26
1790906036490109984,Nicolas,dababd92ef43,0.033,2,5113161868a2|4935709abad4,Vania|Nahim,4|2,5.563|2.540,30,0,27
1790906036690288544,Nicolas,dababd92ef43,0.233,2,5113161868a2|4935709abad4,Vania|Nahim,4|2,5.763|2.740,30,0,27
1790906036890403584,Nicolas,dababd92ef43,0.433,2,5113161868a2|4935709abad4,Vania|Nahim,4|2,5.964|2.940,30,0,27
1790906037090185888,Nicolas,dababd92ef43,0.633,3,5113161868a2|4935709abad4|c416865c8fd5,Vania|Nahim|Sebastian,4|2|3,6.163|3.140|0.119,31,0,27
1790906037289992544,Nicolas,dababd92ef43,0.833,3,5113161868a2|4935709abad4|c416865c8fd5,Vania|Nahim|Sebastian,4|2|3,6.363|3.340|0.319,31,0,27
1790906037490452032,Nicolas,dababd92ef43,1.033,3,5113161868a2|4935709abad4|c416865c8fd5,Vania|Nahim|Sebastian,4|2|3,6.564|3.540|0.519,31,0,27
1790906037689930816,Nicolas,dababd92ef43,1.233,3,5113161868a2|4935709abad4|c416865c8fd5,Vania|Nahim|Sebastian,4|2|3,6.763|3.740|0.719,31,0,27
1790906037890453280,Nicolas,dababd92ef43,1.433,3,5113161868a2|4935709abad4|c416865c8fd5,Vania|Nahim|Sebastian,4|2|3,6.964|3.940|0.919,31,0,27
1790906038090052192,Nicolas,dababd92ef43,1.633,3,5113161868a2|4935709abad4|c416865c8fd5,Vania|Nahim|Sebastian,4|2|3,7.163|4.140|1.119,31,0,27
1790906038290289728,Nicolas,dababd92ef43,1.833,3,5113161868a2|4935709abad4|c416865c8fd5,Vania|Nahim|Sebastian,4|2|3,7.363|4.340|1.319,31,0,27
1790906038490230208,Nicolas,dababd92ef43,2.033,3,5113161868a2|4935709abad4|c416865c8fd5,Vania|Nahim|Sebastian,4|2|3,7.563|4.540|1.519,31,0,27
1790906038690402272,Nicolas,dababd92ef43,2.233,3,5113161868a2|4935709abad4|c416865c8fd5,Vania|Nahim|Sebastian,4|2|3,7.763|4.740|1.719,31,0,27
1790906038890213280,Nicolas,dababd92ef43,2.433,3,5113161868a2|4935709abad4|c416865c8fd5,Vania|Nahim|Sebastian,4|2|3,7.963|4.940|1.919,31,0,27
1790906039090180928,Nicolas,dababd92ef43,2.633,3,5113161868a2|4935709abad4|c416865c8fd5,Vania|Nahim|Sebastian,4|2|3,8.163|5.140|2.119,31,0,27
1790906039290707680,Nicolas,dababd92ef43,2.833,3,5113161868a2|4935709abad4|c416865c8fd5,Vania|Nahim|Sebastian,4|2|3,8.364|5.340|2.319,31,0,27
1790906039490026688,Vania,5113161868a2,0.012,2,4935709abad4|c416865c8fd5,Nahim|Sebastian,2|3,5.540|2.519,31,0,28
1790906039690397536,Vania,5113161868a2,0.212,2,4935709abad4|c416865c8fd5,Nahim|Sebastian,2|3,5.740|2.719,31,0,28
1790906039890033984,Vania,5113161868a2,0.412,2,4935709abad4|c416865c8fd5,Nahim|Sebastian,2|3,5.940|2.919,31,0,28
1790906040090049248,Vania,5113161868a2,0.612,3,4935709abad4|c416865c8fd5|63e2fa1d72b6,Nahim|Sebastian|Nicolas,2|3|1,6.140|3.119|0.095,32,0,28
1790906040289632864,Vania,5113161868a2,0.812,3,4935709abad4|c416865c8fd5|63e2fa1d72b6,Nahim|Sebastian|Nicolas,2|3|1,6.339|3.319|0.295,32,0,28
1790906040490356640,Vania,5113161868a2,1.012,3,4935709abad4|c416865c8fd5|63e2fa1d72b6,Nahim|Sebastian|Nicolas,2|3|1,6.540|3.519|0.495,32,0,28
1790906040690039808,Vania,5113161868a2,1.212,3,4935709abad4|c416865c8fd5|63e2fa1d72b6,Nahim|Sebastian|Nicolas,2|3|1,6.740|3.719|0.695,32,0,28
1790906040890186464,Vania,5113161868a2,1.412,3,4935709abad4|c416865c8fd5|63e2fa1d72b6,Nahim|Sebastian|Nicolas,2|3|1,6.940|3.919|0.895,32,0,28
1790906041090375712,Vania,5113161868a2,1.612,3,4935709abad4|c416865c8fd5|63e2fa1d72b6,Nahim|Sebastian|Nicolas,2|3|1,7.140|4.119|1.095,32,0,28
1790906041290675712,Vania,5113161868a2,1.813,3,4935709abad4|c416865c8fd5|63e2fa1d72b6,Nahim|Sebastian|Nicolas,2|3|1,7.340|4.320|1.295,32,0,28
1790906041490426816,Vania,5113161868a2,2.012,3,4935709abad4|c416865c8fd5|63e2fa1d72b6,Nahim|Sebastian|Nicolas,2|3|1,7.540|4.519|1.495,32,0,28
1790906041690537120,Vania,5113161868a2,2.213,3,4935709abad4|c416865c8fd5|63e2fa1d72b6,Nahim|Sebastian|Nicolas,2|3|1,7.740|4.719|1.695,32,0,28
1790906041890289376,Vania,5113161868a2,2.412,3,4935709abad4|c416865c8fd5|63e2fa1d72b6,Nahim|Sebastian|Nicolas,2|3|1,7.940|4.919|1.895,32,0,28
1790906042090342208,Vania,5113161868a2,2.612,3,4935709abad4|c416865c8fd5|63e2fa1d72b6,Nahim|Sebastian|Nicolas,2|3|1,8.140|5.119|2.095,32,0,28
1790906042290698656,Vania,5113161868a2,2.813,3,4935709abad4|c416865c8fd5|63e2fa1d72b6,Nahim|Sebastian|Nicolas,2|3|1,8.340|5.319|2.295,32,0,28
1790906042490718592,Vania,5113161868a2,3.013,3,4935709abad4|c416865c8fd5|63e2fa1d72b6,Nahim|Sebastian|Nicolas,2|3|1,8.540|5.520|2.496,32,0,28
1790906042690722688,Nahim,4935709abad4,0.191,2,c416865c8fd5|63e2fa1d72b6,Sebastian|Nicolas,3|1,5.720|2.696,32,0,29
1790906042890239584,Nahim,4935709abad4,0.390,2,c416865c8fd5|63e2fa1d72b6,Sebastian|Nicolas,3|1,5.919|2.895,32,0,29
1790906043090488576,Nahim,4935709abad4,0.590,3,c416865c8fd5|63e2fa1d72b6|b5c682682679,Sebastian|Nicolas|Vania,3|1|4,6.119|3.095|0.076,33,0,29
1790906043290091264,Nahim,4935709abad4,0.790,3,c416865c8fd5|63e2fa1d72b6|b5c682682679,Sebastian|Nicolas|Vania,3|1|4,6.319|3.295|0.276,33,0,29
1790906043490262208,Nahim,4935709abad4,0.990,3,c416865c8fd5|63e2fa1d72b6|b5c682682679,Sebastian|Nicolas|Vania,3|1|4,6.519|3.495|0.476,33,0,29
1790906043690547616,Nahim,4935709abad4,1.190,3,c416865c8fd5|63e2fa1d72b6|b5c682682679,Sebastian|Nicolas|Vania,3|1|4,6.719|3.695|0.676,33,0,29
1790906043889865408,Nahim,4935709abad4,1.390,3,c416865c8fd5|63e2fa1d72b6|b5c682682679,Sebastian|Nicolas|Vania,3|1|4,6.919|3.895|0.876,33,0,29
1790906044090792992,Nahim,4935709abad4,1.591,3,c416865c8fd5|63e2fa1d72b6|b5c682682679,Sebastian|Nicolas|Vania,3|1|4,7.120|4.096|1.077,33,0,29
1790906044290043680,Nahim,4935709abad4,1.790,3,c416865c8fd5|63e2fa1d72b6|b5c682682679,Sebastian|Nicolas|Vania,3|1|4,7.319|4.295|1.276,33,0,29
1790906044490170336,Nahim,4935709abad4,1.990,3,c416865c8fd5|63e2fa1d72b6|b5c682682679,Sebastian|Nicolas|Vania,3|1|4,7.519|4.495|1.476,33,0,29
1790906044690350752,Nahim,4935709abad4,2.190,3,c416865c8fd5|63e2fa1d72b6|b5c682682679,Sebastian|Nicolas|Vania,3|1|4,7.719|4.695|1.676,33,0,29
1790906044890371744,Nahim,4935709abad4,2.390,3,c416865c8fd5|63e2fa1d72b6|b5c682682679,Sebastian|Nicolas|Vania,3|1|4,7.919|4.895|1.876,33,0,29
1790906045090834432,Nahim,4935709abad4,2.591,3,c416865c8fd5|63e2fa1d72b6|b5c682682679,Sebastian|Nicolas|Vania,3|1|4,8.120|5.096|2.077,33,0,29
1790906045290442688,Nahim,4935709abad4,2.790,3,c416865c8fd5|63e2fa1d72b6|b5c682682679,Sebastian|Nicolas|Vania,3|1|4,8.319|5.295|2.276,33,0,29
1790906045490988992,Nahim,4935709abad4,2.990,3,c416865c8fd5|63e2fa1d72b6|b5c682682679,Sebastian|Nicolas|Vania,3|1|4,8.519|5.495|2.476,33,0,29
1790906045690356768,Sebastian,c416865c8fd5,0.169,2,63e2fa1d72b6|b5c682682679,Nicolas|Vania,1|4,5.695|2.676,33,0,30
1790906045890418976,Sebastian,c416865c8fd5,0.369,2,63e2fa1d72b6|b5c682682679,Nicolas|Vania,1|4,5.895|2.876,33,0,30
1790906046090608672,Sebastian,c416865c8fd5,0.569,3,63e2fa1d72b6|b5c682682679|135b17072d41,Nicolas|Vania|Nahim,1|4|2,6.095|3.076|0.057,34,0,30
1790906046290678560,Sebastian,c416865c8fd5,0.769,3,63e2fa1d72b6|b5c682682679|135b17072d41,Nicolas|Vania|Nahim,1|4|2,6.295|3.276|0.257,34,0,30
1790906046490020448,Sebastian,c416865c8fd5,0.969,3,63e2fa1d72b6|b5c682682679|135b17072d41,Nicolas|Vania|Nahim,1|4|2,6.495|3.476|0.457,34,0,30
1790906046690337664,Sebastian,c416865c8fd5,1.169,3,63e2fa1d72b6|b5c682682679|135b17072d41,Nicolas|Vania|Nahim,1|4|2,6.695|3.676|0.657,34,0,30
1790906046890493120,Sebastian,c416865c8fd5,1.369,3,63e2fa1d72b6|b5c682682679|135b17072d41,Nicolas|Vania|Nahim,1|4|2,6.895|3.876|0.857,34,0,30
1790906047090323552,Sebastian,c416865c8fd5,1.569,3,63e2fa1d72b6|b5c682682679|135b17072d41,Nicolas|Vania|Nahim,1|4|2,7.095|4.076|1.057,34,0,30
1790906047290301440,Sebastian,c416865c8fd5,1.769,3,63e2fa1d72b6|b5c682682679|135b17072d41,Nicolas|Vania|Nahim,1|4|2,7.295|4.276|1.257,34,0,30
1790906047490375008,Sebastian,c416865c8fd5,1.969,3,63e2fa1d72b6|b5c682682679|135b17072d41,Nicolas|Vania|Nahim,1|4|2,7.495|4.476|1.457,34,0,30
1790906047690371840,Sebastian,c416865c8fd5,2.169,3,63e2fa1d72b6|b5c682682679|135b17072d41,Nicolas|Vania|Nahim,1|4|2,7.695|4.676|1.657,34,0,30
1790906047890354624,Sebastian,c416865c8fd5,2.369,3,63e2fa1d72b6|b5c682682679|135b17072d41,Nicolas|Vania|Nahim,1|4|2,7.895|4.876|1.857,34,0,30
1790906048090346208,Sebastian,c416865c8fd5,2.569,3,63e2fa1d72b6|b5c682682679|135b17072d41,Nicolas|Vania|Nahim,1|4|2,8.095|5.076|2.057,34,0,30
1790906048290307808,Sebastian,c416865c8fd5,2.769,3,63e2fa1d72b6|b5c682682679|135b17072d41,Nicolas|Vania|Nahim,1|4|2,8.295|5.276|2.257,34,0,30
1790906048490479424,Sebastian,c416865c8fd5,2.969,3,63e2fa1d72b6|b5c682682679|135b17072d41,Nicolas|Vania|Nahim,1|4|2,8.495|5.476|2.457,34,0,30
1790906048690066304,Nicolas,63e2fa1d72b6,0.150,2,b5c682682679|135b17072d41,Vania|Nahim,4|2,5.676|2.657,34,0,31
1790906048890277952,Nicolas,63e2fa1d72b6,0.350,2,b5c682682679|135b17072d41,Vania|Nahim,4|2,5.876|2.857,34,0,31
1790906049089747712,Nicolas,63e2fa1d72b6,0.550,3,b5c682682679|135b17072d41|4c700d4986fa,Vania|Nahim|Sebastian,4|2|3,6.076|3.056|0.034,35,0,31
1790906049290131840,Nicolas,63e2fa1d72b6,0.750,3,b5c682682679|135b17072d41|4c700d4986fa,Vania|Nahim|Sebastian,4|2|3,6.276|3.257|0.234,35,0,31
1790906049490349600,Nicolas,63e2fa1d72b6,0.950,3,b5c682682679|135b17072d41|4c700d4986fa,Vania|Nahim|Sebastian,4|2|3,6.476|3.457|0.435,35,0,31
1790906049690725088,Nicolas,63e2fa1d72b6,1.151,3,b5c682682679|135b17072d41|4c700d4986fa,Vania|Nahim|Sebastian,4|2|3,6.677|3.657|0.635,35,0,31
1790906049890390560,Nicolas,63e2fa1d72b6,1.351,3,b5c682682679|135b17072d41|4c700d4986fa,Vania|Nahim|Sebastian,4|2|3,6.876|3.857|0.835,35,0,31
1790906050090264576,Nicolas,63e2fa1d72b6,1.550,3,b5c682682679|135b17072d41|4c700d4986fa,Vania|Nahim|Sebastian,4|2|3,7.076|4.057|1.035,35,0,31
1790906050290331040,Nicolas,63e2fa1d72b6,1.750,3,b5c682682679|135b17072d41|4c700d4986fa,Vania|Nahim|Sebastian,4|2|3,7.276|4.257|1.235,35,0,31
1790906050490431264,Nicolas,63e2fa1d72b6,1.951,3,b5c682682679|135b17072d41|4c700d4986fa,Vania|Nahim|Sebastian,4|2|3,7.476|4.457|1.435,35,0,31
1790906050690358048,Nicolas,63e2fa1d72b6,2.150,3,b5c682682679|135b17072d41|4c700d4986fa,Vania|Nahim|Sebastian,4|2|3,7.676|4.657|1.635,35,0,31
1790906050890423360,Nicolas,63e2fa1d72b6,2.351,3,b5c682682679|135b17072d41|4c700d4986fa,Vania|Nahim|Sebastian,4|2|3,7.876|4.857|1.835,35,0,31
1790906051090454880,Nicolas,63e2fa1d72b6,2.551,3,b5c682682679|135b17072d41|4c700d4986fa,Vania|Nahim|Sebastian,4|2|3,8.076|5.057|2.035,35,0,31
1790906051290141120,Nicolas,63e2fa1d72b6,2.750,3,b5c682682679|135b17072d41|4c700d4986fa,Vania|Nahim|Sebastian,4|2|3,8.276|5.257|2.235,35,0,31
1790906051490310880,Nicolas,63e2fa1d72b6,2.950,3,b5c682682679|135b17072d41|4c700d4986fa,Vania|Nahim|Sebastian,4|2|3,8.476|5.457|2.435,35,0,31
1790906051689783296,Vania,b5c682682679,0.127,2,135b17072d41|4c700d4986fa,Nahim|Sebastian,2|3,5.657|2.634,35,0,32
1790906051890196736,Vania,b5c682682679,0.327,2,135b17072d41|4c700d4986fa,Nahim|Sebastian,2|3,5.857|2.835,35,0,32
1790906052089524896,Vania,b5c682682679,0.527,3,135b17072d41|4c700d4986fa|d56f4dc42fae,Nahim|Sebastian|Nicolas,2|3|1,6.056|3.034|0.008,36,0,32
1790906052290343200,Vania,b5c682682679,0.727,3,135b17072d41|4c700d4986fa|d56f4dc42fae,Nahim|Sebastian|Nicolas,2|3|1,6.257|3.235|0.209,36,0,32
1790906052490324800,Vania,b5c682682679,0.927,3,135b17072d41|4c700d4986fa|d56f4dc42fae,Nahim|Sebastian|Nicolas,2|3|1,6.457|3.435|0.409,36,0,32
1790906052690333120,Vania,b5c682682679,1.127,3,135b17072d41|4c700d4986fa|d56f4dc42fae,Nahim|Sebastian|Nicolas,2|3|1,6.657|3.635|0.609,36,0,32
1790906052889680768,Vania,b5c682682679,1.327,3,135b17072d41|4c700d4986fa|d56f4dc42fae,Nahim|Sebastian|Nicolas,2|3|1,6.856|3.834|0.808,36,0,32
1790906053090128960,Vania,b5c682682679,1.527,3,135b17072d41|4c700d4986fa|d56f4dc42fae,Nahim|Sebastian|Nicolas,2|3|1,7.057|4.034|1.009,36,0,32
1790906053290390688,Vania,b5c682682679,1.727,3,135b17072d41|4c700d4986fa|d56f4dc42fae,Nahim|Sebastian|Nicolas,2|3|1,7.257|4.235|1.209,36,0,32
1790906053489974304,Vania,b5c682682679,1.927,3,135b17072d41|4c700d4986fa|d56f4dc42fae,Nahim|Sebastian|Nicolas,2|3|1,7.457|4.434|1.408,36,0,32
1790906053690194304,Vania,b5c682682679,2.127,3,135b17072d41|4c700d4986fa|d56f4dc42fae,Nahim|Sebastian|Nicolas,2|3|1,7.657|4.635|1.609,36,0,32
1790906053889646496,Vania,b5c682682679,2.327,3,135b17072d41|4c700d4986fa|d56f4dc42fae,Nahim|Sebastian|Nicolas,2|3|1,7.856|4.834|1.808,36,0,32
1790906054089651104,Vania,b5c682682679,2.527,3,135b17072d41|4c700d4986fa|d56f4dc42fae,Nahim|Sebastian|Nicolas,2|3|1,8.056|5.034|2.008,36,0,32
1790906054289412672,Vania,b5c682682679,2.727,3,135b17072d41|4c700d4986fa|d56f4dc42fae,Nahim|Sebastian|Nicolas,2|3|1,8.256|5.234|2.208,36,0,32
1790906054490317024,Vania,b5c682682679,2.927,3,135b17072d41|4c700d4986fa|d56f4dc42fae,Nahim|Sebastian|Nicolas,2|3|1,8.457|5.435|2.409,36,0,32
1790906054690266336,Nahim,135b17072d41,0.108,2,4c700d4986fa|d56f4dc42fae,Sebastian|Nicolas,3|1,5.635|2.609,36,0,33
1790906054890144544,Nahim,135b17072d41,0.307,2,4c700d4986fa|d56f4dc42fae,Sebastian|Nicolas,3|1,5.834|2.809,36,0,33
1790906055090300992,Nahim,135b17072d41,0.508,2,4c700d4986fa|d56f4dc42fae,Sebastian|Nicolas,3|1,6.035|3.009,36,0,33
1790906055289881536,Nahim,135b17072d41,0.707,3,4c700d4986fa|d56f4dc42fae|d38a81b8f594,Sebastian|Nicolas|Vania,3|1|4,6.234|3.208|0.193,37,0,33
1790906055491539584,Nahim,135b17072d41,0.909,3,4c700d4986fa|d56f4dc42fae|d38a81b8f594,Sebastian|Nicolas|Vania,3|1|4,6.436|3.410|0.395,37,0,33
1790906055689900576,Nahim,135b17072d41,1.107,3,4c700d4986fa|d56f4dc42fae|d38a81b8f594,Sebastian|Nicolas|Vania,3|1|4,6.634|3.609|0.593,37,0,33
1790906055890455520,Nahim,135b17072d41,1.308,3,4c700d4986fa|d56f4dc42fae|d38a81b8f594,Sebastian|Nicolas|Vania,3|1|4,6.835|3.809|0.794,37,0,33
1790906056090411264,Nahim,135b17072d41,1.508,3,4c700d4986fa|d56f4dc42fae|d38a81b8f594,Sebastian|Nicolas|Vania,3|1|4,7.035|4.009|0.994,37,0,33
1790906056290299104,Nahim,135b17072d41,1.708,3,4c700d4986fa|d56f4dc42fae|d38a81b8f594,Sebastian|Nicolas|Vania,3|1|4,7.235|4.209|1.193,37,0,33
1790906056489772512,Nahim,135b17072d41,1.907,3,4c700d4986fa|d56f4dc42fae|d38a81b8f594,Sebastian|Nicolas|Vania,3|1|4,7.434|4.408|1.393,37,0,33
1790906056690359392,Nahim,135b17072d41,2.108,3,4c700d4986fa|d56f4dc42fae|d38a81b8f594,Sebastian|Nicolas|Vania,3|1|4,7.635|4.609|1.594,37,0,33
1790906056890317568,Nahim,135b17072d41,2.308,3,4c700d4986fa|d56f4dc42fae|d38a81b8f594,Sebastian|Nicolas|Vania,3|1|4,7.835|4.809|1.793,37,0,33
1790906057090294496,Nahim,135b17072d41,2.508,3,4c700d4986fa|d56f4dc42fae|d38a81b8f594,Sebastian|Nicolas|Vania,3|1|4,8.035|5.009|1.994,37,0,33
1790906057290326752,Nahim,135b17072d41,2.708,3,4c700d4986fa|d56f4dc42fae|d38a81b8f594,Sebastian|Nicolas|Vania,3|1|4,8.235|5.209|2.194,37,0,33
1790906057489649952,Nahim,135b17072d41,2.907,3,4c700d4986fa|d56f4dc42fae|d38a81b8f594,Sebastian|Nicolas|Vania,3|1|4,8.434|5.408|2.393,37,0,33
1790906057689992768,Sebastian,4c700d4986fa,0.088,2,d56f4dc42fae|d38a81b8f594,Nicolas|Vania,1|4,5.609|2.593,37,0,34
1790906057890293920,Sebastian,4c700d4986fa,0.288,2,d56f4dc42fae|d38a81b8f594,Nicolas|Vania,1|4,5.809|2.794,37,0,34
1790906058090887168,Sebastian,4c700d4986fa,0.489,2,d56f4dc42fae|d38a81b8f594,Nicolas|Vania,1|4,6.009|2.994,37,0,34
1790906058290068608,Sebastian,4c700d4986fa,0.688,3,d56f4dc42fae|d38a81b8f594|4b1c150ccf19,Nicolas|Vania|Nahim,1|4|2,6.209|3.193|0.173,38,0,34
1790906058490413472,Sebastian,4c700d4986fa,0.888,3,d56f4dc42fae|d38a81b8f594|4b1c150ccf19,Nicolas|Vania|Nahim,1|4|2,6.409|3.394|0.373,38,0,34
1790906058690432480,Sebastian,4c700d4986fa,1.088,3,d56f4dc42fae|d38a81b8f594|4b1c150ccf19,Nicolas|Vania|Nahim,1|4|2,6.609|3.594|0.573,38,0,34
1790906058890051072,Sebastian,4c700d4986fa,1.288,3,d56f4dc42fae|d38a81b8f594|4b1c150ccf19,Nicolas|Vania|Nahim,1|4|2,6.809|3.793|0.773,38,0,34
1790906059090425696,Sebastian,4c700d4986fa,1.488,3,d56f4dc42fae|d38a81b8f594|4b1c150ccf19,Nicolas|Vania|Nahim,1|4|2,7.009|3.994|0.973,38,0,34
1790906059290338912,Sebastian,4c700d4986fa,1.688,3,d56f4dc42fae|d38a81b8f594|4b1c150ccf19,Nicolas|Vania|Nahim,1|4|2,7.209|4.194|1.173,38,0,34
1790906059490378880,Sebastian,4c700d4986fa,1.888,3,d56f4dc42fae|d38a81b8f594|4b1c150ccf19,Nicolas|Vania|Nahim,1|4|2,7.409|4.394|1.373,38,0,34
1790906059690313920,Sebastian,4c700d4986fa,2.088,3,d56f4dc42fae|d38a81b8f594|4b1c150ccf19,Nicolas|Vania|Nahim,1|4|2,7.609|4.593|1.573,38,0,34
1790906059890330496,Sebastian,4c700d4986fa,2.288,3,d56f4dc42fae|d38a81b8f594|4b1c150ccf19,Nicolas|Vania|Nahim,1|4|2,7.809|4.794|1.773,38,0,34
1790906060089783456,Sebastian,4c700d4986fa,2.488,3,d56f4dc42fae|d38a81b8f594|4b1c150ccf19,Nicolas|Vania|Nahim,1|4|2,8.008|4.993|1.973,38,0,34
1790906060290304416,Sebastian,4c700d4986fa,2.688,3,d56f4dc42fae|d38a81b8f594|4b1c150ccf19,Nicolas|Vania|Nahim,1|4|2,8.209|5.193|2.173,38,0,34
1790906060490372224,Sebastian,4c700d4986fa,2.888,3,d56f4dc42fae|d38a81b8f594|4b1c150ccf19,Nicolas|Vania|Nahim,1|4|2,8.409|5.394|2.373,38,0,34
1790906060690320960,Nicolas,d56f4dc42fae,0.068,2,d38a81b8f594|4b1c150ccf19,Vania|Nahim,4|2,5.593|2.573,38,0,35
1790906060890319616,Nicolas,d56f4dc42fae,0.268,2,d38a81b8f594|4b1c150ccf19,Vania|Nahim,4|2,5.793|2.773,38,0,35
1790906061090343424,Nicolas,d56f4dc42fae,0.468,2,d38a81b8f594|4b1c150ccf19,Vania|Nahim,4|2,5.993|2.973,38,0,35
1790906061290435296,Nicolas,d56f4dc42fae,0.668,3,d38a81b8f594|4b1c150ccf19|2d74bc4528d6,Vania|Nahim|Sebastian,4|2|3,6.194|3.173|0.154,39,0,35
1790906061490399584,Nicolas,d56f4dc42fae,0.868,3,d38a81b8f594|4b1c150ccf19|2d74bc4528d6,Vania|Nahim|Sebastian,4|2|3,6.394|3.373|0.354,39,0,35
1790906061690467456,Nicolas,d56f4dc42fae,1.068,3,d38a81b8f594|4b1c150ccf19|2d74bc4528d6,Vania|Nahim|Sebastian,4|2|3,6.594|3.573|0.554,39,0,35
1790906061890289024,Nicolas,d56f4dc42fae,1.268,3,d38a81b8f594|4b1c150ccf19|2d74bc4528d6,Vania|Nahim|Sebastian,4|2|3,6.793|3.773|0.754,39,0,35
1790906062090372000,Nicolas,d56f4dc42fae,1.468,3,d38a81b8f594|4b1c150ccf19|2d74bc4528d6,Vania|Nahim|Sebastian,4|2|3,6.994|3.973|0.954,39,0,35
1790906062290319488,Nicolas,d56f4dc42fae,1.668,3,d38a81b8f594|4b1c150ccf19|2d74bc4528d6,Vania|Nahim|Sebastian,4|2|3,7.193|4.173|1.154,39,0,35
1790906062490417376,Nicolas,d56f4dc42fae,1.868,3,d38a81b8f594|4b1c150ccf19|2d74bc4528d6,Vania|Nahim|Sebastian,4|2|3,7.394|4.373|1.354,39,0,35
1790906062690328768,Nicolas,d56f4dc42fae,2.068,3,d38a81b8f594|4b1c150ccf19|2d74bc4528d6,Vania|Nahim|Sebastian,4|2|3,7.593|4.573|1.554,39,0,35
1790906062890413600,Nicolas,d56f4dc42fae,2.268,3,d38a81b8f594|4b1c150ccf19|2d74bc4528d6,Vania|Nahim|Sebastian,4|2|3,7.794|4.773|1.754,39,0,35
1790906063090402976,Nicolas,d56f4dc42fae,2.468,3,d38a81b8f594|4b1c150ccf19|2d74bc4528d6,Vania|Nahim|Sebastian,4|2|3,7.994|4.973|1.954,39,0,35
1790906063290433760,Nicolas,d56f4dc42fae,2.668,3,d38a81b8f594|4b1c150ccf19|2d74bc4528d6,Vania|Nahim|Sebastian,4|2|3,8.194|5.173|2.154,39,0,35
1790906063490439520,Nicolas,d56f4dc42fae,2.868,3,d38a81b8f594|4b1c150ccf19|2d74bc4528d6,Vania|Nahim|Sebastian,4|2|3,8.394|5.373|2.354,39,0,35
1790906063690335872,Vania,d38a81b8f594,0.048,2,4b1c150ccf19|2d74bc4528d6,Nahim|Sebastian,2|3,5.573|2.554,39,0,36
1790906063890427968,Vania,d38a81b8f594,0.248,2,4b1c150ccf19|2d74bc4528d6,Nahim|Sebastian,2|3,5.773|2.754,39,0,36
1790906064090513440,Vania,d38a81b8f594,0.448,2,4b1c150ccf19|2d74bc4528d6,Nahim|Sebastian,2|3,5.973|2.954,39,0,36
1790906064290228864,Vania,d38a81b8f594,0.648,3,4b1c150ccf19|2d74bc4528d6|c26cd4e2cc84,Nahim|Sebastian|Nicolas,2|3|1,6.173|3.154|0.133,40,0,36
1790906064490294176,Vania,d38a81b8f594,0.848,3,4b1c150ccf19|2d74bc4528d6|c26cd4e2cc84,Nahim|Sebastian|Nicolas,2|3|1,6.373|3.354|0.333,40,0,36
1790906064690373696,Vania,d38a81b8f594,1.048,3,4b1c150ccf19|2d74bc4528d6|c26cd4e2cc84,Nahim|Sebastian|Nicolas,2|3|1,6.573|3.554|0.533,40,0,36
1790906064890248672,Vania,d38a81b8f594,1.248,3,4b1c150ccf19|2d74bc4528d6|c26cd4e2cc84,Nahim|Sebastian|Nicolas,2|3|1,6.773|3.754|0.733,40,0,36
1790906065090293824,Vania,d38a81b8f594,1.448,3,4b1c150ccf19|2d74bc4528d6|c26cd4e2cc84,Nahim|Sebastian|Nicolas,2|3|1,6.973|3.954|0.933,40,0,36
1790906065290375744,Vania,d38a81b8f594,1.648,3,4b1c150ccf19|2d74bc4528d6|c26cd4e2cc84,Nahim|Sebastian|Nicolas,2|3|1,7.173|4.154|1.133,40,0,36
1790906065490248480,Vania,d38a81b8f594,1.848,3,4b1c150ccf19|2d74bc4528d6|c26cd4e2cc84,Nahim|Sebastian|Nicolas,2|3|1,7.373|4.354|1.333,40,0,36
1790906065690255296,Vania,d38a81b8f594,2.048,3,4b1c150ccf19|2d74bc4528d6|c26cd4e2cc84,Nahim|Sebastian|Nicolas,2|3|1,7.573|4.554|1.533,40,0,36
1790906065890239872,Vania,d38a81b8f594,2.248,3,4b1c150ccf19|2d74bc4528d6|c26cd4e2cc84,Nahim|Sebastian|Nicolas,2|3|1,7.773|4.754|1.733,40,0,36
1790906066090099808,Vania,d38a81b8f594,2.447,3,4b1c150ccf19|2d74bc4528d6|c26cd4e2cc84,Nahim|Sebastian|Nicolas,2|3|1,7.973|4.954|1.933,40,0,36
1790906066290231328,Vania,d38a81b8f594,2.648,3,4b1c150ccf19|2d74bc4528d6|c26cd4e2cc84,Nahim|Sebastian|Nicolas,2|3|1,8.173|5.154|2.133,40,0,36
1790906066490333056,Vania,d38a81b8f594,2.848,3,4b1c150ccf19|2d74bc4528d6|c26cd4e2cc84,Nahim|Sebastian|Nicolas,2|3|1,8.373|5.354|2.333,40,0,36
1790906066690015008,Nahim,4b1c150ccf19,0.026,2,2d74bc4528d6|c26cd4e2cc84,Sebastian|Nicolas,3|1,5.554|2.533,40,0,37
1790906066890376864,Nahim,4b1c150ccf19,0.226,2,2d74bc4528d6|c26cd4e2cc84,Sebastian|Nicolas,3|1,5.754|2.733,40,0,37
1790906067090209824,Nahim,4b1c150ccf19,0.426,2,2d74bc4528d6|c26cd4e2cc84,Sebastian|Nicolas,3|1,5.954|2.933,40,0,37
1790906067290405568,Nahim,4b1c150ccf19,0.626,3,2d74bc4528d6|c26cd4e2cc84|d8dce6f507f5,Sebastian|Nicolas|Vania,3|1|4,6.154|3.133|0.112,41,0,37
1790906067490240480,Nahim,4b1c150ccf19,0.826,3,2d74bc4528d6|c26cd4e2cc84|d8dce6f507f5,Sebastian|Nicolas|Vania,3|1|4,6.354|3.333|0.312,41,0,37
1790906067690401568,Nahim,4b1c150ccf19,1.026,3,2d74bc4528d6|c26cd4e2cc84|d8dce6f507f5,Sebastian|Nicolas|Vania,3|1|4,6.554|3.533|0.512,41,0,37
1790906067890093152,Nahim,4b1c150ccf19,1.226,3,2d74bc4528d6|c26cd4e2cc84|d8dce6f507f5,Sebastian|Nicolas|Vania,3|1|4,6.754|3.733|0.712,41,0,37
1790906068090805184,Nahim,4b1c150ccf19,1.426,3,2d74bc4528d6|c26cd4e2cc84|d8dce6f507f5,Sebastian|Nicolas|Vania,3|1|4,6.954|3.933|0.912,41,0,37
1790906068290296704,Nahim,4b1c150ccf19,1.626,3,2d74bc4528d6|c26cd4e2cc84|d8dce6f507f5,Sebastian|Nicolas|Vania,3|1|4,7.154|4.133|1.112,41,0,37
1790906068490639296,Nahim,4b1c150ccf19,1.826,3,2d74bc4528d6|c26cd4e2cc84|d8dce6f507f5,Sebastian|Nicolas|Vania,3|1|4,7.354|4.333|1.312,41,0,37
1790906068690699968,Nahim,4b1c150ccf19,2.026,3,2d74bc4528d6|c26cd4e2cc84|d8dce6f507f5,Sebastian|Nicolas|Vania,3|1|4,7.554|4.533|1.512,41,0,37
1790906068890418496,Nahim,4b1c150ccf19,2.226,3,2d74bc4528d6|c26cd4e2cc84|d8dce6f507f5,Sebastian|Nicolas|Vania,3|1|4,7.754|4.733|1.712,41,0,37
1790906069090131520,Nahim,4b1c150ccf19,2.426,3,2d74bc4528d6|c26cd4e2cc84|d8dce6f507f5,Sebastian|Nicolas|Vania,3|1|4,7.954|4.933|1.912,41,0,37
1790906069290441280,Nahim,4b1c150ccf19,2.626,3,2d74bc4528d6|c26cd4e2cc84|d8dce6f507f5,Sebastian|Nicolas|Vania,3|1|4,8.154|5.133|2.112,41,0,37
1790906069490320448,Nahim,4b1c150ccf19,2.826,3,2d74bc4528d6|c26cd4e2cc84|d8dce6f507f5,Sebastian|Nicolas|Vania,3|1|4,8.354|5.333|2.312,41,0,37
1790906069689629248,Sebastian,2d74bc4528d6,0.006,2,c26cd4e2cc84|d8dce6f507f5,Nicolas|Vania,1|4,5.532|2.512,41,0,38
1790906069890326944,Sebastian,2d74bc4528d6,0.207,2,c26cd4e2cc84|d8dce6f507f5,Nicolas|Vania,1|4,5.733|2.712,41,0,38
1790906070090333120,Sebastian,2d74bc4528d6,0.407,2,c26cd4e2cc84|d8dce6f507f5,Nicolas|Vania,1|4,5.933|2.912,41,0,38
1790906070292795008,Sebastian,2d74bc4528d6,0.609,3,c26cd4e2cc84|d8dce6f507f5|9615690d105b,Nicolas|Vania|Nahim,1|4|2,6.135|3.114|0.091,42,0,38
1790906070490369952,Sebastian,2d74bc4528d6,0.807,3,c26cd4e2cc84|d8dce6f507f5|9615690d105b,Nicolas|Vania|Nahim,1|4|2,6.333|3.312|0.289,42,0,38
1790906070690245920,Sebastian,2d74bc4528d6,1.007,3,c26cd4e2cc84|d8dce6f507f5|9615690d105b,Nicolas|Vania|Nahim,1|4|2,6.533|3.512|0.489,42,0,38
1790906070890296256,Sebastian,2d74bc4528d6,1.207,3,c26cd4e2cc84|d8dce6f507f5|9615690d105b,Nicolas|Vania|Nahim,1|4|2,6.733|3.712|0.689,42,0,38
1790906071089921728,Sebastian,2d74bc4528d6,1.407,3,c26cd4e2cc84|d8dce6f507f5|9615690d105b,Nicolas|Vania|Nahim,1|4|2,6.933|3.912|0.889,42,0,38
1790906071290259680,Sebastian,2d74bc4528d6,1.607,3,c26cd4e2cc84|d8dce6f507f5|9615690d105b,Nicolas|Vania|Nahim,1|4|2,7.133|4.112|1.089,42,0,38
1790906071490419744,Sebastian,2d74bc4528d6,1.807,3,c26cd4e2cc84|d8dce6f507f5|9615690d105b,Nicolas|Vania|Nahim,1|4|2,7.333|4.312|1.289,42,0,38
1790906071690333760,Sebastian,2d74bc4528d6,2.007,3,c26cd4e2cc84|d8dce6f507f5|9615690d105b,Nicolas|Vania|Nahim,1|4|2,7.533|4.512|1.489,42,0,38
1790906071890445920,Sebastian,2d74bc4528d6,2.207,3,c26cd4e2cc84|d8dce6f507f5|9615690d105b,Nicolas|Vania|Nahim,1|4|2,7.733|4.712|1.689,42,0,38
1790906072090289312,Sebastian,2d74bc4528d6,2.407,3,c26cd4e2cc84|d8dce6f507f5|9615690d105b,Nicolas|Vania|Nahim,1|4|2,7.933|4.912|1.889,42,0,38
1790906072290098624,Sebastian,2d74bc4528d6,2.607,3,c26cd4e2cc84|d8dce6f507f5|9615690d105b,Nicolas|Vania|Nahim,1|4|2,8.133|5.112|2.089,42,0,38
1790906072490148384,Sebastian,2d74bc4528d6,2.807,3,c26cd4e2cc84|d8dce6f507f5|9615690d105b,Nicolas|Vania|Nahim,1|4|2,8.333|5.312|2.289,42,0,38
1790906072690241632,Sebastian,2d74bc4528d6,3.007,3,c26cd4e2cc84|d8dce6f507f5|9615690d105b,Nicolas|Vania|Nahim,1|4|2,8.533|5.512|2.489,42,0,38
1790906072890187232,Nicolas,c26cd4e2cc84,0.185,2,d8dce6f507f5|9615690d105b,Vania|Nahim,4|2,5.712|2.689,42,0,39
1790906073090219136,Nicolas,c26cd4e2cc84,0.386,2,d8dce6f507f5|9615690d105b,Vania|Nahim,4|2,5.912|2.889,42,0,39
1790906073290051328,Nicolas,c26cd4e2cc84,0.585,3,d8dce6f507f5|9615690d105b|7a63710291ff,Vania|Nahim|Sebastian,4|2|3,6.112|3.089|0.071,43,0,39
1790906073490329568,Nicolas,c26cd4e2cc84,0.786,3,d8dce6f507f5|9615690d105b|7a63710291ff,Vania|Nahim|Sebastian,4|2|3,6.312|3.289|0.271,43,0,39
1790906073690344576,Nicolas,c26cd4e2cc84,0.986,3,d8dce6f507f5|9615690d105b|7a63710291ff,Vania|Nahim|Sebastian,4|2|3,6.512|3.489|0.472,43,0,39
1790906073890311040,Nicolas,c26cd4e2cc84,1.186,3,d8dce6f507f5|9615690d105b|7a63710291ff,Vania|Nahim|Sebastian,4|2|3,6.712|3.689|0.671,43,0,39
1790906074090327968,Nicolas,c26cd4e2cc84,1.386,3,d8dce6f507f5|9615690d105b|7a63710291ff,Vania|Nahim|Sebastian,4|2|3,6.912|3.889|0.871,43,0,39
1790906074290145888,Nicolas,c26cd4e2cc84,1.586,3,d8dce6f507f5|9615690d105b|7a63710291ff,Vania|Nahim|Sebastian,4|2|3,7.112|4.089|1.071,43,0,39
1790906074490454976,Nicolas,c26cd4e2cc84,1.786,3,d8dce6f507f5|9615690d105b|7a63710291ff,Vania|Nahim|Sebastian,4|2|3,7.312|4.289|1.272,43,0,39
1790906074690769728,Nicolas,c26cd4e2cc84,1.986,3,d8dce6f507f5|9615690d105b|7a63710291ff,Vania|Nahim|Sebastian,4|2|3,7.513|4.490|1.472,43,0,39
1790906074890669664,Nicolas,c26cd4e2cc84,2.186,3,d8dce6f507f5|9615690d105b|7a63710291ff,Vania|Nahim|Sebastian,4|2|3,7.712|4.690|1.672,43,0,39
1790906075090449824,Nicolas,c26cd4e2cc84,2.386,3,d8dce6f507f5|9615690d105b|7a63710291ff,Vania|Nahim|Sebastian,4|2|3,7.912|4.889|1.872,43,0,39
1790906075290255328,Nicolas,c26cd4e2cc84,2.586,3,d8dce6f507f5|9615690d105b|7a63710291ff,Vania|Nahim|Sebastian,4|2|3,8.112|5.089|2.071,43,0,39
1790906075489840608,Nicolas,c26cd4e2cc84,2.785,3,d8dce6f507f5|9615690d105b|7a63710291ff,Vania|Nahim|Sebastian,4|2|3,8.312|5.289|2.271,43,0,39
1790906075690306016,Nicolas,c26cd4e2cc84,2.986,3,d8dce6f507f5|9615690d105b|7a63710291ff,Vania|Nahim|Sebastian,4|2|3,8.512|5.489|2.471,43,0,39
1790906075890310112,Vania,d8dce6f507f5,0.167,2,9615690d105b|7a63710291ff,Nahim|Sebastian,2|3,5.689|2.672,43,0,40
1790906076090302432,Vania,d8dce6f507f5,0.367,2,9615690d105b|7a63710291ff,Nahim|Sebastian,2|3,5.889|2.871,43,0,40
1790906076290139552,Vania,d8dce6f507f5,0.566,3,9615690d105b|7a63710291ff|ae79b09a8f63,Nahim|Sebastian|Nicolas,2|3|1,6.089|3.071|0.052,44,0,40
1790906076490322336,Vania,d8dce6f507f5,0.767,3,9615690d105b|7a63710291ff|ae79b09a8f63,Nahim|Sebastian|Nicolas,2|3|1,6.289|3.271|0.252,44,0,40
1790906076689598400,Vania,d8dce6f507f5,0.966,3,9615690d105b|7a63710291ff|ae79b09a8f63,Nahim|Sebastian|Nicolas,2|3|1,6.489|3.471|0.451,44,0,40
1790906076890332928,Vania,d8dce6f507f5,1.167,3,9615690d105b|7a63710291ff|ae79b09a8f63,Nahim|Sebastian|Nicolas,2|3|1,6.689|3.671|0.652,44,0,40
1790906077090306144,Vania,d8dce6f507f5,1.367,3,9615690d105b|7a63710291ff|ae79b09a8f63,Nahim|Sebastian|Nicolas,2|3|1,6.889|3.871|0.852,44,0,40
1790906077290349760,Vania,d8dce6f507f5,1.567,3,9615690d105b|7a63710291ff|ae79b09a8f63,Nahim|Sebastian|Nicolas,2|3|1,7.089|4.071|1.052,44,0,40
1790906077490433152,Vania,d8dce6f507f5,1.767,3,9615690d105b|7a63710291ff|ae79b09a8f63,Nahim|Sebastian|Nicolas,2|3|1,7.289|4.272|1.252,44,0,40
1790906077690398720,Vania,d8dce6f507f5,1.967,3,9615690d105b|7a63710291ff|ae79b09a8f63,Nahim|Sebastian|Nicolas,2|3|1,7.489|4.472|1.452,44,0,40
1790906077890008928,Vania,d8dce6f507f5,2.166,3,9615690d105b|7a63710291ff|ae79b09a8f63,Nahim|Sebastian|Nicolas,2|3|1,7.689|4.671|1.652,44,0,40
1790906078090335840,Vania,d8dce6f507f5,2.367,3,9615690d105b|7a63710291ff|ae79b09a8f63,Nahim|Sebastian|Nicolas,2|3|1,7.889|4.871|1.852,44,0,40
1790906078290411488,Vania,d8dce6f507f5,2.567,3,9615690d105b|7a63710291ff|ae79b09a8f63,Nahim|Sebastian|Nicolas,2|3|1,8.089|5.072|2.052,44,0,40
1790906078490219232,Vania,d8dce6f507f5,2.767,3,9615690d105b|7a63710291ff|ae79b09a8f63,Nahim|Sebastian|Nicolas,2|3|1,8.289|5.272|2.252,44,0,40
1790906078690233408,Vania,d8dce6f507f5,2.967,3,9615690d105b|7a63710291ff|ae79b09a8f63,Nahim|Sebastian|Nicolas,2|3|1,8.489|5.471|2.452,44,0,40
1790906078890089056,Nahim,9615690d105b,0.146,2,7a63710291ff|ae79b09a8f63,Sebastian|Nicolas,3|1,5.671|2.652,44,0,41
1790906079090079904,Nahim,9615690d105b,0.346,2,7a63710291ff|ae79b09a8f63,Sebastian|Nicolas,3|1,5.871|2.852,44,0,41
1790906079290023648,Nahim,9615690d105b,0.546,3,7a63710291ff|ae79b09a8f63|0cc5aacecc11,Sebastian|Nicolas|Vania,3|1|4,6.071|3.052|0.031,45,0,41
1790906079490217728,Nahim,9615690d105b,0.746,3,7a63710291ff|ae79b09a8f63|0cc5aacecc11,Sebastian|Nicolas|Vania,3|1|4,6.271|3.252|0.231,45,0,41
1790906079690307968,Nahim,9615690d105b,0.946,3,7a63710291ff|ae79b09a8f63|0cc5aacecc11,Sebastian|Nicolas|Vania,3|1|4,6.471|3.452|0.431,45,0,41
1790906079890563264,Nahim,9615690d105b,1.146,3,7a63710291ff|ae79b09a8f63|0cc5aacecc11,Sebastian|Nicolas|Vania,3|1|4,6.672|3.652|0.632,45,0,41
1790906080090285632,Nahim,9615690d105b,1.346,3,7a63710291ff|ae79b09a8f63|0cc5aacecc11,Sebastian|Nicolas|Vania,3|1|4,6.871|3.852|0.831,45,0,41
1790906080289568736,Nahim,9615690d105b,1.545,3,7a63710291ff|ae79b09a8f63|0cc5aacecc11,Sebastian|Nicolas|Vania,3|1|4,7.071|4.051|1.031,45,0,41
1790906080490366112,Nahim,9615690d105b,1.746,3,7a63710291ff|ae79b09a8f63|0cc5aacecc11,Sebastian|Nicolas|Vania,3|1|4,7.271|4.252|1.231,45,0,41
1790906080690090624,Nahim,9615690d105b,1.946,3,7a63710291ff|ae79b09a8f63|0cc5aacecc11,Sebastian|Nicolas|Vania,3|1|4,7.471|4.452|1.431,45,0,41
1790906080890176544,Nahim,9615690d105b,2.146,3,7a63710291ff|ae79b09a8f63|0cc5aacecc11,Sebastian|Nicolas|Vania,3|1|4,7.671|4.652|1.631,45,0,41
1790906081090353600,Nahim,9615690d105b,2.346,3,7a63710291ff|ae79b09a8f63|0cc5aacecc11,Sebastian|Nicolas|Vania,3|1|4,7.872|4.852|1.832,45,0,41
1790906081290639904,Nahim,9615690d105b,2.546,3,7a63710291ff|ae79b09a8f63|0cc5aacecc11,Sebastian|Nicolas|Vania,3|1|4,8.072|5.052|2.032,45,0,41
1790906081490160352,Nahim,9615690d105b,2.746,3,7a63710291ff|ae79b09a8f63|0cc5aacecc11,Sebastian|Nicolas|Vania,3|1|4,8.271|5.252|2.231,45,0,41
1790906081690590176,Nahim,9615690d105b,2.946,3,7a63710291ff|ae79b09a8f63|0cc5aacecc11,Sebastian|Nicolas|Vania,3|1|4,8.471|5.452|2.431,45,0,41
1790906081890350272,Sebastian,7a63710291ff,0.126,2,ae79b09a8f63|0cc5aacecc11,Nicolas|Vania,1|4,5.652|2.632,45,0,42
1790906082090032096,Sebastian,7a63710291ff,0.326,2,ae79b09a8f63|0cc5aacecc11,Nicolas|Vania,1|4,5.852|2.831,45,0,42
1790906082289512192,Sebastian,7a63710291ff,0.525,3,ae79b09a8f63|0cc5aacecc11|4e4fce9c603f,Nicolas|Vania|Nahim,1|4|2,6.051|3.031|0.011,46,0,42
1790906082490328992,Sebastian,7a63710291ff,0.726,3,ae79b09a8f63|0cc5aacecc11|4e4fce9c603f,Nicolas|Vania|Nahim,1|4|2,6.252|3.231|0.211,46,0,42
1790906082689854464,Sebastian,7a63710291ff,0.925,3,ae79b09a8f63|0cc5aacecc11|4e4fce9c603f,Nicolas|Vania|Nahim,1|4|2,6.451|3.431|0.411,46,0,42
1790906082890045696,Sebastian,7a63710291ff,1.126,3,ae79b09a8f63|0cc5aacecc11|4e4fce9c603f,Nicolas|Vania|Nahim,1|4|2,6.652|3.631|0.611,46,0,42
1790906083090369088,Sebastian,7a63710291ff,1.326,3,ae79b09a8f63|0cc5aacecc11|4e4fce9c603f,Nicolas|Vania|Nahim,1|4|2,6.852|3.832|0.811,46,0,42
1790906083289854720,Sebastian,7a63710291ff,1.526,3,ae79b09a8f63|0cc5aacecc11|4e4fce9c603f,Nicolas|Vania|Nahim,1|4|2,7.051|4.031|1.011,46,0,42
1790906083490385888,Sebastian,7a63710291ff,1.726,3,ae79b09a8f63|0cc5aacecc11|4e4fce9c603f,Nicolas|Vania|Nahim,1|4|2,7.252|4.232|1.211,46,0,42
1790906083690526304,Sebastian,7a63710291ff,1.926,3,ae79b09a8f63|0cc5aacecc11|4e4fce9c603f,Nicolas|Vania|Nahim,1|4|2,7.452|4.432|1.412,46,0,42
1790906083889386208,Sebastian,7a63710291ff,2.125,3,ae79b09a8f63|0cc5aacecc11|4e4fce9c603f,Nicolas|Vania|Nahim,1|4|2,7.651|4.631|1.611,46,0,42
1790906084090494560,Sebastian,7a63710291ff,2.326,3,ae79b09a8f63|0cc5aacecc11|4e4fce9c603f,Nicolas|Vania|Nahim,1|4|2,7.852|4.832|1.812,46,0,42
1790906084290312704,Sebastian,7a63710291ff,2.526,3,ae79b09a8f63|0cc5aacecc11|4e4fce9c603f,Nicolas|Vania|Nahim,1|4|2,8.052|5.031|2.011,46,0,42
1790906084490089376,Sebastian,7a63710291ff,2.726,3,ae79b09a8f63|0cc5aacecc11|4e4fce9c603f,Nicolas|Vania|Nahim,1|4|2,8.252|5.231|2.211,46,0,42
1790906084689878848,Sebastian,7a63710291ff,2.926,3,ae79b09a8f63|0cc5aacecc11|4e4fce9c603f,Nicolas|Vania|Nahim,1|4|2,8.451|5.431|2.411,46,0,42
1790906084890718592,Nicolas,ae79b09a8f63,0.104,2,0cc5aacecc11|4e4fce9c603f,Vania|Nahim,4|2,5.632|2.612,46,0,43
1790906085089978336,Nicolas,ae79b09a8f63,0.304,2,0cc5aacecc11|4e4fce9c603f,Vania|Nahim,4|2,5.831|2.811,46,0,43
1790906085290272064,Nicolas,ae79b09a8f63,0.504,2,0cc5aacecc11|4e4fce9c603f,Vania|Nahim,4|2,6.031|3.011,46,0,43
1790906085489908448,Nicolas,ae79b09a8f63,0.703,3,0cc5aacecc11|4e4fce9c603f|6cfee3024a5c,Vania|Nahim|Sebastian,4|2|3,6.231|3.211|0.186,47,0,43
1790906085690357280,Nicolas,ae79b09a8f63,0.904,3,0cc5aacecc11|4e4fce9c603f|6cfee3024a5c,Vania|Nahim|Sebastian,4|2|3,6.431|3.411|0.386,47,0,43
1790906085890379008,Nicolas,ae79b09a8f63,1.104,3,0cc5aacecc11|4e4fce9c603f|6cfee3024a5c,Vania|Nahim|Sebastian,4|2|3,6.632|3.612|0.586,47,0,43
1790906086091179008,Nicolas,ae79b09a8f63,1.305,3,0cc5aacecc11|4e4fce9c603f|6cfee3024a5c,Vania|Nahim|Sebastian,4|2|3,6.832|3.812|0.787,47,0,43
1790906086289601024,Nicolas,ae79b09a8f63,1.503,3,0cc5aacecc11|4e4fce9c603f|6cfee3024a5c,Vania|Nahim|Sebastian,4|2|3,7.031|4.011|0.986,47,0,43
1790906086490438848,Nicolas,ae79b09a8f63,1.704,3,0cc5aacecc11|4e4fce9c603f|6cfee3024a5c,Vania|Nahim|Sebastian,4|2|3,7.232|4.212|1.187,47,0,43
1790906086690402208,Nicolas,ae79b09a8f63,1.904,3,0cc5aacecc11|4e4fce9c603f|6cfee3024a5c,Vania|Nahim|Sebastian,4|2|3,7.432|4.412|1.386,47,0,43
1790906086890282720,Nicolas,ae79b09a8f63,2.104,3,0cc5aacecc11|4e4fce9c603f|6cfee3024a5c,Vania|Nahim|Sebastian,4|2|3,7.631|4.611|1.586,47,0,43
1790906087090347712,Nicolas,ae79b09a8f63,2.304,3,0cc5aacecc11|4e4fce9c603f|6cfee3024a5c,Vania|Nahim|Sebastian,4|2|3,7.831|4.811|1.786,47,0,43
1790906087290290720,Nicolas,ae79b09a8f63,2.504,3,0cc5aacecc11|4e4fce9c603f|6cfee3024a5c,Vania|Nahim|Sebastian,4|2|3,8.032|5.011|1.986,47,0,43
1790906087489790400,Nicolas,ae79b09a8f63,2.703,3,0cc5aacecc11|4e4fce9c603f|6cfee3024a5c,Vania|Nahim|Sebastian,4|2|3,8.231|5.211|2.186,47,0,43
1790906087689939968,Nicolas,ae79b09a8f63,2.903,3,0cc5aacecc11|4e4fce9c603f|6cfee3024a5c,Vania|Nahim|Sebastian,4|2|3,8.431|5.411|2.386,47,0,43
1790906087890697664,Vania,0cc5aacecc11,0.084,2,4e4fce9c603f|6cfee3024a5c,Nahim|Sebastian,2|3,5.612|2.587,47,0,44
1790906088090249376,Vania,0cc5aacecc11,0.284,2,4e4fce9c603f|6cfee3024a5c,Nahim|Sebastian,2|3,5.811|2.786,47,0,44
1790906088291399936,Vania,0cc5aacecc11,0.484,2,4e4fce9c603f|6cfee3024a5c,Nahim|Sebastian,2|3,6.012|2.986,47,0,44
1790906088490736608,Vania,0cc5aacecc11,0.684,3,4e4fce9c603f|6cfee3024a5c|fde7e04129da,Nahim|Sebastian|Nicolas,2|3|1,6.212|3.186|0.169,48,0,44
1790906088690075072,Vania,0cc5aacecc11,0.884,3,4e4fce9c603f|6cfee3024a5c|fde7e04129da,Nahim|Sebastian|Nicolas,2|3|1,6.411|3.386|0.369,48,0,44
1790906088890603680,Vania,0cc5aacecc11,1.084,3,4e4fce9c603f|6cfee3024a5c|fde7e04129da,Nahim|Sebastian|Nicolas,2|3|1,6.612|3.587|0.569,48,0,44
1790906089090966784,Vania,0cc5aacecc11,1.284,3,4e4fce9c603f|6cfee3024a5c|fde7e04129da,Nahim|Sebastian|Nicolas,2|3|1,6.812|3.787|0.769,48,0,44
1790906089290484672,Vania,0cc5aacecc11,1.484,3,4e4fce9c603f|6cfee3024a5c|fde7e04129da,Nahim|Sebastian|Nicolas,2|3|1,7.012|3.987|0.969,48,0,44
1790906089490399424,Vania,0cc5aacecc11,1.684,3,4e4fce9c603f|6cfee3024a5c|fde7e04129da,Nahim|Sebastian|Nicolas,2|3|1,7.211|4.186|1.169,48,0,44
1790906089690386688,Vania,0cc5aacecc11,1.884,3,4e4fce9c603f|6cfee3024a5c|fde7e04129da,Nahim|Sebastian|Nicolas,2|3|1,7.411|4.386|1.369,48,0,44
1790906089890277120,Vania,0cc5aacecc11,2.084,3,4e4fce9c603f|6cfee3024a5c|fde7e04129da,Nahim|Sebastian|Nicolas,2|3|1,7.612|4.586|1.569,48,0,44
1790906090090342848,Vania,0cc5aacecc11,2.284,3,4e4fce9c603f|6cfee3024a5c|fde7e04129da,Nahim|Sebastian|Nicolas,2|3|1,7.811|4.786|1.769,48,0,44
1790906090290321728,Vania,0cc5aacecc11,2.484,3,4e4fce9c603f|6cfee3024a5c|fde7e04129da,Nahim|Sebastian|Nicolas,2|3|1,8.011|4.986|1.969,48,0,44
1790906090490401280,Vania,0cc5aacecc11,2.684,3,4e4fce9c603f|6cfee3024a5c|fde7e04129da,Nahim|Sebastian|Nicolas,2|3|1,8.211|5.186|2.169,48,0,44
1790906090690253344,Vania,0cc5aacecc11,2.884,3,4e4fce9c603f|6cfee3024a5c|fde7e04129da,Nahim|Sebastian|Nicolas,2|3|1,8.411|5.386|2.369,48,0,44
1790906090890319040,Nahim,4e4fce9c603f,0.062,2,6cfee3024a5c|fde7e04129da,Sebastian|Nicolas,3|1,5.586|2.569,48,0,45
1790906091090378848,Nahim,4e4fce9c603f,0.262,2,6cfee3024a5c|fde7e04129da,Sebastian|Nicolas,3|1,5.787|2.769,48,0,45
1790906091290436288,Nahim,4e4fce9c603f,0.462,2,6cfee3024a5c|fde7e04129da,Sebastian|Nicolas,3|1,5.987|2.969,48,0,45
1790906091489880928,Nahim,4e4fce9c603f,0.662,3,6cfee3024a5c|fde7e04129da|0754124ff510,Sebastian|Nicolas|Vania,3|1|4,6.186|3.169|0.143,49,0,45
1790906091690385056,Nahim,4e4fce9c603f,0.862,3,6cfee3024a5c|fde7e04129da|0754124ff510,Sebastian|Nicolas|Vania,3|1|4,6.386|3.369|0.343,49,0,45
1790906091889624000,Nahim,4e4fce9c603f,1.062,3,6cfee3024a5c|fde7e04129da|0754124ff510,Sebastian|Nicolas|Vania,3|1|4,6.586|3.568|0.543,49,0,45
1790906092090123360,Nahim,4e4fce9c603f,1.262,3,6cfee3024a5c|fde7e04129da|0754124ff510,Sebastian|Nicolas|Vania,3|1|4,6.786|3.769|0.743,49,0,45
1790906092290465824,Nahim,4e4fce9c603f,1.462,3,6cfee3024a5c|fde7e04129da|0754124ff510,Sebastian|Nicolas|Vania,3|1|4,6.987|3.969|0.943,49,0,45
1790906092490406240,Nahim,4e4fce9c603f,1.662,3,6cfee3024a5c|fde7e04129da|0754124ff510,Sebastian|Nicolas|Vania,3|1|4,7.186|4.169|1.143,49,0,45
1790906092690268736,Nahim,4e4fce9c603f,1.862,3,6cfee3024a5c|fde7e04129da|0754124ff510,Sebastian|Nicolas|Vania,3|1|4,7.386|4.369|1.343,49,0,45
1790906092890262144,Nahim,4e4fce9c603f,2.062,3,6cfee3024a5c|fde7e04129da|0754124ff510,Sebastian|Nicolas|Vania,3|1|4,7.586|4.569|1.543,49,0,45
1790906093090264928,Nahim,4e4fce9c603f,2.262,3,6cfee3024a5c|fde7e04129da|0754124ff510,Sebastian|Nicolas|Vania,3|1|4,7.786|4.769|1.743,49,0,45
1790906093290232640,Nahim,4e4fce9c603f,2.462,3,6cfee3024a5c|fde7e04129da|0754124ff510,Sebastian|Nicolas|Vania,3|1|4,7.986|4.969|1.943,49,0,45
1790906093490295264,Nahim,4e4fce9c603f,2.662,3,6cfee3024a5c|fde7e04129da|0754124ff510,Sebastian|Nicolas|Vania,3|1|4,8.186|5.169|2.143,49,0,45
1790906093690285568,Nahim,4e4fce9c603f,2.862,3,6cfee3024a5c|fde7e04129da|0754124ff510,Sebastian|Nicolas|Vania,3|1|4,8.386|5.369|2.343,49,0,45
1790906093890138080,Sebastian,6cfee3024a5c,0.041,2,fde7e04129da|0754124ff510,Nicolas|Vania,1|4,5.569|2.543,49,0,46
1790906094090320256,Sebastian,6cfee3024a5c,0.241,2,fde7e04129da|0754124ff510,Nicolas|Vania,1|4,5.769|2.743,49,0,46
1790906094290250400,Sebastian,6cfee3024a5c,0.441,2,fde7e04129da|0754124ff510,Nicolas|Vania,1|4,5.969|2.943,49,0,46
1790906094490239520,Sebastian,6cfee3024a5c,0.641,3,fde7e04129da|0754124ff510|2752b4e083be,Nicolas|Vania|Nahim,1|4|2,6.169|3.143|0.125,50,0,46
1790906094690408064,Sebastian,6cfee3024a5c,0.841,3,fde7e04129da|0754124ff510|2752b4e083be,Nicolas|Vania|Nahim,1|4|2,6.369|3.343|0.325,50,0,46
1790906094890279200,Sebastian,6cfee3024a5c,1.041,3,fde7e04129da|0754124ff510|2752b4e083be,Nicolas|Vania|Nahim,1|4|2,6.569|3.543|0.525,50,0,46
1790906095090258304,Sebastian,6cfee3024a5c,1.241,3,fde7e04129da|0754124ff510|2752b4e083be,Nicolas|Vania|Nahim,1|4|2,6.769|3.743|0.725,50,0,46
1790906095290293056,Sebastian,6cfee3024a5c,1.441,3,fde7e04129da|0754124ff510|2752b4e083be,Nicolas|Vania|Nahim,1|4|2,6.969|3.943|0.925,50,0,46
1790906095490328096,Sebastian,6cfee3024a5c,1.641,3,fde7e04129da|0754124ff510|2752b4e083be,Nicolas|Vania|Nahim,1|4|2,7.169|4.143|1.125,50,0,46
1790906095690352192,Sebastian,6cfee3024a5c,1.841,3,fde7e04129da|0754124ff510|2752b4e083be,Nicolas|Vania|Nahim,1|4|2,7.369|4.343|1.325,50,0,46
1790906095890383264,Sebastian,6cfee3024a5c,2.041,3,fde7e04129da|0754124ff510|2752b4e083be,Nicolas|Vania|Nahim,1|4|2,7.569|4.543|1.525,50,0,46
1790906096090361728,Sebastian,6cfee3024a5c,2.241,3,fde7e04129da|0754124ff510|2752b4e083be,Nicolas|Vania|Nahim,1|4|2,7.769|4.743|1.725,50,0,46
1790906096290555296,Sebastian,6cfee3024a5c,2.441,3,fde7e04129da|0754124ff510|2752b4e083be,Nicolas|Vania|Nahim,1|4|2,7.969|4.943|1.926,50,0,46
1790906096490548736,Sebastian,6cfee3024a5c,2.641,3,fde7e04129da|0754124ff510|2752b4e083be,Nicolas|Vania|Nahim,1|4|2,8.169|5.143|2.126,50,0,46
1790906096690143520,Sebastian,6cfee3024a5c,2.841,3,fde7e04129da|0754124ff510|2752b4e083be,Nicolas|Vania|Nahim,1|4|2,8.369|5.343|2.325,50,0,46
1790906096890079072,Nicolas,fde7e04129da,0.021,2,0754124ff510|2752b4e083be,Vania|Nahim,4|2,5.543|2.525,50,0,47
1790906097090205088,Nicolas,fde7e04129da,0.220,2,0754124ff510|2752b4e083be,Vania|Nahim,4|2,5.742|2.725,50,0,47
1790906097290320736,Nicolas,fde7e04129da,0.421,2,0754124ff510|2752b4e083be,Vania|Nahim,4|2,5.943|2.925,50,0,47
1790906097490156576,Nicolas,fde7e04129da,0.621,3,0754124ff510|2752b4e083be|77051ca5a5cf,Vania|Nahim|Sebastian,4|2|3,6.143|3.125|0.104,51,0,47
1790906097690384672,Nicolas,fde7e04129da,0.821,3,0754124ff510|2752b4e083be|77051ca5a5cf,Vania|Nahim|Sebastian,4|2|3,6.343|3.325|0.304,51,0,47
1790906097890286560,Nicolas,fde7e04129da,1.021,3,0754124ff510|2752b4e083be|77051ca5a5cf,Vania|Nahim|Sebastian,4|2|3,6.543|3.525|0.504,51,0,47
1790906098090188448,Nicolas,fde7e04129da,1.221,3,0754124ff510|2752b4e083be|77051ca5a5cf,Vania|Nahim|Sebastian,4|2|3,6.743|3.725|0.704,51,0,47
1790906098290388384,Nicolas,fde7e04129da,1.421,3,0754124ff510|2752b4e083be|77051ca5a5cf,Vania|Nahim|Sebastian,4|2|3,6.943|3.925|0.904,51,0,47
1790906098489859872,Nicolas,fde7e04129da,1.621,3,0754124ff510|2752b4e083be|77051ca5a5cf,Vania|Nahim|Sebastian,4|2|3,7.143|4.125|1.104,51,0,47
1790906098690061024,Nicolas,fde7e04129da,1.821,3,0754124ff510|2752b4e083be|77051ca5a5cf,Vania|Nahim|Sebastian,4|2|3,7.343|4.325|1.304,51,0,47
1790906098890401696,Nicolas,fde7e04129da,2.021,3,0754124ff510|2752b4e083be|77051ca5a5cf,Vania|Nahim|Sebastian,4|2|3,7.543|4.525|1.504,51,0,47
1790906099090432768,Nicolas,fde7e04129da,2.221,3,0754124ff510|2752b4e083be|77051ca5a5cf,Vania|Nahim|Sebastian,4|2|3,7.743|4.725|1.704,51,0,47
1790906099289909312,Nicolas,fde7e04129da,2.421,3,0754124ff510|2752b4e083be|77051ca5a5cf,Vania|Nahim|Sebastian,4|2|3,7.943|4.925|1.904,51,0,47
1790906099490348896,Nicolas,fde7e04129da,2.621,3,0754124ff510|2752b4e083be|77051ca5a5cf,Vania|Nahim|Sebastian,4|2|3,8.143|5.125|2.104,51,0,47
1790906099690419104,Nicolas,fde7e04129da,2.821,3,0754124ff510|2752b4e083be|77051ca5a5cf,Vania|Nahim|Sebastian,4|2|3,8.343|5.325|2.304,51,0,47
1790906099891460224,Vania,0754124ff510,0.002,2,2752b4e083be|77051ca5a5cf,Nahim|Sebastian,2|3,5.527|2.505,51,0,48
1790906100090321024,Vania,0754124ff510,0.201,2,2752b4e083be|77051ca5a5cf,Nahim|Sebastian,2|3,5.725|2.704,51,0,48
1790906100289843072,Vania,0754124ff510,0.400,2,2752b4e083be|77051ca5a5cf,Nahim|Sebastian,2|3,5.925|2.904,51,0,48
1790906100489943424,Vania,0754124ff510,0.600,3,2752b4e083be|77051ca5a5cf|5f841ce8a91d,Nahim|Sebastian|Nicolas,2|3|1,6.125|3.104|0.084,52,0,48
1790906100690166752,Vania,0754124ff510,0.801,3,2752b4e083be|77051ca5a5cf|5f841ce8a91d,Nahim|Sebastian|Nicolas,2|3|1,6.325|3.304|0.284,52,0,48
1790906100890454272,Vania,0754124ff510,1.001,3,2752b4e083be|77051ca5a5cf|5f841ce8a91d,Nahim|Sebastian|Nicolas,2|3|1,6.525|3.504|0.484,52,0,48
1790906101090055008,Vania,0754124ff510,1.201,3,2752b4e083be|77051ca5a5cf|5f841ce8a91d,Nahim|Sebastian|Nicolas,2|3|1,6.725|3.704|0.684,52,0,48
1790906101290248960,Vania,0754124ff510,1.401,3,2752b4e083be|77051ca5a5cf|5f841ce8a91d,Nahim|Sebastian|Nicolas,2|3|1,6.925|3.904|0.884,52,0,48
1790906101490356000,Vania,0754124ff510,1.601,3,2752b4e083be|77051ca5a5cf|5f841ce8a91d,Nahim|Sebastian|Nicolas,2|3|1,7.125|4.104|1.084,52,0,48
1790906101690044544,Vania,0754124ff510,1.800,3,2752b4e083be|77051ca5a5cf|5f841ce8a91d,Nahim|Sebastian|Nicolas,2|3|1,7.325|4.304|1.284,52,0,48
1790906101889810048,Vania,0754124ff510,2.000,3,2752b4e083be|77051ca5a5cf|5f841ce8a91d,Nahim|Sebastian|Nicolas,2|3|1,7.525|4.504|1.484,52,0,48
1790906102090376736,Vania,0754124ff510,2.201,3,2752b4e083be|77051ca5a5cf|5f841ce8a91d,Nahim|Sebastian|Nicolas,2|3|1,7.725|4.704|1.684,52,0,48
1790906102290366368,Vania,0754124ff510,2.401,3,2752b4e083be|77051ca5a5cf|5f841ce8a91d,Nahim|Sebastian|Nicolas,2|3|1,7.925|4.904|1.884,52,0,48
1790906102490287328,Vania,0754124ff510,2.601,3,2752b4e083be|77051ca5a5cf|5f841ce8a91d,Nahim|Sebastian|Nicolas,2|3|1,8.125|5.104|2.084,52,0,48
1790906102690309760,Vania,0754124ff510,2.801,3,2752b4e083be|77051ca5a5cf|5f841ce8a91d,Nahim|Sebastian|Nicolas,2|3|1,8.325|5.304|2.284,52,0,48
1790906102890102144,Vania,0754124ff510,3.000,3,2752b4e083be|77051ca5a5cf|5f841ce8a91d,Nahim|Sebastian|Nicolas,2|3|1,8.525|5.504|2.484,52,0,48
1790906103090410976,Nahim,2752b4e083be,0.181,2,77051ca5a5cf|5f841ce8a91d,Sebastian|Nicolas,3|1,5.704|2.684,52,0,49
1790906103290253888,Nahim,2752b4e083be,0.381,2,77051ca5a5cf|5f841ce8a91d,Sebastian|Nicolas,3|1,5.904|2.884,52,0,49
1790906103490061120,Nahim,2752b4e083be,0.580,3,77051ca5a5cf|5f841ce8a91d|d80bf446b4ff,Sebastian|Nicolas|Vania,3|1|4,6.104|3.084|0.070,53,0,49
1790906103690068128,Nahim,2752b4e083be,0.780,3,77051ca5a5cf|5f841ce8a91d|d80bf446b4ff,Sebastian|Nicolas|Vania,3|1|4,6.304|3.284|0.270,53,0,49
1790906103890213632,Nahim,2752b4e083be,0.980,3,77051ca5a5cf|5f841ce8a91d|d80bf446b4ff,Sebastian|Nicolas|Vania,3|1|4,6.504|3.484|0.470,53,0,49
1790906104090267584,Nahim,2752b4e083be,1.181,3,77051ca5a5cf|5f841ce8a91d|d80bf446b4ff,Sebastian|Nicolas|Vania,3|1|4,6.704|3.684|0.670,53,0,49
1790906104290345856,Nahim,2752b4e083be,1.381,3,77051ca5a5cf|5f841ce8a91d|d80bf446b4ff,Sebastian|Nicolas|Vania,3|1|4,6.904|3.884|0.870,53,0,49
1790906104490287328,Nahim,2752b4e083be,1.581,3,77051ca5a5cf|5f841ce8a91d|d80bf446b4ff,Sebastian|Nicolas|Vania,3|1|4,7.104|4.084|1.070,53,0,49
1790906104689924096,Nahim,2752b4e083be,1.780,3,77051ca5a5cf|5f841ce8a91d|d80bf446b4ff,Sebastian|Nicolas|Vania,3|1|4,7.304|4.284|1.270,53,0,49
1790906104890912320,Nahim,2752b4e083be,1.981,3,77051ca5a5cf|5f841ce8a91d|d80bf446b4ff,Sebastian|Nicolas|Vania,3|1|4,7.504|4.484|1.470,53,0,49
1790906105089906752,Nahim,2752b4e083be,2.180,3,77051ca5a5cf|5f841ce8a91d|d80bf446b4ff,Sebastian|Nicolas|Vania,3|1|4,7.704|4.684|1.670,53,0,49
1790906105289757792,Nahim,2752b4e083be,2.380,3,77051ca5a5cf|5f841ce8a91d|d80bf446b4ff,Sebastian|Nicolas|Vania,3|1|4,7.903|4.883|1.870,53,0,49
1790906105489947040,Nahim,2752b4e083be,2.580,3,77051ca5a5cf|5f841ce8a91d|d80bf446b4ff,Sebastian|Nicolas|Vania,3|1|4,8.104|5.084|2.070,53,0,49
1790906105690319616,Nahim,2752b4e083be,2.781,3,77051ca5a5cf|5f841ce8a91d|d80bf446b4ff,Sebastian|Nicolas|Vania,3|1|4,8.304|5.284|2.270,53,0,49
1790906105889955936,Nahim,2752b4e083be,2.980,3,77051ca5a5cf|5f841ce8a91d|d80bf446b4ff,Sebastian|Nicolas|Vania,3|1|4,8.504|5.484|2.470,53,0,49
1790906106090472000,Sebastian,77051ca5a5cf,0.161,2,5f841ce8a91d|d80bf446b4ff,Nicolas|Vania,1|4,5.684|2.670,53,0,50
1790906106290252416,Sebastian,77051ca5a5cf,0.361,2,5f841ce8a91d|d80bf446b4ff,Nicolas|Vania,1|4,5.884|2.870,53,0,50
1790906106489543808,Sebastian,77051ca5a5cf,0.561,3,5f841ce8a91d|d80bf446b4ff|38bbc6e65d6a,Nicolas|Vania|Nahim,1|4|2,6.083|3.070|0.043,54,0,50
1790906106690537024,Sebastian,77051ca5a5cf,0.761,3,5f841ce8a91d|d80bf446b4ff|38bbc6e65d6a,Nicolas|Vania|Nahim,1|4|2,6.284|3.271|0.244,54,0,50
1790906106890164000,Sebastian,77051ca5a5cf,0.961,3,5f841ce8a91d|d80bf446b4ff|38bbc6e65d6a,Nicolas|Vania|Nahim,1|4|2,6.484|3.470|0.444,54,0,50
1790906107090303936,Sebastian,77051ca5a5cf,1.161,3,5f841ce8a91d|d80bf446b4ff|38bbc6e65d6a,Nicolas|Vania|Nahim,1|4|2,6.684|3.670|0.644,54,0,50
1790906107289930720,Sebastian,77051ca5a5cf,1.361,3,5f841ce8a91d|d80bf446b4ff|38bbc6e65d6a,Nicolas|Vania|Nahim,1|4|2,6.884|3.870|0.844,54,0,50
1790906107490413440,Sebastian,77051ca5a5cf,1.561,3,5f841ce8a91d|d80bf446b4ff|38bbc6e65d6a,Nicolas|Vania|Nahim,1|4|2,7.084|4.070|1.044,54,0,50
1790906107690481024,Sebastian,77051ca5a5cf,1.761,3,5f841ce8a91d|d80bf446b4ff|38bbc6e65d6a,Nicolas|Vania|Nahim,1|4|2,7.284|4.270|1.244,54,0,50
1790906107890425696,Sebastian,77051ca5a5cf,1.961,3,5f841ce8a91d|d80bf446b4ff|38bbc6e65d6a,Nicolas|Vania|Nahim,1|4|2,7.484|4.470|1.444,54,0,50
1790906108090099456,Sebastian,77051ca5a5cf,2.161,3,5f841ce8a91d|d80bf446b4ff|38bbc6e65d6a,Nicolas|Vania|Nahim,1|4|2,7.684|4.670|1.644,54,0,50
1790906108290403680,Sebastian,77051ca5a5cf,2.361,3,5f841ce8a91d|d80bf446b4ff|38bbc6e65d6a,Nicolas|Vania|Nahim,1|4|2,7.884|4.870|1.844,54,0,50
1790906108490342272,Sebastian,77051ca5a5cf,2.561,3,5f841ce8a91d|d80bf446b4ff|38bbc6e65d6a,Nicolas|Vania|Nahim,1|4|2,8.084|5.070|2.044,54,0,50
1790906108690178528,Sebastian,77051ca5a5cf,2.761,3,5f841ce8a91d|d80bf446b4ff|38bbc6e65d6a,Nicolas|Vania|Nahim,1|4|2,8.284|5.270|2.244,54,0,50
1790906108890454240,Sebastian,77051ca5a5cf,2.962,3,5f841ce8a91d|d80bf446b4ff|38bbc6e65d6a,Nicolas|Vania|Nahim,1|4|2,8.484|5.471|2.444,54,0,50
1790906109090389760,Nicolas,5f841ce8a91d,0.138,2,d80bf446b4ff|38bbc6e65d6a,Vania|Nahim,4|2,5.670|2.644,54,0,51
1790906109290192224,Nicolas,5f841ce8a91d,0.338,2,d80bf446b4ff|38bbc6e65d6a,Vania|Nahim,4|2,5.870|2.844,54,0,51
1790906109489778272,Nicolas,5f841ce8a91d,0.538,3,d80bf446b4ff|38bbc6e65d6a|92ae08d11dc6,Vania|Nahim|Sebastian,4|2|3,6.070|3.044|0.025,55,0,51
1790906109690363552,Nicolas,5f841ce8a91d,0.738,3,d80bf446b4ff|38bbc6e65d6a|92ae08d11dc6,Vania|Nahim|Sebastian,4|2|3,6.270|3.244|0.226,55,0,51
1790906109890002016,Nicolas,5f841ce8a91d,0.938,3,d80bf446b4ff|38bbc6e65d6a|92ae08d11dc6,Vania|Nahim|Sebastian,4|2|3,6.470|3.444|0.425,55,0,51
1790906110090391104,Nicolas,5f841ce8a91d,1.138,3,d80bf446b4ff|38bbc6e65d6a|92ae08d11dc6,Vania|Nahim|Sebastian,4|2|3,6.671|3.644|0.626,55,0,51
1790906110290047584,Nicolas,5f841ce8a91d,1.338,3,d80bf446b4ff|38bbc6e65d6a|92ae08d11dc6,Vania|Nahim|Sebastian,4|2|3,6.870|3.844|0.825,55,0,51
1790906110490015008,Nicolas,5f841ce8a91d,1.538,3,d80bf446b4ff|38bbc6e65d6a|92ae08d11dc6,Vania|Nahim|Sebastian,4|2|3,7.070|4.044|1.025,55,0,51
1790906110690182240,Nicolas,5f841ce8a91d,1.738,3,d80bf446b4ff|38bbc6e65d6a|92ae08d11dc6,Vania|Nahim|Sebastian,4|2|3,7.270|4.244|1.225,55,0,51
1790906110890135232,Nicolas,5f841ce8a91d,1.938,3,d80bf446b4ff|38bbc6e65d6a|92ae08d11dc6,Vania|Nahim|Sebastian,4|2|3,7.470|4.444|1.425,55,0,51
1790906111090091232,Nicolas,5f841ce8a91d,2.138,3,d80bf446b4ff|38bbc6e65d6a|92ae08d11dc6,Vania|Nahim|Sebastian,4|2|3,7.670|4.644|1.625,55,0,51
1790906111289746912,Nicolas,5f841ce8a91d,2.338,3,d80bf446b4ff|38bbc6e65d6a|92ae08d11dc6,Vania|Nahim|Sebastian,4|2|3,7.870|4.844|1.825,55,0,51
1790906111490201600,Nicolas,5f841ce8a91d,2.538,3,d80bf446b4ff|38bbc6e65d6a|92ae08d11dc6,Vania|Nahim|Sebastian,4|2|3,8.070|5.044|2.025,55,0,51
1790906111690045376,Nicolas,5f841ce8a91d,2.738,3,d80bf446b4ff|38bbc6e65d6a|92ae08d11dc6,Vania|Nahim|Sebastian,4|2|3,8.270|5.244|2.225,55,0,51
1790906111890219360,Nicolas,5f841ce8a91d,2.938,3,d80bf446b4ff|38bbc6e65d6a|92ae08d11dc6,Vania|Nahim|Sebastian,4|2|3,8.470|5.444|2.425,55,0,51
1790906112090477792,Vania,d80bf446b4ff,0.120,2,38bbc6e65d6a|92ae08d11dc6,Nahim|Sebastian,2|3,5.644|2.626,55,0,52
1790906112290244256,Vania,d80bf446b4ff,0.320,2,38bbc6e65d6a|92ae08d11dc6,Nahim|Sebastian,2|3,5.844|2.825,55,0,52
1790906112489352832,Vania,d80bf446b4ff,0.519,3,38bbc6e65d6a|92ae08d11dc6|e9452e5dfe88,Nahim|Sebastian|Nicolas,2|3|1,6.043|3.025|0.007,56,0,52
1790906112690448288,Vania,d80bf446b4ff,0.720,3,38bbc6e65d6a|92ae08d11dc6|e9452e5dfe88,Nahim|Sebastian|Nicolas,2|3|1,6.244|3.226|0.208,56,0,52
1790906112890281504,Vania,d80bf446b4ff,0.920,3,38bbc6e65d6a|92ae08d11dc6|e9452e5dfe88,Nahim|Sebastian|Nicolas,2|3|1,6.444|3.426|0.408,56,0,52
1790906113090314912,Vania,d80bf446b4ff,1.120,3,38bbc6e65d6a|92ae08d11dc6|e9452e5dfe88,Nahim|Sebastian|Nicolas,2|3|1,6.644|3.625|0.607,56,0,52
1790906113290209568,Vania,d80bf446b4ff,1.320,3,38bbc6e65d6a|92ae08d11dc6|e9452e5dfe88,Nahim|Sebastian|Nicolas,2|3|1,6.844|3.825|0.807,56,0,52
1790906113490063136,Vania,d80bf446b4ff,1.520,3,38bbc6e65d6a|92ae08d11dc6|e9452e5dfe88,Nahim|Sebastian|Nicolas,2|3|1,7.044|4.025|1.007,56,0,52
1790906113690229056,Vania,d80bf446b4ff,1.720,3,38bbc6e65d6a|92ae08d11dc6|e9452e5dfe88,Nahim|Sebastian|Nicolas,2|3|1,7.244|4.226|1.207,56,0,52
1790906113890489088,Vania,d80bf446b4ff,1.920,3,38bbc6e65d6a|92ae08d11dc6|e9452e5dfe88,Nahim|Sebastian|Nicolas,2|3|1,7.444|4.426|1.408,56,0,52
1790906114090038912,Vania,d80bf446b4ff,2.120,3,38bbc6e65d6a|92ae08d11dc6|e9452e5dfe88,Nahim|Sebastian|Nicolas,2|3|1,7.644|4.625|1.607,56,0,52
1790906114290320032,Vania,d80bf446b4ff,2.320,3,38bbc6e65d6a|92ae08d11dc6|e9452e5dfe88,Nahim|Sebastian|Nicolas,2|3|1,7.844|4.826|1.807,56,0,52
1790906114490287840,Vania,d80bf446b4ff,2.520,3,38bbc6e65d6a|92ae08d11dc6|e9452e5dfe88,Nahim|Sebastian|Nicolas,2|3|1,8.044|5.025|2.007,56,0,52
1790906114691117024,Vania,d80bf446b4ff,2.721,3,38bbc6e65d6a|92ae08d11dc6|e9452e5dfe88,Nahim|Sebastian|Nicolas,2|3|1,8.245|5.226|2.208,56,0,52
1790906114890361280,Vania,d80bf446b4ff,2.920,3,38bbc6e65d6a|92ae08d11dc6|e9452e5dfe88,Nahim|Sebastian|Nicolas,2|3|1,8.444|5.426|2.408,56,0,52
1790906115090317344,Nahim,38bbc6e65d6a,0.101,2,92ae08d11dc6|e9452e5dfe88,Sebastian|Nicolas,3|1,5.626|2.608,56,0,53
1790906115290473664,Nahim,38bbc6e65d6a,0.301,2,92ae08d11dc6|e9452e5dfe88,Sebastian|Nicolas,3|1,5.826|2.808,56,0,53
1790906115490425088,Nahim,38bbc6e65d6a,0.501,2,92ae08d11dc6|e9452e5dfe88,Sebastian|Nicolas,3|1,6.026|3.008,56,0,53
1790906115690438400,Nahim,38bbc6e65d6a,0.701,3,92ae08d11dc6|e9452e5dfe88|b23ffdbb31e3,Sebastian|Nicolas|Vania,3|1|4,6.226|3.208|0.183,57,0,53
1790906115890075360,Nahim,38bbc6e65d6a,0.901,3,92ae08d11dc6|e9452e5dfe88|b23ffdbb31e3,Sebastian|Nicolas|Vania,3|1|4,6.425|3.407|0.383,57,0,53
1790906116090366208,Nahim,38bbc6e65d6a,1.101,3,92ae08d11dc6|e9452e5dfe88|b23ffdbb31e3,Sebastian|Nicolas|Vania,3|1|4,6.626|3.608|0.583,57,0,53
1790906116290312640,Nahim,38bbc6e65d6a,1.301,3,92ae08d11dc6|e9452e5dfe88|b23ffdbb31e3,Sebastian|Nicolas|Vania,3|1|4,6.826|3.808|0.783,57,0,53
1790906116490358080,Nahim,38bbc6e65d6a,1.501,3,92ae08d11dc6|e9452e5dfe88|b23ffdbb31e3,Sebastian|Nicolas|Vania,3|1|4,7.026|4.008|0.983,57,0,53
1790906116690336192,Nahim,38bbc6e65d6a,1.701,3,92ae08d11dc6|e9452e5dfe88|b23ffdbb31e3,Sebastian|Nicolas|Vania,3|1|4,7.226|4.208|1.183,57,0,53
1790906116890313152,Nahim,38bbc6e65d6a,1.901,3,92ae08d11dc6|e9452e5dfe88|b23ffdbb31e3,Sebastian|Nicolas|Vania,3|1|4,7.426|4.407|1.383,57,0,53
1790906117090363040,Nahim,38bbc6e65d6a,2.101,3,92ae08d11dc6|e9452e5dfe88|b23ffdbb31e3,Sebastian|Nicolas|Vania,3|1|4,7.626|4.608|1.583,57,0,53
1790906117290716640,Nahim,38bbc6e65d6a,2.302,3,92ae08d11dc6|e9452e5dfe88|b23ffdbb31e3,Sebastian|Nicolas|Vania,3|1|4,7.826|4.808|1.784,57,0,53
1790906117490585504,Nahim,38bbc6e65d6a,2.501,3,92ae08d11dc6|e9452e5dfe88|b23ffdbb31e3,Sebastian|Nicolas|Vania,3|1|4,8.026|5.008|1.983,57,0,53
1790906117689721280,Nahim,38bbc6e65d6a,2.700,3,92ae08d11dc6|e9452e5dfe88|b23ffdbb31e3,Sebastian|Nicolas|Vania,3|1|4,8.225|5.207|2.183,57,0,53
1790906117890330080,Nahim,38bbc6e65d6a,2.901,3,92ae08d11dc6|e9452e5dfe88|b23ffdbb31e3,Sebastian|Nicolas|Vania,3|1|4,8.426|5.408|2.383,57,0,53
1790906118090327552,Sebastian,92ae08d11dc6,0.082,2,e9452e5dfe88|b23ffdbb31e3,Nicolas|Vania,1|4,5.608|2.583,57,0,54
1790906118290273824,Sebastian,92ae08d11dc6,0.281,2,e9452e5dfe88|b23ffdbb31e3,Nicolas|Vania,1|4,5.807|2.783,57,0,54
1790906118490376640,Sebastian,92ae08d11dc6,0.482,2,e9452e5dfe88|b23ffdbb31e3,Nicolas|Vania,1|4,6.008|2.983,57,0,54
1790906118690301728,Sebastian,92ae08d11dc6,0.681,3,e9452e5dfe88|b23ffdbb31e3|3f02d2779d0a,Nicolas|Vania|Nahim,1|4|2,6.207|3.183|0.164,58,0,54
1790906118890362880,Sebastian,92ae08d11dc6,0.882,3,e9452e5dfe88|b23ffdbb31e3|3f02d2779d0a,Nicolas|Vania|Nahim,1|4|2,6.408|3.383|0.364,58,0,54
1790906119090380128,Sebastian,92ae08d11dc6,1.082,3,e9452e5dfe88|b23ffdbb31e3|3f02d2779d0a,Nicolas|Vania|Nahim,1|4|2,6.608|3.583|0.564,58,0,54
1790906119290270528,Sebastian,92ae08d11dc6,1.281,3,e9452e5dfe88|b23ffdbb31e3|3f02d2779d0a,Nicolas|Vania|Nahim,1|4|2,6.807|3.783|0.764,58,0,54
1790906119490980480,Sebastian,92ae08d11dc6,1.482,3,e9452e5dfe88|b23ffdbb31e3|3f02d2779d0a,Nicolas|Vania|Nahim,1|4|2,7.008|3.983|0.964,58,0,54
1790906119690401312,Sebastian,92ae08d11dc6,1.682,3,e9452e5dfe88|b23ffdbb31e3|3f02d2779d0a,Nicolas|Vania|Nahim,1|4|2,7.208|4.183|1.164,58,0,54
1790906119889931744,Sebastian,92ae08d11dc6,1.881,3,e9452e5dfe88|b23ffdbb31e3|3f02d2779d0a,Nicolas|Vania|Nahim,1|4|2,7.407|4.383|1.364,58,0,54
1790906120090787744,Sebastian,92ae08d11dc6,2.082,3,e9452e5dfe88|b23ffdbb31e3|3f02d2779d0a,Nicolas|Vania|Nahim,1|4|2,7.608|4.584|1.565,58,0,54
1790906120290358176,Sebastian,92ae08d11dc6,2.282,3,e9452e5dfe88|b23ffdbb31e3|3f02d2779d0a,Nicolas|Vania|Nahim,1|4|2,7.808|4.783|1.765,58,0,54
1790906120490409376,Sebastian,92ae08d11dc6,2.482,3,e9452e5dfe88|b23ffdbb31e3|3f02d2779d0a,Nicolas|Vania|Nahim,1|4|2,8.008|4.983|1.964,58,0,54
1790906120690114464,Sebastian,92ae08d11dc6,2.681,3,e9452e5dfe88|b23ffdbb31e3|3f02d2779d0a,Nicolas|Vania|Nahim,1|4|2,8.207|5.183|2.164,58,0,54
1790906120890359200,Sebastian,92ae08d11dc6,2.882,3,e9452e5dfe88|b23ffdbb31e3|3f02d2779d0a,Nicolas|Vania|Nahim,1|4|2,8.408|5.383|2.364,58,0,54
1790906121089947808,Nicolas,e9452e5dfe88,0.061,2,b23ffdbb31e3|3f02d2779d0a,Vania|Nahim,4|2,5.583|2.564,58,0,55
1790906121290313504,Nicolas,e9452e5dfe88,0.262,2,b23ffdbb31e3|3f02d2779d0a,Vania|Nahim,4|2,5.783|2.764,58,0,55
1790906121490344576,Nicolas,e9452e5dfe88,0.462,2,b23ffdbb31e3|3f02d2779d0a,Vania|Nahim,4|2,5.983|2.964,58,0,55
1790906121689936256,Nicolas,e9452e5dfe88,0.661,3,b23ffdbb31e3|3f02d2779d0a|ff26e3e453c3,Vania|Nahim|Sebastian,4|2|3,6.183|3.164|0.144,59,0,55
1790906121890302048,Nicolas,e9452e5dfe88,0.862,3,b23ffdbb31e3|3f02d2779d0a|ff26e3e453c3,Vania|Nahim|Sebastian,4|2|3,6.383|3.364|0.344,59,0,55
1790906122090596448,Nicolas,e9452e5dfe88,1.062,3,b23ffdbb31e3|3f02d2779d0a|ff26e3e453c3,Vania|Nahim|Sebastian,4|2|3,6.584|3.565|0.544,59,0,55
1790906122290273856,Nicolas,e9452e5dfe88,1.262,3,b23ffdbb31e3|3f02d2779d0a|ff26e3e453c3,Vania|Nahim|Sebastian,4|2|3,6.783|3.764|0.744,59,0,55
1790906122490234464,Nicolas,e9452e5dfe88,1.462,3,b23ffdbb31e3|3f02d2779d0a|ff26e3e453c3,Vania|Nahim|Sebastian,4|2|3,6.983|3.964|0.944,59,0,55
1790906122690332192,Nicolas,e9452e5dfe88,1.662,3,b23ffdbb31e3|3f02d2779d0a|ff26e3e453c3,Vania|Nahim|Sebastian,4|2|3,7.183|4.164|1.144,59,0,55
1790906122890290336,Nicolas,e9452e5dfe88,1.862,3,b23ffdbb31e3|3f02d2779d0a|ff26e3e453c3,Vania|Nahim|Sebastian,4|2|3,7.383|4.364|1.344,59,0,55
1790906123090400736,Nicolas,e9452e5dfe88,2.062,3,b23ffdbb31e3|3f02d2779d0a|ff26e3e453c3,Vania|Nahim|Sebastian,4|2|3,7.583|4.565|1.544,59,0,55
1790906123290450944,Nicolas,e9452e5dfe88,2.262,3,b23ffdbb31e3|3f02d2779d0a|ff26e3e453c3,Vania|Nahim|Sebastian,4|2|3,7.783|4.765|1.744,59,0,55
1790906123490282464,Nicolas,e9452e5dfe88,2.462,3,b23ffdbb31e3|3f02d2779d0a|ff26e3e453c3,Vania|Nahim|Sebastian,4|2|3,7.983|4.964|1.944,59,0,55
1790906123690359648,Nicolas,e9452e5dfe88,2.662,3,b23ffdbb31e3|3f02d2779d0a|ff26e3e453c3,Vania|Nahim|Sebastian,4|2|3,8.183|5.164|2.144,59,0,55
1790906123890267488,Nicolas,e9452e5dfe88,2.862,3,b23ffdbb31e3|3f02d2779d0a|ff26e3e453c3,Vania|Nahim|Sebastian,4|2|3,8.383|5.364|2.344,59,0,55
1790906124090215904,Vania,b23ffdbb31e3,0.042,2,3f02d2779d0a|ff26e3e453c3,Nahim|Sebastian,2|3,5.564|2.544,59,0,56
1790906124289825856,Vania,b23ffdbb31e3,0.242,2,3f02d2779d0a|ff26e3e453c3,Nahim|Sebastian,2|3,5.764|2.743,59,0,56
1790906124490372000,Vania,b23ffdbb31e3,0.442,2,3f02d2779d0a|ff26e3e453c3,Nahim|Sebastian,2|3,5.964|2.944,59,0,56
1790906124689736768,Vania,b23ffdbb31e3,0.642,3,3f02d2779d0a|ff26e3e453c3|f41ebcebc5c2,Nahim|Sebastian|Nicolas,2|3|1,6.164|3.144|0.123,60,0,56
1790906124890367872,Vania,b23ffdbb31e3,0.842,3,3f02d2779d0a|ff26e3e453c3|f41ebcebc5c2,Nahim|Sebastian|Nicolas,2|3|1,6.364|3.344|0.323,60,0,56
1790906125090050112,Vania,b23ffdbb31e3,1.042,3,3f02d2779d0a|ff26e3e453c3|f41ebcebc5c2,Nahim|Sebastian|Nicolas,2|3|1,6.564|3.544|0.523,60,0,56
1790906125290208704,Vania,b23ffdbb31e3,1.242,3,3f02d2779d0a|ff26e3e453c3|f41ebcebc5c2,Nahim|Sebastian|Nicolas,2|3|1,6.764|3.744|0.723,60,0,56
1790906125490319392,Vania,b23ffdbb31e3,1.442,3,3f02d2779d0a|ff26e3e453c3|f41ebcebc5c2,Nahim|Sebastian|Nicolas,2|3|1,6.964|3.944|0.923,60,0,56
1790906125690382016,Vania,b23ffdbb31e3,1.642,3,3f02d2779d0a|ff26e3e453c3|f41ebcebc5c2,Nahim|Sebastian|Nicolas,2|3|1,7.164|4.144|1.123,60,0,56
1790906125890326240,Vania,b23ffdbb31e3,1.842,3,3f02d2779d0a|ff26e3e453c3|f41ebcebc5c2,Nahim|Sebastian|Nicolas,2|3|1,7.364|4.344|1.323,60,0,56
1790906126090941888,Vania,b23ffdbb31e3,2.043,3,3f02d2779d0a|ff26e3e453c3|f41ebcebc5c2,Nahim|Sebastian|Nicolas,2|3|1,7.565|4.544|1.524,60,0,56
1790906126290343584,Vania,b23ffdbb31e3,2.242,3,3f02d2779d0a|ff26e3e453c3|f41ebcebc5c2,Nahim|Sebastian|Nicolas,2|3|1,7.764|4.744|1.723,60,0,56
1790906126490241984,Vania,b23ffdbb31e3,2.442,3,3f02d2779d0a|ff26e3e453c3|f41ebcebc5c2,Nahim|Sebastian|Nicolas,2|3|1,7.964|4.944|1.923,60,0,56
1790906126689997248,Vania,b23ffdbb31e3,2.642,3,3f02d2779d0a|ff26e3e453c3|f41ebcebc5c2,Nahim|Sebastian|Nicolas,2|3|1,8.164|5.144|2.123,60,0,56
1790906126889739648,Vania,b23ffdbb31e3,2.842,3,3f02d2779d0a|ff26e3e453c3|f41ebcebc5c2,Nahim|Sebastian|Nicolas,2|3|1,8.364|5.344|2.323,60,0,56
1790906127090351360,Nahim,3f02d2779d0a,0.023,2,ff26e3e453c3|f41ebcebc5c2,Sebastian|Nicolas,3|1,5.544|2.523,60,0,57
1790906127289684672,Nahim,3f02d2779d0a,0.223,2,ff26e3e453c3|f41ebcebc5c2,Sebastian|Nicolas,3|1,5.743|2.723,60,0,57
1790906127490344160,Nahim,3f02d2779d0a,0.424,2,ff26e3e453c3|f41ebcebc5c2,Sebastian|Nicolas,3|1,5.944|2.923,60,0,57
1790906127690238016,Nahim,3f02d2779d0a,0.624,3,ff26e3e453c3|f41ebcebc5c2|5fa06f072478,Sebastian|Nicolas|Vania,3|1|4,6.144|3.123|0.106,61,0,57
1790906127890368992,Nahim,3f02d2779d0a,0.824,3,ff26e3e453c3|f41ebcebc5c2|5fa06f072478,Sebastian|Nicolas|Vania,3|1|4,6.344|3.323|0.306,61,0,57
1790906128090418496,Nahim,3f02d2779d0a,1.024,3,ff26e3e453c3|f41ebcebc5c2|5fa06f072478,Sebastian|Nicolas|Vania,3|1|4,6.544|3.523|0.506,61,0,57
1790906128290220192,Nahim,3f02d2779d0a,1.224,3,ff26e3e453c3|f41ebcebc5c2|5fa06f072478,Sebastian|Nicolas|Vania,3|1|4,6.744|3.723|0.706,61,0,57
1790906128490410528,Nahim,3f02d2779d0a,1.424,3,ff26e3e453c3|f41ebcebc5c2|5fa06f072478,Sebastian|Nicolas|Vania,3|1|4,6.944|3.923|0.906,61,0,57
1790906128690151744,Nahim,3f02d2779d0a,1.624,3,ff26e3e453c3|f41ebcebc5c2|5fa06f072478,Sebastian|Nicolas|Vania,3|1|4,7.144|4.123|1.106,61,0,57
1790906128890288864,Nahim,3f02d2779d0a,1.824,3,ff26e3e453c3|f41ebcebc5c2|5fa06f072478,Sebastian|Nicolas|Vania,3|1|4,7.344|4.323|1.306,61,0,57
1790906129090023648,Nahim,3f02d2779d0a,2.024,3,ff26e3e453c3|f41ebcebc5c2|5fa06f072478,Sebastian|Nicolas|Vania,3|1|4,7.544|4.523|1.506,61,0,57
1790906129290387584,Nahim,3f02d2779d0a,2.224,3,ff26e3e453c3|f41ebcebc5c2|5fa06f072478,Sebastian|Nicolas|Vania,3|1|4,7.744|4.723|1.706,61,0,57
1790906129490132352,Nahim,3f02d2779d0a,2.424,3,ff26e3e453c3|f41ebcebc5c2|5fa06f072478,Sebastian|Nicolas|Vania,3|1|4,7.944|4.923|1.906,61,0,57
1790906129690323648,Nahim,3f02d2779d0a,2.624,3,ff26e3e453c3|f41ebcebc5c2|5fa06f072478,Sebastian|Nicolas|Vania,3|1|4,8.144|5.123|2.106,61,0,57
1790906129890463424,Nahim,3f02d2779d0a,2.824,3,ff26e3e453c3|f41ebcebc5c2|5fa06f072478,Sebastian|Nicolas|Vania,3|1|4,8.344|5.323|2.306,61,0,57
1790906130091122688,Sebastian,ff26e3e453c3,0.005,2,f41ebcebc5c2|5fa06f072478,Nicolas|Vania,1|4,5.524|2.507,61,0,58
1790906130289777216,Sebastian,ff26e3e453c3,0.204,2,f41ebcebc5c2|5fa06f072478,Nicolas|Vania,1|4,5.723|2.706,61,0,58
1790906130490393344,Sebastian,ff26e3e453c3,0.405,2,f41ebcebc5c2|5fa06f072478,Nicolas|Vania,1|4,5.923|2.906,61,0,58
1790906130690327104,Sebastian,ff26e3e453c3,0.605,3,f41ebcebc5c2|5fa06f072478|bc39a7a06eca,Nicolas|Vania|Nahim,1|4|2,6.123|3.106|0.081,62,0,58
1790906130890400928,Sebastian,ff26e3e453c3,0.805,3,f41ebcebc5c2|5fa06f072478|bc39a7a06eca,Nicolas|Vania|Nahim,1|4|2,6.323|3.306|0.281,62,0,58
1790906131090305632,Sebastian,ff26e3e453c3,1.005,3,f41ebcebc5c2|5fa06f072478|bc39a7a06eca,Nicolas|Vania|Nahim,1|4|2,6.523|3.506|0.481,62,0,58
1790906131289674976,Sebastian,ff26e3e453c3,1.204,3,f41ebcebc5c2|5fa06f072478|bc39a7a06eca,Nicolas|Vania|Nahim,1|4|2,6.723|3.706|0.680,62,0,58
1790906131489719648,Sebastian,ff26e3e453c3,1.404,3,f41ebcebc5c2|5fa06f072478|bc39a7a06eca,Nicolas|Vania|Nahim,1|4|2,6.923|3.905|0.880,62,0,58
1790906131689957952,Sebastian,ff26e3e453c3,1.604,3,f41ebcebc5c2|5fa06f072478|bc39a7a06eca,Nicolas|Vania|Nahim,1|4|2,7.123|4.106|1.081,62,0,58
1790906131890668768,Sebastian,ff26e3e453c3,1.805,3,f41ebcebc5c2|5fa06f072478|bc39a7a06eca,Nicolas|Vania|Nahim,1|4|2,7.323|4.306|1.281,62,0,58
1790906132091148992,Sebastian,ff26e3e453c3,2.005,3,f41ebcebc5c2|5fa06f072478|bc39a7a06eca,Nicolas|Vania|Nahim,1|4|2,7.524|4.507|1.481,62,0,58
1790906132290408256,Sebastian,ff26e3e453c3,2.205,3,f41ebcebc5c2|5fa06f072478|bc39a7a06eca,Nicolas|Vania|Nahim,1|4|2,7.723|4.706|1.681,62,0,58
1790906132491170400,Sebastian,ff26e3e453c3,2.405,3,f41ebcebc5c2|5fa06f072478|bc39a7a06eca,Nicolas|Vania|Nahim,1|4|2,7.924|4.907|1.882,62,0,58
1790906132689789056,Sebastian,ff26e3e453c3,2.604,3,f41ebcebc5c2|5fa06f072478|bc39a7a06eca,Nicolas|Vania|Nahim,1|4|2,8.123|5.106|2.080,62,0,58
1790906132890360096,Sebastian,ff26e3e453c3,2.805,3,f41ebcebc5c2|5fa06f072478|bc39a7a06eca,Nicolas|Vania|Nahim,1|4|2,8.323|5.306|2.281,62,0,58
1790906133090772480,Sebastian,ff26e3e453c3,3.004,3,f41ebcebc5c2|5fa06f072478|bc39a7a06eca,Nicolas|Vania|Nahim,1|4|2,8.523|5.506|2.481,62,0,58
1790906133290295360,Nicolas,f41ebcebc5c2,0.185,2,5fa06f072478|bc39a7a06eca,Vania|Nahim,4|2,5.706|2.681,62,0,59
1790906133490660608,Nicolas,f41ebcebc5c2,0.385,2,5fa06f072478|bc39a7a06eca,Vania|Nahim,4|2,5.906|2.881,62,0,59
1790906133690153600,Nicolas,f41ebcebc5c2,0.584,3,5fa06f072478|bc39a7a06eca|e06a45dc8fb0,Vania|Nahim|Sebastian,4|2|3,6.106|3.081|0.067,63,0,59
1790906133889730112,Nicolas,f41ebcebc5c2,0.784,3,5fa06f072478|bc39a7a06eca|e06a45dc8fb0,Vania|Nahim|Sebastian,4|2|3,6.305|3.280|0.266,63,0,59
1790906134090387264,Nicolas,f41ebcebc5c2,0.985,3,5fa06f072478|bc39a7a06eca|e06a45dc8fb0,Vania|Nahim|Sebastian,4|2|3,6.506|3.481|0.467,63,0,59
1790906134290354272,Nicolas,f41ebcebc5c2,1.185,3,5fa06f072478|bc39a7a06eca|e06a45dc8fb0,Vania|Nahim|Sebastian,4|2|3,6.706|3.681|0.667,63,0,59
1790906134490299552,Nicolas,f41ebcebc5c2,1.385,3,5fa06f072478|bc39a7a06eca|e06a45dc8fb0,Vania|Nahim|Sebastian,4|2|3,6.906|3.881|0.867,63,0,59
1790906134691170752,Nicolas,f41ebcebc5c2,1.585,3,5fa06f072478|bc39a7a06eca|e06a45dc8fb0,Vania|Nahim|Sebastian,4|2|3,7.107|4.082|1.068,63,0,59
1790906134890356128,Nicolas,f41ebcebc5c2,1.785,3,5fa06f072478|bc39a7a06eca|e06a45dc8fb0,Vania|Nahim|Sebastian,4|2|3,7.306|4.281|1.267,63,0,59
1790906135090323456,Nicolas,f41ebcebc5c2,1.985,3,5fa06f072478|bc39a7a06eca|e06a45dc8fb0,Vania|Nahim|Sebastian,4|2|3,7.506|4.481|1.467,63,0,59
1790906135290978368,Nicolas,f41ebcebc5c2,2.185,3,5fa06f072478|bc39a7a06eca|e06a45dc8fb0,Vania|Nahim|Sebastian,4|2|3,7.707|4.681|1.667,63,0,59
1790906135491382688,Nicolas,f41ebcebc5c2,2.386,3,5fa06f072478|bc39a7a06eca|e06a45dc8fb0,Vania|Nahim|Sebastian,4|2|3,7.907|4.882|1.868,63,0,59
1790906135690483136,Nicolas,f41ebcebc5c2,2.585,3,5fa06f072478|bc39a7a06eca|e06a45dc8fb0,Vania|Nahim|Sebastian,4|2|3,8.106|5.081|2.067,63,0,59
1790906135890295264,Nicolas,f41ebcebc5c2,2.785,3,5fa06f072478|bc39a7a06eca|e06a45dc8fb0,Vania|Nahim|Sebastian,4|2|3,8.306|5.281|2.267,63,0,59
1790906136090360896,Nicolas,f41ebcebc5c2,2.985,3,5fa06f072478|bc39a7a06eca|e06a45dc8fb0,Vania|Nahim|Sebastian,4|2|3,8.506|5.481|2.467,63,0,59
1790906136290256672,Vania,5fa06f072478,0.166,2,bc39a7a06eca|e06a45dc8fb0,Nahim|Sebastian,2|3,5.681|2.667,63,0,60
1790906136489729376,Vania,5fa06f072478,0.366,2,bc39a7a06eca|e06a45dc8fb0,Nahim|Sebastian,2|3,5.880|2.866,63,0,60
1790906136690200736,Vania,5fa06f072478,0.566,3,bc39a7a06eca|e06a45dc8fb0|f6d931e181c8,Nahim|Sebastian|Nicolas,2|3|1,6.081|3.067|0.047,64,0,60
1790906136890462816,Vania,5fa06f072478,0.766,3,bc39a7a06eca|e06a45dc8fb0|f6d931e181c8,Nahim|Sebastian|Nicolas,2|3|1,6.281|3.267|0.247,64,0,60
1790906137090203808,Vania,5fa06f072478,0.966,3,bc39a7a06eca|e06a45dc8fb0|f6d931e181c8,Nahim|Sebastian|Nicolas,2|3|1,6.480|3.466|0.446,64,0,60
1790906137290310240,Vania,5fa06f072478,1.166,3,bc39a7a06eca|e06a45dc8fb0|f6d931e181c8,Nahim|Sebastian|Nicolas,2|3|1,6.681|3.667|0.647,64,0,60
1790906137489603520,Vania,5fa06f072478,1.365,3,bc39a7a06eca|e06a45dc8fb0|f6d931e181c8,Nahim|Sebastian|Nicolas,2|3|1,6.880|3.866|0.846,64,0,60
1790906137690261920,Vania,5fa06f072478,1.566,3,bc39a7a06eca|e06a45dc8fb0|f6d931e181c8,Nahim|Sebastian|Nicolas,2|3|1,7.081|4.067|1.047,64,0,60
1790906137890430176,Vania,5fa06f072478,1.766,3,bc39a7a06eca|e06a45dc8fb0|f6d931e181c8,Nahim|Sebastian|Nicolas,2|3|1,7.281|4.267|1.247,64,0,60
1790906138090211776,Vania,5fa06f072478,1.966,3,bc39a7a06eca|e06a45dc8fb0|f6d931e181c8,Nahim|Sebastian|Nicolas,2|3|1,7.481|4.467|1.447,64,0,60
1790906138290268672,Vania,5fa06f072478,2.166,3,bc39a7a06eca|e06a45dc8fb0|f6d931e181c8,Nahim|Sebastian|Nicolas,2|3|1,7.681|4.667|1.647,64,0,60
1790906138490439936,Vania,5fa06f072478,2.366,3,bc39a7a06eca|e06a45dc8fb0|f6d931e181c8,Nahim|Sebastian|Nicolas,2|3|1,7.881|4.867|1.847,64,0,60
1790906138689736960,Vania,5fa06f072478,2.566,3,bc39a7a06eca|e06a45dc8fb0|f6d931e181c8,Nahim|Sebastian|Nicolas,2|3|1,8.080|5.066|2.046,64,0,60
1790906138890212960,Vania,5fa06f072478,2.766,3,bc39a7a06eca|e06a45dc8fb0|f6d931e181c8,Nahim|Sebastian|Nicolas,2|3|1,8.281|5.267|2.247,64,0,60
1790906139091191712,Vania,5fa06f072478,2.967,3,bc39a7a06eca|e06a45dc8fb0|f6d931e181c8,Nahim|Sebastian|Nicolas,2|3|1,8.482|5.468|2.448,64,0,60
1790906139290526048,Nahim,bc39a7a06eca,0.144,2,e06a45dc8fb0|f6d931e181c8,Sebastian|Nicolas,3|1,5.667|2.647,64,0,61
1790906139490064800,Nahim,bc39a7a06eca,0.344,2,e06a45dc8fb0|f6d931e181c8,Sebastian|Nicolas,3|1,5.866|2.846,64,0,61
1790906139689889888,Nahim,bc39a7a06eca,0.544,3,e06a45dc8fb0|f6d931e181c8|920404eb4110,Sebastian|Nicolas|Vania,3|1|4,6.066|3.046|0.025,65,0,61
1790906139889871936,Nahim,bc39a7a06eca,0.744,3,e06a45dc8fb0|f6d931e181c8|920404eb4110,Sebastian|Nicolas|Vania,3|1|4,6.266|3.246|0.225,65,0,61
1790906140090248608,Nahim,bc39a7a06eca,0.944,3,e06a45dc8fb0|f6d931e181c8|920404eb4110,Sebastian|Nicolas|Vania,3|1|4,6.467|3.447|0.426,65,0,61
1790906140290296704,Nahim,bc39a7a06eca,1.144,3,e06a45dc8fb0|f6d931e181c8|920404eb4110,Sebastian|Nicolas|Vania,3|1|4,6.667|3.647|0.626,65,0,61
1790906140490586912,Nahim,bc39a7a06eca,1.345,3,e06a45dc8fb0|f6d931e181c8|920404eb4110,Sebastian|Nicolas|Vania,3|1|4,6.867|3.847|0.826,65,0,61
1790906140690258304,Nahim,bc39a7a06eca,1.544,3,e06a45dc8fb0|f6d931e181c8|920404eb4110,Sebastian|Nicolas|Vania,3|1|4,7.067|4.047|1.026,65,0,61
1790906140890275840,Nahim,bc39a7a06eca,1.744,3,e06a45dc8fb0|f6d931e181c8|920404eb4110,Sebastian|Nicolas|Vania,3|1|4,7.267|4.247|1.226,65,0,61
1790906141089702656,Nahim,bc39a7a06eca,1.944,3,e06a45dc8fb0|f6d931e181c8|920404eb4110,Sebastian|Nicolas|Vania,3|1|4,7.466|4.446|1.425,65,0,61
1790906141290286496,Nahim,bc39a7a06eca,2.144,3,e06a45dc8fb0|f6d931e181c8|920404eb4110,Sebastian|Nicolas|Vania,3|1|4,7.667|4.647|1.626,65,0,61
1790906141490299936,Nahim,bc39a7a06eca,2.344,3,e06a45dc8fb0|f6d931e181c8|920404eb4110,Sebastian|Nicolas|Vania,3|1|4,7.867|4.847|1.826,65,0,61
1790906141689778464,Nahim,bc39a7a06eca,2.544,3,e06a45dc8fb0|f6d931e181c8|920404eb4110,Sebastian|Nicolas|Vania,3|1|4,8.066|5.046|2.025,65,0,61
1790906141890191840,Nahim,bc39a7a06eca,2.744,3,e06a45dc8fb0|f6d931e181c8|920404eb4110,Sebastian|Nicolas|Vania,3|1|4,8.267|5.247|2.226,65,0,61
1790906142089606944,Nahim,bc39a7a06eca,2.944,3,e06a45dc8fb0|f6d931e181c8|920404eb4110,Sebastian|Nicolas|Vania,3|1|4,8.466|5.446|2.425,65,0,61
1790906142289777184,Sebastian,e06a45dc8fb0,0.124,2,f6d931e181c8|920404eb4110,Nicolas|Vania,1|4,5.646|2.625,65,0,62
1790906142489933376,Sebastian,e06a45dc8fb0,0.325,2,f6d931e181c8|920404eb4110,Nicolas|Vania,1|4,5.846|2.825,65,0,62
1790906142691753888,Sebastian,e06a45dc8fb0,0.526,3,f6d931e181c8|920404eb4110|c282e0439d26,Nicolas|Vania|Nahim,1|4|2,6.048|3.027|0.003,66,0,62
1790906142890406688,Sebastian,e06a45dc8fb0,0.725,3,f6d931e181c8|920404eb4110|c282e0439d26,Nicolas|Vania|Nahim,1|4|2,6.247|3.226|0.202,66,0,62
1790906143090477344,Sebastian,e06a45dc8fb0,0.925,3,f6d931e181c8|920404eb4110|c282e0439d26,Nicolas|Vania|Nahim,1|4|2,6.447|3.426|0.402,66,0,62
1790906143290335008,Sebastian,e06a45dc8fb0,1.125,3,f6d931e181c8|920404eb4110|c282e0439d26,Nicolas|Vania|Nahim,1|4|2,6.647|3.626|0.602,66,0,62
1790906143490285152,Sebastian,e06a45dc8fb0,1.325,3,f6d931e181c8|920404eb4110|c282e0439d26,Nicolas|Vania|Nahim,1|4|2,6.847|3.826|0.802,66,0,62
1790906143690172128,Sebastian,e06a45dc8fb0,1.525,3,f6d931e181c8|920404eb4110|c282e0439d26,Nicolas|Vania|Nahim,1|4|2,7.047|4.026|1.002,66,0,62
1790906143890288992,Sebastian,e06a45dc8fb0,1.725,3,f6d931e181c8|920404eb4110|c282e0439d26,Nicolas|Vania|Nahim,1|4|2,7.247|4.226|1.202,66,0,62
1790906144090729632,Sebastian,e06a45dc8fb0,1.925,3,f6d931e181c8|920404eb4110|c282e0439d26,Nicolas|Vania|Nahim,1|4|2,7.447|4.426|1.402,66,0,62
1790906144290036288,Sebastian,e06a45dc8fb0,2.125,3,f6d931e181c8|920404eb4110|c282e0439d26,Nicolas|Vania|Nahim,1|4|2,7.646|4.625|1.602,66,0,62
1790906144490722816,Sebastian,e06a45dc8fb0,2.325,3,f6d931e181c8|920404eb4110|c282e0439d26,Nicolas|Vania|Nahim,1|4|2,7.847|4.826|1.802,66,0,62
1790906144690620064,Sebastian,e06a45dc8fb0,2.525,3,f6d931e181c8|920404eb4110|c282e0439d26,Nicolas|Vania|Nahim,1|4|2,8.047|5.026|2.002,66,0,62
1790906144889987904,Sebastian,e06a45dc8fb0,2.725,3,f6d931e181c8|920404eb4110|c282e0439d26,Nicolas|Vania|Nahim,1|4|2,8.247|5.226|2.202,66,0,62
1790906145090736768,Sebastian,e06a45dc8fb0,2.925,3,f6d931e181c8|920404eb4110|c282e0439d26,Nicolas|Vania|Nahim,1|4|2,8.447|5.426|2.402,66,0,62
1790906145290518112,Nicolas,f6d931e181c8,0.102,2,920404eb4110|c282e0439d26,Vania|Nahim,4|2,5.626|2.602,66,0,63
1790906145490353472,Nicolas,f6d931e181c8,0.302,2,920404eb4110|c282e0439d26,Vania|Nahim,4|2,5.826|2.802,66,0,63
1790906145690394496,Nicolas,f6d931e181c8,0.502,2,920404eb4110|c282e0439d26,Vania|Nahim,4|2,6.026|3.002,66,0,63
1790906145890329024,Nicolas,f6d931e181c8,0.701,3,920404eb4110|c282e0439d26|ff40785be781,Vania|Nahim|Sebastian,4|2|3,6.226|3.202|0.179,67,0,63
1790906146090329696,Nicolas,f6d931e181c8,0.902,3,920404eb4110|c282e0439d26|ff40785be781,Vania|Nahim|Sebastian,4|2|3,6.426|3.402|0.379,67,0,63
1790906146290353376,Nicolas,f6d931e181c8,1.102,3,920404eb4110|c282e0439d26|ff40785be781,Vania|Nahim|Sebastian,4|2|3,6.626|3.602|0.579,67,0,63
1790906146490320320,Nicolas,f6d931e181c8,1.301,3,920404eb4110|c282e0439d26|ff40785be781,Vania|Nahim|Sebastian,4|2|3,6.826|3.802|0.779,67,0,63
1790906146690367136,Nicolas,f6d931e181c8,1.502,3,920404eb4110|c282e0439d26|ff40785be781,Vania|Nahim|Sebastian,4|2|3,7.026|4.002|0.979,67,0,63
1790906146890311616,Nicolas,f6d931e181c8,1.701,3,920404eb4110|c282e0439d26|ff40785be781,Vania|Nahim|Sebastian,4|2|3,7.226|4.202|1.179,67,0,63
1790906147090342656,Nicolas,f6d931e181c8,1.902,3,920404eb4110|c282e0439d26|ff40785be781,Vania|Nahim|Sebastian,4|2|3,7.426|4.402|1.379,67,0,63
1790906147290353088,Nicolas,f6d931e181c8,2.101,3,920404eb4110|c282e0439d26|ff40785be781,Vania|Nahim|Sebastian,4|2|3,7.626|4.602|1.579,67,0,63
1790906147490743712,Nicolas,f6d931e181c8,2.302,3,920404eb4110|c282e0439d26|ff40785be781,Vania|Nahim|Sebastian,4|2|3,7.826|4.802|1.779,67,0,63
1790906147690218304,Nicolas,f6d931e181c8,2.501,3,920404eb4110|c282e0439d26|ff40785be781,Vania|Nahim|Sebastian,4|2|3,8.026|5.002|1.979,67,0,63
1790906147890265408,Nicolas,f6d931e181c8,2.701,3,920404eb4110|c282e0439d26|ff40785be781,Vania|Nahim|Sebastian,4|2|3,8.226|5.202|2.179,67,0,63
1790906148090139936,Nicolas,f6d931e181c8,2.901,3,920404eb4110|c282e0439d26|ff40785be781,Vania|Nahim|Sebastian,4|2|3,8.426|5.402|2.379,67,0,63
1790906148290390688,Vania,920404eb4110,0.082,2,c282e0439d26|ff40785be781,Nahim|Sebastian,2|3,5.602|2.579,67,0,64
1790906148489930816,Vania,920404eb4110,0.281,2,c282e0439d26|ff40785be781,Nahim|Sebastian,2|3,5.802|2.779,67,0,64
1790906148690456192,Vania,920404eb4110,0.482,2,c282e0439d26|ff40785be781,Nahim|Sebastian,2|3,6.002|2.979,67,0,64
1790906148890335200,Vania,920404eb4110,0.682,3,c282e0439d26|ff40785be781|94a1a7528c50,Nahim|Sebastian|Nicolas,2|3|1,6.202|3.179|0.168,68,0,64
1790906149090370272,Vania,920404eb4110,0.882,3,c282e0439d26|ff40785be781|94a1a7528c50,Nahim|Sebastian|Nicolas,2|3|1,6.402|3.379|0.368,68,0,64
1790906149290325280,Vania,920404eb4110,1.082,3,c282e0439d26|ff40785be781|94a1a7528c50,Nahim|Sebastian|Nicolas,2|3|1,6.602|3.579|0.568,68,0,64
1790906149490318304,Vania,920404eb4110,1.282,3,c282e0439d26|ff40785be781|94a1a7528c50,Nahim|Sebastian|Nicolas,2|3|1,6.802|3.779|0.768,68,0,64
1790906149690303648,Vania,920404eb4110,1.482,3,c282e0439d26|ff40785be781|94a1a7528c50,Nahim|Sebastian|Nicolas,2|3|1,7.002|3.979|0.968,68,0,64
1790906149890354528,Vania,920404eb4110,1.682,3,c282e0439d26|ff40785be781|94a1a7528c50,Nahim|Sebastian|Nicolas,2|3|1,7.202|4.179|1.168,68,0,64
1790906150090239360,Vania,920404eb4110,1.882,3,c282e0439d26|ff40785be781|94a1a7528c50,Nahim|Sebastian|Nicolas,2|3|1,7.402|4.379|1.368,68,0,64
1790906150290592160,Vania,920404eb4110,2.082,3,c282e0439d26|ff40785be781|94a1a7528c50,Nahim|Sebastian|Nicolas,2|3|1,7.602|4.579|1.567,68,0,64
1790906150490517984,Vania,920404eb4110,2.282,3,c282e0439d26|ff40785be781|94a1a7528c50,Nahim|Sebastian|Nicolas,2|3|1,7.802|4.779|1.768,68,0,64
1790906150690161792,Vania,920404eb4110,2.482,3,c282e0439d26|ff40785be781|94a1a7528c50,Nahim|Sebastian|Nicolas,2|3|1,8.002|4.979|1.968,68,0,64
1790906150890199840,Vania,920404eb4110,2.682,3,c282e0439d26|ff40785be781|94a1a7528c50,Nahim|Sebastian|Nicolas,2|3|1,8.202|5.179|2.168,68,0,64
1790906151090240416,Vania,920404eb4110,2.882,3,c282e0439d26|ff40785be781|94a1a7528c50,Nahim|Sebastian|Nicolas,2|3|1,8.402|5.379|2.368,68,0,64
1790906151290157568,Nahim,c282e0439d26,0.063,2,ff40785be781|94a1a7528c50,Sebastian|Nicolas,3|1,5.579|2.568,68,0,65
1790906151490331808,Nahim,c282e0439d26,0.263,2,ff40785be781|94a1a7528c50,Sebastian|Nicolas,3|1,5.779|2.768,68,0,65
1790906151690646080,Nahim,c282e0439d26,0.464,2,ff40785be781|94a1a7528c50,Sebastian|Nicolas,3|1,5.979|2.968,68,0,65
1790906151890412064,Nahim,c282e0439d26,0.663,3,ff40785be781|94a1a7528c50|46712809946d,Sebastian|Nicolas|Vania,3|1|4,6.179|3.168|0.143,69,0,65
1790906152089750048,Nahim,c282e0439d26,0.863,3,ff40785be781|94a1a7528c50|46712809946d,Sebastian|Nicolas|Vania,3|1|4,6.379|3.367|0.342,69,0,65
1790906152290352896,Nahim,c282e0439d26,1.063,3,ff40785be781|94a1a7528c50|46712809946d,Sebastian|Nicolas|Vania,3|1|4,6.579|3.568|0.543,69,0,65
1790906152490018304,Nahim,c282e0439d26,1.263,3,ff40785be781|94a1a7528c50|46712809946d,Sebastian|Nicolas|Vania,3|1|4,6.779|3.767|0.743,69,0,65
1790906152690062784,Nahim,c282e0439d26,1.463,3,ff40785be781|94a1a7528c50|46712809946d,Sebastian|Nicolas|Vania,3|1|4,6.979|3.967|0.943,69,0,65
1790906152890130944,Nahim,c282e0439d26,1.663,3,ff40785be781|94a1a7528c50|46712809946d,Sebastian|Nicolas|Vania,3|1|4,7.179|4.167|1.143,69,0,65
1790906153090284928,Nahim,c282e0439d26,1.863,3,ff40785be781|94a1a7528c50|46712809946d,Sebastian|Nicolas|Vania,3|1|4,7.379|4.368|1.343,69,0,65
1790906153290283008,Nahim,c282e0439d26,2.063,3,ff40785be781|94a1a7528c50|46712809946d,Sebastian|Nicolas|Vania,3|1|4,7.579|4.568|1.543,69,0,65
1790906153490210976,Nahim,c282e0439d26,2.263,3,ff40785be781|94a1a7528c50|46712809946d,Sebastian|Nicolas|Vania,3|1|4,7.779|4.768|1.743,69,0,65
1790906153690350912,Nahim,c282e0439d26,2.463,3,ff40785be781|94a1a7528c50|46712809946d,Sebastian|Nicolas|Vania,3|1|4,7.979|4.968|1.943,69,0,65
1790906153890054240,Nahim,c282e0439d26,2.663,3,ff40785be781|94a1a7528c50|46712809946d,Sebastian|Nicolas|Vania,3|1|4,8.179|5.167|2.142,69,0,65
1790906154090350688,Nahim,c282e0439d26,2.863,3,ff40785be781|94a1a7528c50|46712809946d,Sebastian|Nicolas|Vania,3|1|4,8.379|5.368|2.343,69,0,65
1790906154290340736,Sebastian,ff40785be781,0.042,2,94a1a7528c50|46712809946d,Nicolas|Vania,1|4,5.568|2.543,69,0,66
1790906154490043136,Sebastian,ff40785be781,0.242,2,94a1a7528c50|46712809946d,Nicolas|Vania,1|4,5.767|2.742,69,0,66
1790906154690257696,Sebastian,ff40785be781,0.442,2,94a1a7528c50|46712809946d,Nicolas|Vania,1|4,5.968|2.943,69,0,66
1790906154890232224,Sebastian,ff40785be781,0.642,3,94a1a7528c50|46712809946d|9c25ca55edf3,Nicolas|Vania|Nahim,1|4|2,6.168|3.143|0.131,70,0,66
1790906155090293344,Sebastian,ff40785be781,0.842,3,94a1a7528c50|46712809946d|9c25ca55edf3,Nicolas|Vania|Nahim,1|4|2,6.368|3.343|0.331,70,0,66
1790906155290220672,Sebastian,ff40785be781,1.042,3,94a1a7528c50|46712809946d|9c25ca55edf3,Nicolas|Vania|Nahim,1|4|2,6.568|3.543|0.531,70,0,66
1790906155491155712,Sebastian,ff40785be781,1.242,3,94a1a7528c50|46712809946d|9c25ca55edf3,Nicolas|Vania|Nahim,1|4|2,6.768|3.743|0.731,70,0,66
1790906155690394880,Sebastian,ff40785be781,1.442,3,94a1a7528c50|46712809946d|9c25ca55edf3,Nicolas|Vania|Nahim,1|4|2,6.968|3.943|0.931,70,0,66
1790906155890349696,Sebastian,ff40785be781,1.642,3,94a1a7528c50|46712809946d|9c25ca55edf3,Nicolas|Vania|Nahim,1|4|2,7.168|4.143|1.131,70,0,66
1790906156090433440,Sebastian,ff40785be781,1.842,3,94a1a7528c50|46712809946d|9c25ca55edf3,Nicolas|Vania|Nahim,1|4|2,7.368|4.343|1.331,70,0,66
1790906156290292416,Sebastian,ff40785be781,2.042,3,94a1a7528c50|46712809946d|9c25ca55edf3,Nicolas|Vania|Nahim,1|4|2,7.568|4.543|1.531,70,0,66
1790906156490370048,Sebastian,ff40785be781,2.242,3,94a1a7528c50|46712809946d|9c25ca55edf3,Nicolas|Vania|Nahim,1|4|2,7.768|4.743|1.731,70,0,66
1790906156690141120,Sebastian,ff40785be781,2.442,3,94a1a7528c50|46712809946d|9c25ca55edf3,Nicolas|Vania|Nahim,1|4|2,7.968|4.943|1.931,70,0,66
1790906156890384000,Sebastian,ff40785be781,2.642,3,94a1a7528c50|46712809946d|9c25ca55edf3,Nicolas|Vania|Nahim,1|4|2,8.168|5.143|2.131,70,0,66
1790906157090219200,Sebastian,ff40785be781,2.842,3,94a1a7528c50|46712809946d|9c25ca55edf3,Nicolas|Vania|Nahim,1|4|2,8.368|5.343|2.331,70,0,66
1790906157290949824,Nicolas,94a1a7528c50,0.022,2,46712809946d|9c25ca55edf3,Vania|Nahim,4|2,5.543|2.531,70,0,67
1790906157490435104,Nicolas,94a1a7528c50,0.222,2,46712809946d|9c25ca55edf3,Vania|Nahim,4|2,5.743|2.731,70,0,67
1790906157691277280,Nicolas,94a1a7528c50,0.422,2,46712809946d|9c25ca55edf3,Vania|Nahim,4|2,5.943|2.931,70,0,67
1790906157890131872,Nicolas,94a1a7528c50,0.622,3,46712809946d|9c25ca55edf3|d14e652487e9,Vania|Nahim|Sebastian,4|2|3,6.143|3.131|0.104,71,0,67
1790906158090977376,Nicolas,94a1a7528c50,0.823,3,46712809946d|9c25ca55edf3|d14e652487e9,Vania|Nahim|Sebastian,4|2|3,6.343|3.331|0.304,71,0,67
1790906158290273280,Nicolas,94a1a7528c50,1.022,3,46712809946d|9c25ca55edf3|d14e652487e9,Vania|Nahim|Sebastian,4|2|3,6.543|3.531|0.504,71,0,67
1790906158490155808,Nicolas,94a1a7528c50,1.222,3,46712809946d|9c25ca55edf3|d14e652487e9,Vania|Nahim|Sebastian,4|2|3,6.743|3.731|0.704,71,0,67
1790906158690021440,Nicolas,94a1a7528c50,1.422,3,46712809946d|9c25ca55edf3|d14e652487e9,Vania|Nahim|Sebastian,4|2|3,6.942|3.931|0.904,71,0,67
1790906158890455936,Nicolas,94a1a7528c50,1.623,3,46712809946d|9c25ca55edf3|d14e652487e9,Vania|Nahim|Sebastian,4|2|3,7.143|4.131|1.104,71,0,67
1790906159089523488,Nicolas,94a1a7528c50,1.822,3,46712809946d|9c25ca55edf3|d14e652487e9,Vania|Nahim|Sebastian,4|2|3,7.342|4.330|1.304,71,0,67
1790906159290388064,Nicolas,94a1a7528c50,2.022,3,46712809946d|9c25ca55edf3|d14e652487e9,Vania|Nahim|Sebastian,4|2|3,7.543|4.531|1.504,71,0,67
1790906159490013184,Nicolas,94a1a7528c50,2.222,3,46712809946d|9c25ca55edf3|d14e652487e9,Vania|Nahim|Sebastian,4|2|3,7.743|4.731|1.704,71,0,67
1790906159690066880,Nicolas,94a1a7528c50,2.422,3,46712809946d|9c25ca55edf3|d14e652487e9,Vania|Nahim|Sebastian,4|2|3,7.943|4.931|1.904,71,0,67
1790906159890264224,Nicolas,94a1a7528c50,2.622,3,46712809946d|9c25ca55edf3|d14e652487e9,Vania|Nahim|Sebastian,4|2|3,8.143|5.131|2.104,71,0,67
1790906160090395424,Nicolas,94a1a7528c50,2.823,3,46712809946d|9c25ca55edf3|d14e652487e9,Vania|Nahim|Sebastian,4|2|3,8.343|5.331|2.304,71,0,67
1790906160293096480,Vania,46712809946d,0.004,2,9c25ca55edf3|d14e652487e9,Nahim|Sebastian,2|3,5.534|2.507,71,0,68
1790906160490425216,Vania,46712809946d,0.202,2,9c25ca55edf3|d14e652487e9,Nahim|Sebastian,2|3,5.731|2.704,71,0,68
1790906160690339136,Vania,46712809946d,0.402,2,9c25ca55edf3|d14e652487e9,Nahim|Sebastian,2|3,5.931|2.904,71,0,68
1790906160890208384,Vania,46712809946d,0.601,3,9c25ca55edf3|d14e652487e9|c07f6565c1c5,Nahim|Sebastian|Nicolas,2|3|1,6.131|3.104|0.077,72,0,68
1790906161090553376,Vania,46712809946d,0.802,3,9c25ca55edf3|d14e652487e9|c07f6565c1c5,Nahim|Sebastian|Nicolas,2|3|1,6.331|3.304|0.277,72,0,68
1790906161290103936,Vania,46712809946d,1.001,3,9c25ca55edf3|d14e652487e9|c07f6565c1c5,Nahim|Sebastian|Nicolas,2|3|1,6.531|3.504|0.477,72,0,68
1790906161490455424,Vania,46712809946d,1.202,3,9c25ca55edf3|d14e652487e9|c07f6565c1c5,Nahim|Sebastian|Nicolas,2|3|1,6.731|3.704|0.677,72,0,68
1790906161689701696,Vania,46712809946d,1.401,3,9c25ca55edf3|d14e652487e9|c07f6565c1c5,Nahim|Sebastian|Nicolas,2|3|1,6.931|3.904|0.877,72,0,68
1790906161890451936,Vania,46712809946d,1.602,3,9c25ca55edf3|d14e652487e9|c07f6565c1c5,Nahim|Sebastian|Nicolas,2|3|1,7.131|4.104|1.077,72,0,68
1790906162090365888,Vania,46712809946d,1.802,3,9c25ca55edf3|d14e652487e9|c07f6565c1c5,Nahim|Sebastian|Nicolas,2|3|1,7.331|4.304|1.277,72,0,68
1790906162290385056,Vania,46712809946d,2.002,3,9c25ca55edf3|d14e652487e9|c07f6565c1c5,Nahim|Sebastian|Nicolas,2|3|1,7.531|4.504|1.477,72,0,68
1790906162490672992,Vania,46712809946d,2.202,3,9c25ca55edf3|d14e652487e9|c07f6565c1c5,Nahim|Sebastian|Nicolas,2|3|1,7.731|4.704|1.677,72,0,68
1790906162690467872,Vania,46712809946d,2.402,3,9c25ca55edf3|d14e652487e9|c07f6565c1c5,Nahim|Sebastian|Nicolas,2|3|1,7.931|4.904|1.877,72,0,68
1790906162890337152,Vania,46712809946d,2.602,3,9c25ca55edf3|d14e652487e9|c07f6565c1c5,Nahim|Sebastian|Nicolas,2|3|1,8.131|5.104|2.077,72,0,68
1790906163090395744,Vania,46712809946d,2.802,3,9c25ca55edf3|d14e652487e9|c07f6565c1c5,Nahim|Sebastian|Nicolas,2|3|1,8.331|5.304|2.277,72,0,68
1790906163290590464,Vania,46712809946d,3.002,3,9c25ca55edf3|d14e652487e9|c07f6565c1c5,Nahim|Sebastian|Nicolas,2|3|1,8.531|5.505|2.477,72,0,68
1790906163490346624,Nahim,9c25ca55edf3,0.182,2,d14e652487e9|c07f6565c1c5,Sebastian|Nicolas,3|1,5.704|2.677,72,0,69
1790906163690249792,Nahim,9c25ca55edf3,0.381,2,d14e652487e9|c07f6565c1c5,Sebastian|Nicolas,3|1,5.904|2.877,72,0,69
1790906163890163968,Nahim,9c25ca55edf3,0.581,3,d14e652487e9|c07f6565c1c5|62e5d9b67b52,Sebastian|Nicolas|Vania,3|1|4,6.104|3.077|0.057,73,0,69
1790906164090498176,Nahim,9c25ca55edf3,0.782,3,d14e652487e9|c07f6565c1c5|62e5d9b67b52,Sebastian|Nicolas|Vania,3|1|4,6.304|3.277|0.257,73,0,69
1790906164290618656,Nahim,9c25ca55edf3,0.982,3,d14e652487e9|c07f6565c1c5|62e5d9b67b52,Sebastian|Nicolas|Vania,3|1|4,6.505|3.478|0.457,73,0,69
1790906164490462976,Nahim,9c25ca55edf3,1.182,3,d14e652487e9|c07f6565c1c5|62e5d9b67b52,Sebastian|Nicolas|Vania,3|1|4,6.704|3.677|0.657,73,0,69
1790906164690275520,Nahim,9c25ca55edf3,1.382,3,d14e652487e9|c07f6565c1c5|62e5d9b67b52,Sebastian|Nicolas|Vania,3|1|4,6.904|3.877|0.857,73,0,69
1790906164890360192,Nahim,9c25ca55edf3,1.582,3,d14e652487e9|c07f6565c1c5|62e5d9b67b52,Sebastian|Nicolas|Vania,3|1|4,7.104|4.077|1.057,73,0,69
1790906165090625504,Nahim,9c25ca55edf3,1.782,3,d14e652487e9|c07f6565c1c5|62e5d9b67b52,Sebastian|Nicolas|Vania,3|1|4,7.305|4.277|1.257,73,0,69
1790906165290481728,Nahim,9c25ca55edf3,1.982,3,d14e652487e9|c07f6565c1c5|62e5d9b67b52,Sebastian|Nicolas|Vania,3|1|4,7.504|4.477|1.457,73,0,69
1790906165490611008,Nahim,9c25ca55edf3,2.182,3,d14e652487e9|c07f6565c1c5|62e5d9b67b52,Sebastian|Nicolas|Vania,3|1|4,7.705|4.677|1.657,73,0,69
1790906165690089664,Nahim,9c25ca55edf3,2.381,3,d14e652487e9|c07f6565c1c5|62e5d9b67b52,Sebastian|Nicolas|Vania,3|1|4,7.904|4.877|1.857,73,0,69
1790906165890336224,Nahim,9c25ca55edf3,2.582,3,d14e652487e9|c07f6565c1c5|62e5d9b67b52,Sebastian|Nicolas|Vania,3|1|4,8.104|5.077|2.057,73,0,69
1790906166090069952,Nahim,9c25ca55edf3,2.781,3,d14e652487e9|c07f6565c1c5|62e5d9b67b52,Sebastian|Nicolas|Vania,3|1|4,8.304|5.277|2.257,73,0,69
1790906166290333536,Nahim,9c25ca55edf3,2.981,3,d14e652487e9|c07f6565c1c5|62e5d9b67b52,Sebastian|Nicolas|Vania,3|1|4,8.504|5.477|2.457,73,0,69
1790906166490525696,Sebastian,d14e652487e9,0.162,2,c07f6565c1c5|62e5d9b67b52,Nicolas|Vania,1|4,5.677|2.657,73,0,70
1790906166690241568,Sebastian,d14e652487e9,0.361,2,c07f6565c1c5|62e5d9b67b52,Nicolas|Vania,1|4,5.877|2.857,73,0,70
1790906166890025376,Sebastian,d14e652487e9,0.561,3,c07f6565c1c5|62e5d9b67b52|6f8de87f4b84,Nicolas|Vania|Nahim,1|4|2,6.077|3.057|0.041,74,0,70
1790906167090365088,Sebastian,d14e652487e9,0.762,3,c07f6565c1c5|62e5d9b67b52|6f8de87f4b84,Nicolas|Vania|Nahim,1|4|2,6.277|3.257|0.241,74,0,70
1790906167290468416,Sebastian,d14e652487e9,0.961,3,c07f6565c1c5|62e5d9b67b52|6f8de87f4b84,Nicolas|Vania|Nahim,1|4|2,6.477|3.457|0.440,74,0,70
1790906167490339936,Sebastian,d14e652487e9,1.162,3,c07f6565c1c5|62e5d9b67b52|6f8de87f4b84,Nicolas|Vania|Nahim,1|4|2,6.677|3.657|0.641,74,0,70
1790906167690420544,Sebastian,d14e652487e9,1.362,3,c07f6565c1c5|62e5d9b67b52|6f8de87f4b84,Nicolas|Vania|Nahim,1|4|2,6.877|3.857|0.841,74,0,70
1790906167890179776,Sebastian,d14e652487e9,1.561,3,c07f6565c1c5|62e5d9b67b52|6f8de87f4b84,Nicolas|Vania|Nahim,1|4|2,7.077|4.057|1.041,74,0,70
1790906168090345440,Sebastian,d14e652487e9,1.762,3,c07f6565c1c5|62e5d9b67b52|6f8de87f4b84,Nicolas|Vania|Nahim,1|4|2,7.277|4.257|1.241,74,0,70
1790906168290221024,Sebastian,d14e652487e9,1.961,3,c07f6565c1c5|62e5d9b67b52|6f8de87f4b84,Nicolas|Vania|Nahim,1|4|2,7.477|4.457|1.441,74,0,70
1790906168489746688,Sebastian,d14e652487e9,2.161,3,c07f6565c1c5|62e5d9b67b52|6f8de87f4b84,Nicolas|Vania|Nahim,1|4|2,7.677|4.656|1.640,74,0,70
1790906168690430144,Sebastian,d14e652487e9,2.362,3,c07f6565c1c5|62e5d9b67b52|6f8de87f4b84,Nicolas|Vania|Nahim,1|4|2,7.877|4.857|1.841,74,0,70
1790906168890335168,Sebastian,d14e652487e9,2.562,3,c07f6565c1c5|62e5d9b67b52|6f8de87f4b84,Nicolas|Vania|Nahim,1|4|2,8.077|5.057|2.041,74,0,70
1790906169089755168,Sebastian,d14e652487e9,2.761,3,c07f6565c1c5|62e5d9b67b52|6f8de87f4b84,Nicolas|Vania|Nahim,1|4|2,8.277|5.256|2.240,74,0,70
1790906169290306400,Sebastian,d14e652487e9,2.962,3,c07f6565c1c5|62e5d9b67b52|6f8de87f4b84,Nicolas|Vania|Nahim,1|4|2,8.477|5.457|2.441,74,0,70
1790906169490281984,Nicolas,c07f6565c1c5,0.138,2,62e5d9b67b52|6f8de87f4b84,Vania|Nahim,4|2,5.657|2.641,74,0,71
1790906169689608928,Nicolas,c07f6565c1c5,0.337,2,62e5d9b67b52|6f8de87f4b84,Vania|Nahim,4|2,5.856|2.840,74,0,71
1790906169889644096,Nicolas,c07f6565c1c5,0.537,3,62e5d9b67b52|6f8de87f4b84|fec5f98c18ec,Vania|Nahim|Sebastian,4|2|3,6.056|3.040|0.020,75,0,71
1790906170090365344,Nicolas,c07f6565c1c5,0.738,3,62e5d9b67b52|6f8de87f4b84|fec5f98c18ec,Vania|Nahim|Sebastian,4|2|3,6.257|3.241|0.220,75,0,71
1790906170290299008,Nicolas,c07f6565c1c5,0.938,3,62e5d9b67b52|6f8de87f4b84|fec5f98c18ec,Vania|Nahim|Sebastian,4|2|3,6.457|3.441|0.420,75,0,71
1790906170490365376,Nicolas,c07f6565c1c5,1.138,3,62e5d9b67b52|6f8de87f4b84|fec5f98c18ec,Vania|Nahim|Sebastian,4|2|3,6.657|3.641|0.620,75,0,71
1790906170690329856,Nicolas,c07f6565c1c5,1.338,3,62e5d9b67b52|6f8de87f4b84|fec5f98c18ec,Vania|Nahim|Sebastian,4|2|3,6.857|3.841|0.820,75,0,71
1790906170890810848,Nicolas,c07f6565c1c5,1.537,3,62e5d9b67b52|6f8de87f4b84|fec5f98c18ec,Vania|Nahim|Sebastian,4|2|3,7.056|4.040|1.020,75,0,71
1790906171090378912,Nicolas,c07f6565c1c5,1.738,3,62e5d9b67b52|6f8de87f4b84|fec5f98c18ec,Vania|Nahim|Sebastian,4|2|3,7.257|4.241|1.220,75,0,71
1790906171289771328,Nicolas,c07f6565c1c5,1.937,3,62e5d9b67b52|6f8de87f4b84|fec5f98c18ec,Vania|Nahim|Sebastian,4|2|3,7.456|4.440|1.420,75,0,71
1790906171490280992,Nicolas,c07f6565c1c5,2.138,3,62e5d9b67b52|6f8de87f4b84|fec5f98c18ec,Vania|Nahim|Sebastian,4|2|3,7.657|4.641|1.620,75,0,71
1790906171690264672,Nicolas,c07f6565c1c5,2.338,3,62e5d9b67b52|6f8de87f4b84|fec5f98c18ec,Vania|Nahim|Sebastian,4|2|3,7.857|4.841|1.820,75,0,71
1790906171890614080,Nicolas,c07f6565c1c5,2.538,3,62e5d9b67b52|6f8de87f4b84|fec5f98c18ec,Vania|Nahim|Sebastian,4|2|3,8.057|5.041|2.020,75,0,71
1790906172089647392,Nicolas,c07f6565c1c5,2.737,3,62e5d9b67b52|6f8de87f4b84|fec5f98c18ec,Vania|Nahim|Sebastian,4|2|3,8.256|5.240|2.220,75,0,71
1790906172290475616,Nicolas,c07f6565c1c5,2.938,3,62e5d9b67b52|6f8de87f4b84|fec5f98c18ec,Vania|Nahim|Sebastian,4|2|3,8.457|5.441|2.420,75,0,71
1790906172490602304,Vania,62e5d9b67b52,0.118,2,6f8de87f4b84|fec5f98c18ec,Nahim|Sebastian,2|3,5.641|2.620,75,0,72
1790906172690083168,Vania,62e5d9b67b52,0.317,2,6f8de87f4b84|fec5f98c18ec,Nahim|Sebastian,2|3,5.841|2.820,75,0,72
1790906172890180096,Vania,62e5d9b67b52,0.518,2,6f8de87f4b84|fec5f98c18ec,Nahim|Sebastian,2|3,6.041|3.020,75,0,72
1790906173090334240,Vania,62e5d9b67b52,0.718,3,6f8de87f4b84|fec5f98c18ec|7565c21d579d,Nahim|Sebastian|Nicolas,2|3|1,6.241|3.220|0.194,76,0,72
1790906173290098656,Vania,62e5d9b67b52,0.917,3,6f8de87f4b84|fec5f98c18ec|7565c21d579d,Nahim|Sebastian|Nicolas,2|3|1,6.441|3.420|0.394,76,0,72
1790906173490314304,Vania,62e5d9b67b52,1.118,3,6f8de87f4b84|fec5f98c18ec|7565c21d579d,Nahim|Sebastian|Nicolas,2|3|1,6.641|3.620|0.594,76,0,72
1790906173690394912,Vania,62e5d9b67b52,1.318,3,6f8de87f4b84|fec5f98c18ec|7565c21d579d,Nahim|Sebastian|Nicolas,2|3|1,6.841|3.820|0.794,76,0,72
1790906173890442112,Vania,62e5d9b67b52,1.518,3,6f8de87f4b84|fec5f98c18ec|7565c21d579d,Nahim|Sebastian|Nicolas,2|3|1,7.041|4.021|0.995,76,0,72
1790906174090362752,Vania,62e5d9b67b52,1.718,3,6f8de87f4b84|fec5f98c18ec|7565c21d579d,Nahim|Sebastian|Nicolas,2|3|1,7.241|4.220|1.194,76,0,72
1790906174290694944,Vania,62e5d9b67b52,1.918,3,6f8de87f4b84|fec5f98c18ec|7565c21d579d,Nahim|Sebastian|Nicolas,2|3|1,7.441|4.420|1.394,76,0,72
1790906174489862848,Vania,62e5d9b67b52,2.117,3,6f8de87f4b84|fec5f98c18ec|7565c21d579d,Nahim|Sebastian|Nicolas,2|3|1,7.641|4.620|1.594,76,0,72
1790906174690447616,Vania,62e5d9b67b52,2.318,3,6f8de87f4b84|fec5f98c18ec|7565c21d579d,Nahim|Sebastian|Nicolas,2|3|1,7.841|4.820|1.794,76,0,72
1790906174890253056,Vania,62e5d9b67b52,2.518,3,6f8de87f4b84|fec5f98c18ec|7565c21d579d,Nahim|Sebastian|Nicolas,2|3|1,8.041|5.020|1.994,76,0,72
1790906175092168288,Vania,62e5d9b67b52,2.719,3,6f8de87f4b84|fec5f98c18ec|7565c21d579d,Nahim|Sebastian|Nicolas,2|3|1,8.242|5.221|2.195,76,0,72
1790906175290406336,Vania,62e5d9b67b52,2.918,3,6f8de87f4b84|fec5f98c18ec|7565c21d579d,Nahim|Sebastian|Nicolas,2|3|1,8.441|5.420|2.394,76,0,72
1790906175490370720,Nahim,6f8de87f4b84,0.099,2,fec5f98c18ec|7565c21d579d,Sebastian|Nicolas,3|1,5.620|2.594,76,0,73
1790906175690022880,Nahim,6f8de87f4b84,0.298,2,fec5f98c18ec|7565c21d579d,Sebastian|Nicolas,3|1,5.820|2.794,76,0,73
1790906175890353312,Nahim,6f8de87f4b84,0.499,2,fec5f98c18ec|7565c21d579d,Sebastian|Nicolas,3|1,6.020|2.994,76,0,73
1790906176089911392,Nahim,6f8de87f4b84,0.698,3,fec5f98c18ec|7565c21d579d|be2ae80af6d4,Sebastian|Nicolas|Vania,3|1|4,6.220|3.194|0.175,77,0,73
1790906176290337696,Nahim,6f8de87f4b84,0.899,3,fec5f98c18ec|7565c21d579d|be2ae80af6d4,Sebastian|Nicolas|Vania,3|1|4,6.420|3.394|0.376,77,0,73
1790906176490317536,Nahim,6f8de87f4b84,1.099,3,fec5f98c18ec|7565c21d579d|be2ae80af6d4,Sebastian|Nicolas|Vania,3|1|4,6.620|3.594|0.576,77,0,73
1790906176690252608,Nahim,6f8de87f4b84,1.298,3,fec5f98c18ec|7565c21d579d|be2ae80af6d4,Sebastian|Nicolas|Vania,3|1|4,6.820|3.794|0.776,77,0,73
1790906176889784256,Nahim,6f8de87f4b84,1.498,3,fec5f98c18ec|7565c21d579d|be2ae80af6d4,Sebastian|Nicolas|Vania,3|1|4,7.020|3.994|0.975,77,0,73
1790906177090281152,Nahim,6f8de87f4b84,1.698,3,fec5f98c18ec|7565c21d579d|be2ae80af6d4,Sebastian|Nicolas|Vania,3|1|4,7.220|4.194|1.176,77,0,73
1790906177290386912,Nahim,6f8de87f4b84,1.899,3,fec5f98c18ec|7565c21d579d|be2ae80af6d4,Sebastian|Nicolas|Vania,3|1|4,7.420|4.394|1.376,77,0,73
1790906177489915296,Nahim,6f8de87f4b84,2.098,3,fec5f98c18ec|7565c21d579d|be2ae80af6d4,Sebastian|Nicolas|Vania,3|1|4,7.620|4.594|1.575,77,0,73
1790906177690362624,Nahim,6f8de87f4b84,2.299,3,fec5f98c18ec|7565c21d579d|be2ae80af6d4,Sebastian|Nicolas|Vania,3|1|4,7.820|4.794|1.776,77,0,73
1790906177889913600,Nahim,6f8de87f4b84,2.498,3,fec5f98c18ec|7565c21d579d|be2ae80af6d4,Sebastian|Nicolas|Vania,3|1|4,8.020|4.994|1.975,77,0,73
1790906178089887616,Nahim,6f8de87f4b84,2.698,3,fec5f98c18ec|7565c21d579d|be2ae80af6d4,Sebastian|Nicolas|Vania,3|1|4,8.220|5.194|2.175,77,0,73
1790906178290320736,Nahim,6f8de87f4b84,2.898,3,fec5f98c18ec|7565c21d579d|be2ae80af6d4,Sebastian|Nicolas|Vania,3|1|4,8.420|5.394|2.375,77,0,73
1790906178490373664,Sebastian,fec5f98c18ec,0.080,2,7565c21d579d|be2ae80af6d4,Nicolas|Vania,1|4,5.594|2.576,77,0,74
1790906178689833536,Sebastian,fec5f98c18ec,0.280,2,7565c21d579d|be2ae80af6d4,Nicolas|Vania,1|4,5.794|2.775,77,0,74
1790906178890461024,Sebastian,fec5f98c18ec,0.480,2,7565c21d579d|be2ae80af6d4,Nicolas|Vania,1|4,5.994|2.976,77,0,74
1790906179090162048,Sebastian,fec5f98c18ec,0.680,3,7565c21d579d|be2ae80af6d4|85784c3a13a0,Nicolas|Vania|Nahim,1|4|2,6.194|3.176|0.159,78,0,74
1790906179289665376,Sebastian,fec5f98c18ec,0.880,3,7565c21d579d|be2ae80af6d4|85784c3a13a0,Nicolas|Vania|Nahim,1|4|2,6.394|3.375|0.358,78,0,74
1790906179490377184,Sebastian,fec5f98c18ec,1.080,3,7565c21d579d|be2ae80af6d4|85784c3a13a0,Nicolas|Vania|Nahim,1|4|2,6.594|3.576|0.559,78,0,74
1790906179690331424,Sebastian,fec5f98c18ec,1.280,3,7565c21d579d|be2ae80af6d4|85784c3a13a0,Nicolas|Vania|Nahim,1|4|2,6.794|3.776|0.759,78,0,74
1790906179890343328,Sebastian,fec5f98c18ec,1.480,3,7565c21d579d|be2ae80af6d4|85784c3a13a0,Nicolas|Vania|Nahim,1|4|2,6.994|3.976|0.959,78,0,74
1790906180090338272,Sebastian,fec5f98c18ec,1.680,3,7565c21d579d|be2ae80af6d4|85784c3a13a0,Nicolas|Vania|Nahim,1|4|2,7.194|4.176|1.159,78,0,74
1790906180290304800,Sebastian,fec5f98c18ec,1.880,3,7565c21d579d|be2ae80af6d4|85784c3a13a0,Nicolas|Vania|Nahim,1|4|2,7.394|4.376|1.359,78,0,74
1790906180490135072,Sebastian,fec5f98c18ec,2.080,3,7565c21d579d|be2ae80af6d4|85784c3a13a0,Nicolas|Vania|Nahim,1|4|2,7.594|4.576|1.559,78,0,74
1790906180690415232,Sebastian,fec5f98c18ec,2.280,3,7565c21d579d|be2ae80af6d4|85784c3a13a0,Nicolas|Vania|Nahim,1|4|2,7.794|4.776|1.759,78,0,74
1790906180889909312,Sebastian,fec5f98c18ec,2.480,3,7565c21d579d|be2ae80af6d4|85784c3a13a0,Nicolas|Vania|Nahim,1|4|2,7.994|4.975|1.958,78,0,74
1790906181090202112,Sebastian,fec5f98c18ec,2.680,3,7565c21d579d|be2ae80af6d4|85784c3a13a0,Nicolas|Vania|Nahim,1|4|2,8.194|5.176|2.159,78,0,74
1790906181290334976,Sebastian,fec5f98c18ec,2.880,3,7565c21d579d|be2ae80af6d4|85784c3a13a0,Nicolas|Vania|Nahim,1|4|2,8.394|5.376|2.359,78,0,74
1790906181489936096,Nicolas,7565c21d579d,0.060,2,be2ae80af6d4|85784c3a13a0,Vania|Nahim,4|2,5.575|2.558,78,0,75
1790906181689872736,Nicolas,7565c21d579d,0.260,2,be2ae80af6d4|85784c3a13a0,Vania|Nahim,4|2,5.775|2.758,78,0,75
1790906181890268736,Nicolas,7565c21d579d,0.461,2,be2ae80af6d4|85784c3a13a0,Vania|Nahim,4|2,5.976|2.959,78,0,75
1790906182090390080,Nicolas,7565c21d579d,0.661,3,be2ae80af6d4|85784c3a13a0|b62744ad5874,Vania|Nahim|Sebastian,4|2|3,6.176|3.159|0.140,79,0,75
1790906182290278368,Nicolas,7565c21d579d,0.861,3,be2ae80af6d4|85784c3a13a0|b62744ad5874,Vania|Nahim|Sebastian,4|2|3,6.376|3.359|0.340,79,0,75
1790906182490437056,Nicolas,7565c21d579d,1.061,3,be2ae80af6d4|85784c3a13a0|b62744ad5874,Vania|Nahim|Sebastian,4|2|3,6.576|3.559|0.540,79,0,75
1790906182690336000,Nicolas,7565c21d579d,1.261,3,be2ae80af6d4|85784c3a13a0|b62744ad5874,Vania|Nahim|Sebastian,4|2|3,6.776|3.759|0.740,79,0,75
1790906182890445088,Nicolas,7565c21d579d,1.461,3,be2ae80af6d4|85784c3a13a0|b62744ad5874,Vania|Nahim|Sebastian,4|2|3,6.976|3.959|0.940,79,0,75
1790906183089958272,Nicolas,7565c21d579d,1.661,3,be2ae80af6d4|85784c3a13a0|b62744ad5874,Vania|Nahim|Sebastian,4|2|3,7.175|4.158|1.139,79,0,75
1790906183290264544,Nicolas,7565c21d579d,1.861,3,be2ae80af6d4|85784c3a13a0|b62744ad5874,Vania|Nahim|Sebastian,4|2|3,7.376|4.359|1.340,79,0,75
1790906183490161760,Nicolas,7565c21d579d,2.061,3,be2ae80af6d4|85784c3a13a0|b62744ad5874,Vania|Nahim|Sebastian,4|2|3,7.576|4.559|1.539,79,0,75
1790906183690299424,Nicolas,7565c21d579d,2.261,3,be2ae80af6d4|85784c3a13a0|b62744ad5874,Vania|Nahim|Sebastian,4|2|3,7.776|4.759|1.740,79,0,75
1790906183890405792,Nicolas,7565c21d579d,2.461,3,be2ae80af6d4|85784c3a13a0|b62744ad5874,Vania|Nahim|Sebastian,4|2|3,7.976|4.959|1.940,79,0,75
1790906184090398112,Nicolas,7565c21d579d,2.661,3,be2ae80af6d4|85784c3a13a0|b62744ad5874,Vania|Nahim|Sebastian,4|2|3,8.176|5.159|2.140,79,0,75
1790906184290357568,Nicolas,7565c21d579d,2.861,3,be2ae80af6d4|85784c3a13a0|b62744ad5874,Vania|Nahim|Sebastian,4|2|3,8.376|5.359|2.340,79,0,75
1790906184490411872,Vania,be2ae80af6d4,0.041,2,85784c3a13a0|b62744ad5874,Nahim|Sebastian,2|3,5.559|2.539,79,0,76
1790906184690313888,Vania,be2ae80af6d4,0.242,2,85784c3a13a0|b62744ad5874,Nahim|Sebastian,2|3,5.759|2.740,79,0,76
1790906184890630656,Vania,be2ae80af6d4,0.442,2,85784c3a13a0|b62744ad5874,Nahim|Sebastian,2|3,5.959|2.940,79,0,76
1790906185090455616,Vania,be2ae80af6d4,0.642,3,85784c3a13a0|b62744ad5874|1dd3adc2bf8e,Nahim|Sebastian|Nicolas,2|3|1,6.159|3.139|0.119,80,0,76
1790906185290546368,Vania,be2ae80af6d4,0.842,3,85784c3a13a0|b62744ad5874|1dd3adc2bf8e,Nahim|Sebastian|Nicolas,2|3|1,6.359|3.340|0.319,80,0,76
1790906185490399520,Vania,be2ae80af6d4,1.042,3,85784c3a13a0|b62744ad5874|1dd3adc2bf8e,Nahim|Sebastian|Nicolas,2|3|1,6.559|3.540|0.519,80,0,76
1790906185690827008,Vania,be2ae80af6d4,1.242,3,85784c3a13a0|b62744ad5874|1dd3adc2bf8e,Nahim|Sebastian|Nicolas,2|3|1,6.759|3.740|0.719,80,0,76
1790906185890299264,Vania,be2ae80af6d4,1.442,3,85784c3a13a0|b62744ad5874|1dd3adc2bf8e,Nahim|Sebastian|Nicolas,2|3|1,6.959|3.940|0.919,80,0,76
1790906186090322560,Vania,be2ae80af6d4,1.642,3,85784c3a13a0|b62744ad5874|1dd3adc2bf8e,Nahim|Sebastian|Nicolas,2|3|1,7.159|4.140|1.119,80,0,76
1790906186290273696,Vania,be2ae80af6d4,1.842,3,85784c3a13a0|b62744ad5874|1dd3adc2bf8e,Nahim|Sebastian|Nicolas,2|3|1,7.359|4.339|1.319,80,0,76
1790906186490363520,Vania,be2ae80af6d4,2.042,3,85784c3a13a0|b62744ad5874|1dd3adc2bf8e,Nahim|Sebastian|Nicolas,2|3|1,7.559|4.540|1.519,80,0,76
1790906186690334176,Vania,be2ae80af6d4,2.242,3,85784c3a13a0|b62744ad5874|1dd3adc2bf8e,Nahim|Sebastian|Nicolas,2|3|1,7.759|4.740|1.719,80,0,76
1790906186890152608,Vania,be2ae80af6d4,2.442,3,85784c3a13a0|b62744ad5874|1dd3adc2bf8e,Nahim|Sebastian|Nicolas,2|3|1,7.959|4.939|1.919,80,0,76
1790906187089726208,Vania,be2ae80af6d4,2.641,3,85784c3a13a0|b62744ad5874|1dd3adc2bf8e,Nahim|Sebastian|Nicolas,2|3|1,8.158|5.139|2.118,80,0,76
1790906187290355680,Vania,be2ae80af6d4,2.842,3,85784c3a13a0|b62744ad5874|1dd3adc2bf8e,Nahim|Sebastian|Nicolas,2|3|1,8.359|5.340|2.319,80,0,76
1790906187489499968,Nahim,85784c3a13a0,0.021,2,b62744ad5874|1dd3adc2bf8e,Sebastian|Nicolas,3|1,5.539|2.518,80,0,77
1790906187690393888,Nahim,85784c3a13a0,0.222,2,b62744ad5874|1dd3adc2bf8e,Sebastian|Nicolas,3|1,5.740|2.719,80,0,77
1790906187889902496,Nahim,85784c3a13a0,0.421,2,b62744ad5874|1dd3adc2bf8e,Sebastian|Nicolas,3|1,5.939|2.918,80,0,77
1790906188089765312,Nahim,85784c3a13a0,0.621,3,b62744ad5874|1dd3adc2bf8e|4f3ca17af111,Sebastian|Nicolas|Vania,3|1|4,6.139|3.118|0.099,81,0,77
1790906188290275040,Nahim,85784c3a13a0,0.822,3,b62744ad5874|1dd3adc2bf8e|4f3ca17af111,Sebastian|Nicolas|Vania,3|1|4,6.340|3.319|0.300,81,0,77
1790906188490318208,Nahim,85784c3a13a0,1.022,3,b62744ad5874|1dd3adc2bf8e|4f3ca17af111,Sebastian|Nicolas|Vania,3|1|4,6.540|3.519|0.500,81,0,77
1790906188689861216,Nahim,85784c3a13a0,1.221,3,b62744ad5874|1dd3adc2bf8e|4f3ca17af111,Sebastian|Nicolas|Vania,3|1|4,6.739|3.718|0.699,81,0,77
1790906188890604448,Nahim,85784c3a13a0,1.422,3,b62744ad5874|1dd3adc2bf8e|4f3ca17af111,Sebastian|Nicolas|Vania,3|1|4,6.940|3.919|0.900,81,0,77
1790906189090306688,Nahim,85784c3a13a0,1.622,3,b62744ad5874|1dd3adc2bf8e|4f3ca17af111,Sebastian|Nicolas|Vania,3|1|4,7.140|4.119|1.100,81,0,77
1790906189290177856,Nahim,85784c3a13a0,1.822,3,b62744ad5874|1dd3adc2bf8e|4f3ca17af111,Sebastian|Nicolas|Vania,3|1|4,7.339|4.319|1.299,81,0,77
1790906189490454816,Nahim,85784c3a13a0,2.022,3,b62744ad5874|1dd3adc2bf8e|4f3ca17af111,Sebastian|Nicolas|Vania,3|1|4,7.540|4.519|1.500,81,0,77
1790906189690400704,Nahim,85784c3a13a0,2.222,3,b62744ad5874|1dd3adc2bf8e|4f3ca17af111,Sebastian|Nicolas|Vania,3|1|4,7.740|4.719|1.700,81,0,77
1790906189889457024,Nahim,85784c3a13a0,2.421,3,b62744ad5874|1dd3adc2bf8e|4f3ca17af111,Sebastian|Nicolas|Vania,3|1|4,7.939|4.918|1.899,81,0,77
1790906190089975744,Nahim,85784c3a13a0,2.621,3,b62744ad5874|1dd3adc2bf8e|4f3ca17af111,Sebastian|Nicolas|Vania,3|1|4,8.139|5.118|2.099,81,0,77
1790906190290305120,Nahim,85784c3a13a0,2.822,3,b62744ad5874|1dd3adc2bf8e|4f3ca17af111,Sebastian|Nicolas|Vania,3|1|4,8.340|5.319|2.300,81,0,77
1790906190495913504,Sebastian,b62744ad5874,0.008,2,1dd3adc2bf8e|4f3ca17af111,Nicolas|Vania,1|4,5.525|2.505,81,0,78
1790906190690293120,Sebastian,b62744ad5874,0.202,2,1dd3adc2bf8e|4f3ca17af111,Nicolas|Vania,1|4,5.719|2.700,81,0,78
1790906190890469984,Sebastian,b62744ad5874,0.402,2,1dd3adc2bf8e|4f3ca17af111,Nicolas|Vania,1|4,5.919|2.900,81,0,78
1790906191089949408,Sebastian,b62744ad5874,0.601,3,1dd3adc2bf8e|4f3ca17af111|df7d4aaf454d,Nicolas|Vania|Nahim,1|4|2,6.118|3.099|0.079,82,0,78
1790906191290755104,Sebastian,b62744ad5874,0.802,3,1dd3adc2bf8e|4f3ca17af111|df7d4aaf454d,Nicolas|Vania|Nahim,1|4|2,6.319|3.300|0.279,82,0,78
1790906191490375872,Sebastian,b62744ad5874,1.002,3,1dd3adc2bf8e|4f3ca17af111|df7d4aaf454d,Nicolas|Vania|Nahim,1|4|2,6.519|3.500|0.479,82,0,78
1790906191690429344,Sebastian,b62744ad5874,1.202,3,1dd3adc2bf8e|4f3ca17af111|df7d4aaf454d,Nicolas|Vania|Nahim,1|4|2,6.719|3.700|0.679,82,0,78
1790906191890372352,Sebastian,b62744ad5874,1.402,3,1dd3adc2bf8e|4f3ca17af111|df7d4aaf454d,Nicolas|Vania|Nahim,1|4|2,6.919|3.900|0.879,82,0,78
1790906192090233760,Sebastian,b62744ad5874,1.602,3,1dd3adc2bf8e|4f3ca17af111|df7d4aaf454d,Nicolas|Vania|Nahim,1|4|2,7.119|4.100|1.079,82,0,78
1790906192289571968,Sebastian,b62744ad5874,1.801,3,1dd3adc2bf8e|4f3ca17af111|df7d4aaf454d,Nicolas|Vania|Nahim,1|4|2,7.318|4.299|1.278,82,0,78
1790906192490387680,Sebastian,b62744ad5874,2.002,3,1dd3adc2bf8e|4f3ca17af111|df7d4aaf454d,Nicolas|Vania|Nahim,1|4|2,7.519|4.500|1.479,82,0,78
1790906192690022048,Sebastian,b62744ad5874,2.202,3,1dd3adc2bf8e|4f3ca17af111|df7d4aaf454d,Nicolas|Vania|Nahim,1|4|2,7.719|4.699|1.679,82,0,78
1790906192890273504,Sebastian,b62744ad5874,2.402,3,1dd3adc2bf8e|4f3ca17af111|df7d4aaf454d,Nicolas|Vania|Nahim,1|4|2,7.919|4.900|1.879,82,0,78
1790906193090178912,Sebastian,b62744ad5874,2.602,3,1dd3adc2bf8e|4f3ca17af111|df7d4aaf454d,Nicolas|Vania|Nahim,1|4|2,8.119|5.100|2.079,82,0,78
1790906193290360992,Sebastian,b62744ad5874,2.802,3,1dd3adc2bf8e|4f3ca17af111|df7d4aaf454d,Nicolas|Vania|Nahim,1|4|2,8.319|5.300|2.279,82,0,78
1790906193489947616,Sebastian,b62744ad5874,3.001,3,1dd3adc2bf8e|4f3ca17af111|df7d4aaf454d,Nicolas|Vania|Nahim,1|4|2,8.518|5.499|2.478,82,0,78
1790906193690380544,Nicolas,1dd3adc2bf8e,0.184,2,4f3ca17af111|df7d4aaf454d,Vania|Nahim,4|2,5.700|2.679,82,0,79
1790906193890391520,Nicolas,1dd3adc2bf8e,0.384,2,4f3ca17af111|df7d4aaf454d,Vania|Nahim,4|2,5.900|2.879,82,0,79
1790906194090407168,Nicolas,1dd3adc2bf8e,0.584,3,4f3ca17af111|df7d4aaf454d|e636e7c10160,Vania|Nahim|Sebastian,4|2|3,6.099|3.079|0.062,83,0,79
1790906194290307392,Nicolas,1dd3adc2bf8e,0.784,3,4f3ca17af111|df7d4aaf454d|e636e7c10160,Vania|Nahim|Sebastian,4|2|3,6.300|3.279|0.262,83,0,79
1790906194490324832,Nicolas,1dd3adc2bf8e,0.984,3,4f3ca17af111|df7d4aaf454d|e636e7c10160,Vania|Nahim|Sebastian,4|2|3,6.500|3.479|0.462,83,0,79
1790906194689647584,Nicolas,1dd3adc2bf8e,1.183,3,4f3ca17af111|df7d4aaf454d|e636e7c10160,Vania|Nahim|Sebastian,4|2|3,6.699|3.678|0.661,83,0,79
1790906194889672864,Nicolas,1dd3adc2bf8e,1.383,3,4f3ca17af111|df7d4aaf454d|e636e7c10160,Vania|Nahim|Sebastian,4|2|3,6.899|3.878|0.861,83,0,79
1790906195090276224,Nicolas,1dd3adc2bf8e,1.584,3,4f3ca17af111|df7d4aaf454d|e636e7c10160,Vania|Nahim|Sebastian,4|2|3,7.100|4.079|1.062,83,0,79
1790906195290525280,Nicolas,1dd3adc2bf8e,1.784,3,4f3ca17af111|df7d4aaf454d|e636e7c10160,Vania|Nahim|Sebastian,4|2|3,7.300|4.279|1.262,83,0,79
1790906195490421376,Nicolas,1dd3adc2bf8e,1.984,3,4f3ca17af111|df7d4aaf454d|e636e7c10160,Vania|Nahim|Sebastian,4|2|3,7.500|4.479|1.462,83,0,79
1790906195690372000,Nicolas,1dd3adc2bf8e,2.184,3,4f3ca17af111|df7d4aaf454d|e636e7c10160,Vania|Nahim|Sebastian,4|2|3,7.700|4.679|1.662,83,0,79
1790906195890259424,Nicolas,1dd3adc2bf8e,2.384,3,4f3ca17af111|df7d4aaf454d|e636e7c10160,Vania|Nahim|Sebastian,4|2|3,7.900|4.879|1.862,83,0,79
1790906196090380672,Nicolas,1dd3adc2bf8e,2.584,3,4f3ca17af111|df7d4aaf454d|e636e7c10160,Vania|Nahim|Sebastian,4|2|3,8.100|5.079|2.062,83,0,79
1790906196290265088,Nicolas,1dd3adc2bf8e,2.784,3,4f3ca17af111|df7d4aaf454d|e636e7c10160,Vania|Nahim|Sebastian,4|2|3,8.300|5.279|2.262,83,0,79
1790906196490363648,Nicolas,1dd3adc2bf8e,2.984,3,4f3ca17af111|df7d4aaf454d|e636e7c10160,Vania|Nahim|Sebastian,4|2|3,8.500|5.479|2.462,83,0,79
1790906196689846560,Vania,4f3ca17af111,0.166,2,df7d4aaf454d|e636e7c10160,Nahim|Sebastian,2|3,5.679|2.661,83,0,80
1790906196890370112,Vania,4f3ca17af111,0.366,2,df7d4aaf454d|e636e7c10160,Nahim|Sebastian,2|3,5.879|2.862,83,0,80
1790906197089984544,Vania,4f3ca17af111,0.566,3,df7d4aaf454d|e636e7c10160|ae222cf602ab,Nahim|Sebastian|Nicolas,2|3|1,6.079|3.061|0.046,84,0,80
1790906197290368448,Vania,4f3ca17af111,0.766,3,df7d4aaf454d|e636e7c10160|ae222cf602ab,Nahim|Sebastian|Nicolas,2|3|1,6.279|3.262|0.246,84,0,80
1790906197490301600,Vania,4f3ca17af111,0.966,3,df7d4aaf454d|e636e7c10160|ae222cf602ab,Nahim|Sebastian|Nicolas,2|3|1,6.479|3.462|0.446,84,0,80
1790906197690431744,Vania,4f3ca17af111,1.166,3,df7d4aaf454d|e636e7c10160|ae222cf602ab,Nahim|Sebastian|Nicolas,2|3|1,6.679|3.662|0.646,84,0,80
1790906197890389984,Vania,4f3ca17af111,1.366,3,df7d4aaf454d|e636e7c10160|ae222cf602ab,Nahim|Sebastian|Nicolas,2|3|1,6.879|3.862|0.846,84,0,80
1790906198090295328,Vania,4f3ca17af111,1.566,3,df7d4aaf454d|e636e7c10160|ae222cf602ab,Nahim|Sebastian|Nicolas,2|3|1,7.079|4.062|1.046,84,0,80
1790906198289776480,Vania,4f3ca17af111,1.766,3,df7d4aaf454d|e636e7c10160|ae222cf602ab,Nahim|Sebastian|Nicolas,2|3|1,7.279|4.261|1.246,84,0,80
1790906198490537600,Vania,4f3ca17af111,1.966,3,df7d4aaf454d|e636e7c10160|ae222cf602ab,Nahim|Sebastian|Nicolas,2|3|1,7.479|4.462|1.446,84,0,80
1790906198690356704,Vania,4f3ca17af111,2.166,3,df7d4aaf454d|e636e7c10160|ae222cf602ab,Nahim|Sebastian|Nicolas,2|3|1,7.679|4.662|1.646,84,0,80
1790906198889841600,Vania,4f3ca17af111,2.366,3,df7d4aaf454d|e636e7c10160|ae222cf602ab,Nahim|Sebastian|Nicolas,2|3|1,7.879|4.861|1.846,84,0,80
1790906199090604000,Vania,4f3ca17af111,2.567,3,df7d4aaf454d|e636e7c10160|ae222cf602ab,Nahim|Sebastian|Nicolas,2|3|1,8.079|5.062|2.046,84,0,80
1790906199290038208,Vania,4f3ca17af111,2.766,3,df7d4aaf454d|e636e7c10160|ae222cf602ab,Nahim|Sebastian|Nicolas,2|3|1,8.279|5.262|2.246,84,0,80
1790906199490116000,Vania,4f3ca17af111,2.966,3,df7d4aaf454d|e636e7c10160|ae222cf602ab,Nahim|Sebastian|Nicolas,2|3|1,8.479|5.462|2.446,84,0,80
1790906199690146912,Nahim,df7d4aaf454d,0.147,2,e636e7c10160|ae222cf602ab,Sebastian|Nicolas,3|1,5.662|2.646,84,0,81
1790906199890216736,Nahim,df7d4aaf454d,0.347,2,e636e7c10160|ae222cf602ab,Sebastian|Nicolas,3|1,5.862|2.846,84,0,81
1790906200090018912,Nahim,df7d4aaf454d,0.547,3,e636e7c10160|ae222cf602ab|65be30ce23c7,Sebastian|Nicolas|Vania,3|1|4,6.061|3.046|0.024,85,0,81
1790906200290419200,Nahim,df7d4aaf454d,0.747,3,e636e7c10160|ae222cf602ab|65be30ce23c7,Sebastian|Nicolas|Vania,3|1|4,6.262|3.246|0.224,85,0,81
1790906200490300384,Nahim,df7d4aaf454d,0.947,3,e636e7c10160|ae222cf602ab|65be30ce23c7,Sebastian|Nicolas|Vania,3|1|4,6.462|3.446|0.424,85,0,81
1790906200690400256,Nahim,df7d4aaf454d,1.146,3,e636e7c10160|ae222cf602ab|65be30ce23c7,Sebastian|Nicolas|Vania,3|1|4,6.661|3.645|0.623,85,0,81
1790906200890489792,Nahim,df7d4aaf454d,1.347,3,e636e7c10160|ae222cf602ab|65be30ce23c7,Sebastian|Nicolas|Vania,3|1|4,6.862|3.846|0.824,85,0,81
1790906201090246560,Nahim,df7d4aaf454d,1.547,3,e636e7c10160|ae222cf602ab|65be30ce23c7,Sebastian|Nicolas|Vania,3|1|4,7.062|4.046|1.024,85,0,81
1790906201290335648,Nahim,df7d4aaf454d,1.747,3,e636e7c10160|ae222cf602ab|65be30ce23c7,Sebastian|Nicolas|Vania,3|1|4,7.262|4.246|1.224,85,0,81
1790906201490004640,Nahim,df7d4aaf454d,1.947,3,e636e7c10160|ae222cf602ab|65be30ce23c7,Sebastian|Nicolas|Vania,3|1|4,7.461|4.446|1.424,85,0,81
1790906201690286944,Nahim,df7d4aaf454d,2.147,3,e636e7c10160|ae222cf602ab|65be30ce23c7,Sebastian|Nicolas|Vania,3|1|4,7.662|4.646|1.624,85,0,81
1790906201889964352,Nahim,df7d4aaf454d,2.347,3,e636e7c10160|ae222cf602ab|65be30ce23c7,Sebastian|Nicolas|Vania,3|1|4,7.861|4.846|1.824,85,0,81
1790906202090401696,Nahim,df7d4aaf454d,2.547,3,e636e7c10160|ae222cf602ab|65be30ce23c7,Sebastian|Nicolas|Vania,3|1|4,8.062|5.046|2.024,85,0,81
1790906202289958944,Nahim,df7d4aaf454d,2.746,3,e636e7c10160|ae222cf602ab|65be30ce23c7,Sebastian|Nicolas|Vania,3|1|4,8.261|5.246|2.223,85,0,81
1790906202490315776,Nahim,df7d4aaf454d,2.947,3,e636e7c10160|ae222cf602ab|65be30ce23c7,Sebastian|Nicolas|Vania,3|1|4,8.462|5.446|2.424,85,0,81
1790906202690324672,Sebastian,e636e7c10160,0.127,2,ae222cf602ab|65be30ce23c7,Nicolas|Vania,1|4,5.646|2.624,85,0,82
1790906202890246592,Sebastian,e636e7c10160,0.327,2,ae222cf602ab|65be30ce23c7,Nicolas|Vania,1|4,5.846|2.824,85,0,82
1790906203089518048,Sebastian,e636e7c10160,0.527,3,ae222cf602ab|65be30ce23c7|f34c7124f7c1,Nicolas|Vania|Nahim,1|4|2,6.045|3.023|0.004,86,0,82
1790906203289879168,Sebastian,e636e7c10160,0.727,3,ae222cf602ab|65be30ce23c7|f34c7124f7c1,Nicolas|Vania|Nahim,1|4|2,6.246|3.223|0.204,86,0,82
1790906203490179744,Sebastian,e636e7c10160,0.927,3,ae222cf602ab|65be30ce23c7|f34c7124f7c1,Nicolas|Vania|Nahim,1|4|2,6.446|3.424|0.405,86,0,82
1790906203690102976,Sebastian,e636e7c10160,1.127,3,ae222cf602ab|65be30ce23c7|f34c7124f7c1,Nicolas|Vania|Nahim,1|4|2,6.646|3.624|0.605,86,0,82
1790906203890392064,Sebastian,e636e7c10160,1.327,3,ae222cf602ab|65be30ce23c7|f34c7124f7c1,Nicolas|Vania|Nahim,1|4|2,6.846|3.824|0.805,86,0,82
1790906204089825312,Sebastian,e636e7c10160,1.527,3,ae222cf602ab|65be30ce23c7|f34c7124f7c1,Nicolas|Vania|Nahim,1|4|2,7.046|4.023|1.004,86,0,82
1790906204290419808,Sebastian,e636e7c10160,1.727,3,ae222cf602ab|65be30ce23c7|f34c7124f7c1,Nicolas|Vania|Nahim,1|4|2,7.246|4.224|1.205,86,0,82
1790906204490344992,Sebastian,e636e7c10160,1.927,3,ae222cf602ab|65be30ce23c7|f34c7124f7c1,Nicolas|Vania|Nahim,1|4|2,7.446|4.424|1.405,86,0,82
1790906204690244192,Sebastian,e636e7c10160,2.127,3,ae222cf602ab|65be30ce23c7|f34c7124f7c1,Nicolas|Vania|Nahim,1|4|2,7.646|4.624|1.605,86,0,82
1790906204890375200,Sebastian,e636e7c10160,2.327,3,ae222cf602ab|65be30ce23c7|f34c7124f7c1,Nicolas|Vania|Nahim,1|4|2,7.846|4.824|1.805,86,0,82
1790906205090390240,Sebastian,e636e7c10160,2.527,3,ae222cf602ab|65be30ce23c7|f34c7124f7c1,Nicolas|Vania|Nahim,1|4|2,8.046|5.024|2.005,86,0,82
1790906205290242848,Sebastian,e636e7c10160,2.727,3,ae222cf602ab|65be30ce23c7|f34c7124f7c1,Nicolas|Vania|Nahim,1|4|2,8.246|5.224|2.205,86,0,82
1790906205490353984,Sebastian,e636e7c10160,2.927,3,ae222cf602ab|65be30ce23c7|f34c7124f7c1,Nicolas|Vania|Nahim,1|4|2,8.446|5.424|2.405,86,0,82
1790906205690328672,Nicolas,ae222cf602ab,0.108,2,65be30ce23c7|f34c7124f7c1,Vania|Nahim,4|2,5.624|2.605,86,0,83
1790906205889852064,Nicolas,ae222cf602ab,0.307,2,65be30ce23c7|f34c7124f7c1,Vania|Nahim,4|2,5.824|2.805,86,0,83
1790906206090244864,Nicolas,ae222cf602ab,0.508,2,65be30ce23c7|f34c7124f7c1,Vania|Nahim,4|2,6.024|3.005,86,0,83
1790906206290220608,Nicolas,ae222cf602ab,0.708,3,65be30ce23c7|f34c7124f7c1|2aa69f4538f1,Vania|Nahim|Sebastian,4|2|3,6.224|3.205|0.184,87,0,83
1790906206491639808,Nicolas,ae222cf602ab,0.909,3,65be30ce23c7|f34c7124f7c1|2aa69f4538f1,Vania|Nahim|Sebastian,4|2|3,6.425|3.406|0.386,87,0,83
1790906206690016352,Nicolas,ae222cf602ab,1.108,3,65be30ce23c7|f34c7124f7c1|2aa69f4538f1,Vania|Nahim|Sebastian,4|2|3,6.624|3.605|0.584,87,0,83
1790906206890352480,Nicolas,ae222cf602ab,1.308,3,65be30ce23c7|f34c7124f7c1|2aa69f4538f1,Vania|Nahim|Sebastian,4|2|3,6.824|3.805|0.784,87,0,83
1790906207090518752,Nicolas,ae222cf602ab,1.508,3,65be30ce23c7|f34c7124f7c1|2aa69f4538f1,Vania|Nahim|Sebastian,4|2|3,7.024|4.005|0.984,87,0,83
1790906207290297952,Nicolas,ae222cf602ab,1.708,3,65be30ce23c7|f34c7124f7c1|2aa69f4538f1,Vania|Nahim|Sebastian,4|2|3,7.224|4.205|1.184,87,0,83
1790906207490383008,Nicolas,ae222cf602ab,1.908,3,65be30ce23c7|f34c7124f7c1|2aa69f4538f1,Vania|Nahim|Sebastian,4|2|3,7.424|4.405|1.384,87,0,83
1790906207690457984,Nicolas,ae222cf602ab,2.108,3,65be30ce23c7|f34c7124f7c1|2aa69f4538f1,Vania|Nahim|Sebastian,4|2|3,7.624|4.605|1.584,87,0,83
1790906207890494464,Nicolas,ae222cf602ab,2.308,3,65be30ce23c7|f34c7124f7c1|2aa69f4538f1,Vania|Nahim|Sebastian,4|2|3,7.824|4.805|1.784,87,0,83
1790906208090254144,Nicolas,ae222cf602ab,2.508,3,65be30ce23c7|f34c7124f7c1|2aa69f4538f1,Vania|Nahim|Sebastian,4|2|3,8.024|5.005|1.984,87,0,83
1790906208290351648,Nicolas,ae222cf602ab,2.708,3,65be30ce23c7|f34c7124f7c1|2aa69f4538f1,Vania|Nahim|Sebastian,4|2|3,8.224|5.205|2.184,87,0,83
1790906208490250816,Nicolas,ae222cf602ab,2.908,3,65be30ce23c7|f34c7124f7c1|2aa69f4538f1,Vania|Nahim|Sebastian,4|2|3,8.424|5.405|2.384,87,0,83
1790906208690408640,Vania,65be30ce23c7,0.088,2,f34c7124f7c1|2aa69f4538f1,Nahim|Sebastian,2|3,5.605|2.584,87,0,84
1790906208890329856,Vania,65be30ce23c7,0.288,2,f34c7124f7c1|2aa69f4538f1,Nahim|Sebastian,2|3,5.805|2.784,87,0,84
1790906209090325600,Vania,65be30ce23c7,0.488,2,f34c7124f7c1|2aa69f4538f1,Nahim|Sebastian,2|3,6.005|2.984,87,0,84
1790906209290723552,Vania,65be30ce23c7,0.689,3,f34c7124f7c1|2aa69f4538f1|307752e9a51b,Nahim|Sebastian|Nicolas,2|3|1,6.205|3.185|0.165,88,0,84
1790906209490373152,Vania,65be30ce23c7,0.888,3,f34c7124f7c1|2aa69f4538f1|307752e9a51b,Nahim|Sebastian|Nicolas,2|3|1,6.405|3.384|0.364,88,0,84
1790906209690342432,Vania,65be30ce23c7,1.088,3,f34c7124f7c1|2aa69f4538f1|307752e9a51b,Nahim|Sebastian|Nicolas,2|3|1,6.605|3.584|0.564,88,0,84
1790906209889957824,Vania,65be30ce23c7,1.288,3,f34c7124f7c1|2aa69f4538f1|307752e9a51b,Nahim|Sebastian|Nicolas,2|3|1,6.805|3.784|0.764,88,0,84
1790906210090253760,Vania,65be30ce23c7,1.488,3,f34c7124f7c1|2aa69f4538f1|307752e9a51b,Nahim|Sebastian|Nicolas,2|3|1,7.005|3.984|0.964,88,0,84
1790906210289650784,Vania,65be30ce23c7,1.688,3,f34c7124f7c1|2aa69f4538f1|307752e9a51b,Nahim|Sebastian|Nicolas,2|3|1,7.204|4.184|1.164,88,0,84
1790906210490274304,Vania,65be30ce23c7,1.888,3,f34c7124f7c1|2aa69f4538f1|307752e9a51b,Nahim|Sebastian|Nicolas,2|3|1,7.405|4.384|1.364,88,0,84
1790906210690050016,Vania,65be30ce23c7,2.088,3,f34c7124f7c1|2aa69f4538f1|307752e9a51b,Nahim|Sebastian|Nicolas,2|3|1,7.605|4.584|1.564,88,0,84
1790906210890245856,Vania,65be30ce23c7,2.288,3,f34c7124f7c1|2aa69f4538f1|307752e9a51b,Nahim|Sebastian|Nicolas,2|3|1,7.805|4.784|1.764,88,0,84
1790906211090351840,Vania,65be30ce23c7,2.488,3,f34c7124f7c1|2aa69f4538f1|307752e9a51b,Nahim|Sebastian|Nicolas,2|3|1,8.005|4.984|1.964,88,0,84
1790906211290396256,Vania,65be30ce23c7,2.688,3,f34c7124f7c1|2aa69f4538f1|307752e9a51b,Nahim|Sebastian|Nicolas,2|3|1,8.205|5.184|2.164,88,0,84
1790906211490307328,Vania,65be30ce23c7,2.888,3,f34c7124f7c1|2aa69f4538f1|307752e9a51b,Nahim|Sebastian|Nicolas,2|3|1,8.405|5.384|2.364,88,0,84
1790906211690234080,Nahim,f34c7124f7c1,0.069,2,2aa69f4538f1|307752e9a51b,Sebastian|Nicolas,3|1,5.584|2.564,88,0,85
1790906211890387264,Nahim,f34c7124f7c1,0.269,2,2aa69f4538f1|307752e9a51b,Sebastian|Nicolas,3|1,5.784|2.764,88,0,85
1790906212090301312,Nahim,f34c7124f7c1,0.469,2,2aa69f4538f1|307752e9a51b,Sebastian|Nicolas,3|1,5.984|2.964,88,0,85
1790906212290308576,Nahim,f34c7124f7c1,0.669,3,2aa69f4538f1|307752e9a51b|9268e5ad862a,Sebastian|Nicolas|Vania,3|1|4,6.184|3.164|0.145,89,0,85
1790906212489937504,Nahim,f34c7124f7c1,0.869,3,2aa69f4538f1|307752e9a51b|9268e5ad862a,Sebastian|Nicolas|Vania,3|1|4,6.384|3.364|0.345,89,0,85
1790906212690447328,Nahim,f34c7124f7c1,1.069,3,2aa69f4538f1|307752e9a51b|9268e5ad862a,Sebastian|Nicolas|Vania,3|1|4,6.584|3.564|0.545,89,0,85
1790906212890141472,Nahim,f34c7124f7c1,1.269,3,2aa69f4538f1|307752e9a51b|9268e5ad862a,Sebastian|Nicolas|Vania,3|1|4,6.784|3.764|0.745,89,0,85
1790906213090429440,Nahim,f34c7124f7c1,1.469,3,2aa69f4538f1|307752e9a51b|9268e5ad862a,Sebastian|Nicolas|Vania,3|1|4,6.984|3.964|0.945,89,0,85
1790906213290432480,Nahim,f34c7124f7c1,1.669,3,2aa69f4538f1|307752e9a51b|9268e5ad862a,Sebastian|Nicolas|Vania,3|1|4,7.184|4.165|1.146,89,0,85
1790906213490369664,Nahim,f34c7124f7c1,1.869,3,2aa69f4538f1|307752e9a51b|9268e5ad862a,Sebastian|Nicolas|Vania,3|1|4,7.384|4.364|1.345,89,0,85
1790906213690449856,Nahim,f34c7124f7c1,2.069,3,2aa69f4538f1|307752e9a51b|9268e5ad862a,Sebastian|Nicolas|Vania,3|1|4,7.584|4.564|1.545,89,0,85
1790906213890330304,Nahim,f34c7124f7c1,2.269,3,2aa69f4538f1|307752e9a51b|9268e5ad862a,Sebastian|Nicolas|Vania,3|1|4,7.784|4.764|1.745,89,0,85
1790906214090310112,Nahim,f34c7124f7c1,2.469,3,2aa69f4538f1|307752e9a51b|9268e5ad862a,Sebastian|Nicolas|Vania,3|1|4,7.984|4.964|1.945,89,0,85
1790906214290378688,Nahim,f34c7124f7c1,2.669,3,2aa69f4538f1|307752e9a51b|9268e5ad862a,Sebastian|Nicolas|Vania,3|1|4,8.184|5.164|2.145,89,0,85
1790906214491298560,Nahim,f34c7124f7c1,2.870,3,2aa69f4538f1|307752e9a51b|9268e5ad862a,Sebastian|Nicolas|Vania,3|1|4,8.385|5.365|2.346,89,0,85
1790906214690398528,Sebastian,2aa69f4538f1,0.050,2,307752e9a51b|9268e5ad862a,Nicolas|Vania,1|4,5.564|2.545,89,0,86
1790906214889881024,Sebastian,2aa69f4538f1,0.249,2,307752e9a51b|9268e5ad862a,Nicolas|Vania,1|4,5.764|2.745,89,0,86
1790906215090199072,Sebastian,2aa69f4538f1,0.450,2,307752e9a51b|9268e5ad862a,Nicolas|Vania,1|4,5.964|2.945,89,0,86
1790906215290249216,Sebastian,2aa69f4538f1,0.650,3,307752e9a51b|9268e5ad862a|15d410eb0777,Nicolas|Vania|Nahim,1|4|2,6.164|3.145|0.127,90,0,86
1790906215490011136,Sebastian,2aa69f4538f1,0.849,3,307752e9a51b|9268e5ad862a|15d410eb0777,Nicolas|Vania|Nahim,1|4|2,6.364|3.345|0.326,90,0,86
1790906215690342144,Sebastian,2aa69f4538f1,1.050,3,307752e9a51b|9268e5ad862a|15d410eb0777,Nicolas|Vania|Nahim,1|4|2,6.564|3.545|0.527,90,0,86
1790906215890341216,Sebastian,2aa69f4538f1,1.250,3,307752e9a51b|9268e5ad862a|15d410eb0777,Nicolas|Vania|Nahim,1|4|2,6.764|3.745|0.727,90,0,86
1790906216089840896,Sebastian,2aa69f4538f1,1.449,3,307752e9a51b|9268e5ad862a|15d410eb0777,Nicolas|Vania|Nahim,1|4|2,6.964|3.945|0.926,90,0,86
1790906216290357760,Sebastian,2aa69f4538f1,1.650,3,307752e9a51b|9268e5ad862a|15d410eb0777,Nicolas|Vania|Nahim,1|4|2,7.164|4.145|1.127,90,0,86
1790906216490286816,Sebastian,2aa69f4538f1,1.850,3,307752e9a51b|9268e5ad862a|15d410eb0777,Nicolas|Vania|Nahim,1|4|2,7.364|4.345|1.327,90,0,86
1790906216690377856,Sebastian,2aa69f4538f1,2.050,3,307752e9a51b|9268e5ad862a|15d410eb0777,Nicolas|Vania|Nahim,1|4|2,7.564|4.545|1.527,90,0,86
1790906216889928256,Sebastian,2aa69f4538f1,2.249,3,307752e9a51b|9268e5ad862a|15d410eb0777,Nicolas|Vania|Nahim,1|4|2,7.764|4.745|1.726,90,0,86
1790906217090286048,Sebastian,2aa69f4538f1,2.450,3,307752e9a51b|9268e5ad862a|15d410eb0777,Nicolas|Vania|Nahim,1|4|2,7.964|4.945|1.927,90,0,86
1790906217289957536,Sebastian,2aa69f4538f1,2.649,3,307752e9a51b|9268e5ad862a|15d410eb0777,Nicolas|Vania|Nahim,1|4|2,8.164|5.145|2.126,90,0,86
1790906217490580736,Sebastian,2aa69f4538f1,2.850,3,307752e9a51b|9268e5ad862a|15d410eb0777,Nicolas|Vania|Nahim,1|4|2,8.364|5.345|2.327,90,0,86
1790906217689649088,Nicolas,307752e9a51b,0.029,2,9268e5ad862a|15d410eb0777,Vania|Nahim,4|2,5.545|2.526,90,0,87
1790906217890410112,Nicolas,307752e9a51b,0.230,2,9268e5ad862a|15d410eb0777,Vania|Nahim,4|2,5.745|2.727,90,0,87
1790906218090288992,Nicolas,307752e9a51b,0.429,2,9268e5ad862a|15d410eb0777,Vania|Nahim,4|2,5.945|2.927,90,0,87
1790906218290139712,Nicolas,307752e9a51b,0.629,3,9268e5ad862a|15d410eb0777|50423dc7d3b9,Vania|Nahim|Sebastian,4|2|3,6.145|3.126|0.109,91,0,87
1790906218489792512,Nicolas,307752e9a51b,0.829,3,9268e5ad862a|15d410eb0777|50423dc7d3b9,Vania|Nahim|Sebastian,4|2|3,6.345|3.326|0.308,91,0,87
1790906218690460672,Nicolas,307752e9a51b,1.030,3,9268e5ad862a|15d410eb0777|50423dc7d3b9,Vania|Nahim|Sebastian,4|2|3,6.545|3.527|0.509,91,0,87
1790906218890169536,Nicolas,307752e9a51b,1.229,3,9268e5ad862a|15d410eb0777|50423dc7d3b9,Vania|Nahim|Sebastian,4|2|3,6.745|3.726|0.709,91,0,87
1790906219090283840,Nicolas,307752e9a51b,1.429,3,9268e5ad862a|15d410eb0777|50423dc7d3b9,Vania|Nahim|Sebastian,4|2|3,6.945|3.927|0.909,91,0,87
1790906219290349280,Nicolas,307752e9a51b,1.629,3,9268e5ad862a|15d410eb0777|50423dc7d3b9,Vania|Nahim|Sebastian,4|2|3,7.145|4.127|1.109,91,0,87
1790906219490522944,Nicolas,307752e9a51b,1.829,3,9268e5ad862a|15d410eb0777|50423dc7d3b9,Vania|Nahim|Sebastian,4|2|3,7.345|4.326|1.309,91,0,87
1790906219689750240,Nicolas,307752e9a51b,2.029,3,9268e5ad862a|15d410eb0777|50423dc7d3b9,Vania|Nahim|Sebastian,4|2|3,7.545|4.526|1.508,91,0,87
1790906219890064160,Nicolas,307752e9a51b,2.229,3,9268e5ad862a|15d410eb0777|50423dc7d3b9,Vania|Nahim|Sebastian,4|2|3,7.745|4.726|1.708,91,0,87
1790906220090414368,Nicolas,307752e9a51b,2.429,3,9268e5ad862a|15d410eb0777|50423dc7d3b9,Vania|Nahim|Sebastian,4|2|3,7.945|4.927|1.909,91,0,87
1790906220290136032,Nicolas,307752e9a51b,2.629,3,9268e5ad862a|15d410eb0777|50423dc7d3b9,Vania|Nahim|Sebastian,4|2|3,8.145|5.126|2.109,91,0,87
1790906220490390944,Nicolas,307752e9a51b,2.829,3,9268e5ad862a|15d410eb0777|50423dc7d3b9,Vania|Nahim|Sebastian,4|2|3,8.345|5.327|2.309,91,0,87
1790906220689726528,Vania,9268e5ad862a,0.010,2,15d410eb0777|50423dc7d3b9,Nahim|Sebastian,2|3,5.526|2.508,91,0,88
1790906220889856544,Vania,9268e5ad862a,0.210,2,15d410eb0777|50423dc7d3b9,Nahim|Sebastian,2|3,5.726|2.708,91,0,88
1790906221090302016,Vania,9268e5ad862a,0.410,2,15d410eb0777|50423dc7d3b9,Nahim|Sebastian,2|3,5.927|2.909,91,0,88
1790906221290369536,Vania,9268e5ad862a,0.610,3,15d410eb0777|50423dc7d3b9|af2f19783744,Nahim|Sebastian|Nicolas,2|3|1,6.127|3.109|0.086,92,0,88
1790906221490381312,Vania,9268e5ad862a,0.810,3,15d410eb0777|50423dc7d3b9|af2f19783744,Nahim|Sebastian|Nicolas,2|3|1,6.327|3.309|0.286,92,0,88
1790906221690425568,Vania,9268e5ad862a,1.010,3,15d410eb0777|50423dc7d3b9|af2f19783744,Nahim|Sebastian|Nicolas,2|3|1,6.527|3.509|0.486,92,0,88
1790906221892110272,Vania,9268e5ad862a,1.211,3,15d410eb0777|50423dc7d3b9|af2f19783744,Nahim|Sebastian|Nicolas,2|3|1,6.727|3.710|0.687,92,0,88
1790906222089584928,Vania,9268e5ad862a,1.410,3,15d410eb0777|50423dc7d3b9|af2f19783744,Nahim|Sebastian|Nicolas,2|3|1,6.926|3.908|0.885,92,0,88
1790906222290436576,Vania,9268e5ad862a,1.610,3,15d410eb0777|50423dc7d3b9|af2f19783744,Nahim|Sebastian|Nicolas,2|3|1,7.127|4.109|1.086,92,0,88
1790906222490415904,Vania,9268e5ad862a,1.810,3,15d410eb0777|50423dc7d3b9|af2f19783744,Nahim|Sebastian|Nicolas,2|3|1,7.327|4.309|1.286,92,0,88
1790906222690434048,Vania,9268e5ad862a,2.010,3,15d410eb0777|50423dc7d3b9|af2f19783744,Nahim|Sebastian|Nicolas,2|3|1,7.527|4.509|1.486,92,0,88
1790906222890351456,Vania,9268e5ad862a,2.210,3,15d410eb0777|50423dc7d3b9|af2f19783744,Nahim|Sebastian|Nicolas,2|3|1,7.727|4.709|1.686,92,0,88
1790906223090319392,Vania,9268e5ad862a,2.410,3,15d410eb0777|50423dc7d3b9|af2f19783744,Nahim|Sebastian|Nicolas,2|3|1,7.927|4.909|1.886,92,0,88
1790906223290343264,Vania,9268e5ad862a,2.610,3,15d410eb0777|50423dc7d3b9|af2f19783744,Nahim|Sebastian|Nicolas,2|3|1,8.127|5.109|2.086,92,0,88
1790906223489821344,Vania,9268e5ad862a,2.810,3,15d410eb0777|50423dc7d3b9|af2f19783744,Nahim|Sebastian|Nicolas,2|3|1,8.326|5.308|2.285,92,0,88
1790906223690282048,Vania,9268e5ad862a,3.010,3,15d410eb0777|50423dc7d3b9|af2f19783744,Nahim|Sebastian|Nicolas,2|3|1,8.527|5.509|2.486,92,0,88
1790906223890186528,Nahim,15d410eb0777,0.189,2,50423dc7d3b9|af2f19783744,Sebastian|Nicolas,3|1,5.709|2.686,92,0,89
1790906224090318208,Nahim,15d410eb0777,0.389,2,50423dc7d3b9|af2f19783744,Sebastian|Nicolas,3|1,5.909|2.886,92,0,89
1790906224289678176,Nahim,15d410eb0777,0.588,3,50423dc7d3b9|af2f19783744|ae30ec228a74,Sebastian|Nicolas|Vania,3|1|4,6.108|3.085|0.064,93,0,89
1790906224489907968,Nahim,15d410eb0777,0.789,3,50423dc7d3b9|af2f19783744|ae30ec228a74,Sebastian|Nicolas|Vania,3|1|4,6.308|3.285|0.264,93,0,89
1790906224690009984,Nahim,15d410eb0777,0.988,3,50423dc7d3b9|af2f19783744|ae30ec228a74,Sebastian|Nicolas|Vania,3|1|4,6.508|3.485|0.464,93,0,89
1790906224890397920,Nahim,15d410eb0777,1.189,3,50423dc7d3b9|af2f19783744|ae30ec228a74,Sebastian|Nicolas|Vania,3|1|4,6.709|3.686|0.665,93,0,89
1790906225090264800,Nahim,15d410eb0777,1.389,3,50423dc7d3b9|af2f19783744|ae30ec228a74,Sebastian|Nicolas|Vania,3|1|4,6.909|3.886|0.865,93,0,89
1790906225290478816,Nahim,15d410eb0777,1.589,3,50423dc7d3b9|af2f19783744|ae30ec228a74,Sebastian|Nicolas|Vania,3|1|4,7.109|4.086|1.065,93,0,89
1790906225490101888,Nahim,15d410eb0777,1.789,3,50423dc7d3b9|af2f19783744|ae30ec228a74,Sebastian|Nicolas|Vania,3|1|4,7.309|4.286|1.265,93,0,89
1790906225689954464,Nahim,15d410eb0777,1.988,3,50423dc7d3b9|af2f19783744|ae30ec228a74,Sebastian|Nicolas|Vania,3|1|4,7.508|4.485|1.464,93,0,89
1790906225890334016,Nahim,15d410eb0777,2.189,3,50423dc7d3b9|af2f19783744|ae30ec228a74,Sebastian|Nicolas|Vania,3|1|4,7.709|4.686|1.665,93,0,89
1790906226089710944,Nahim,15d410eb0777,2.388,3,50423dc7d3b9|af2f19783744|ae30ec228a74,Sebastian|Nicolas|Vania,3|1|4,7.908|4.885|1.864,93,0,89
1790906226290299904,Nahim,15d410eb0777,2.589,3,50423dc7d3b9|af2f19783744|ae30ec228a74,Sebastian|Nicolas|Vania,3|1|4,8.109|5.086|2.065,93,0,89
1790906226490261216,Nahim,15d410eb0777,2.789,3,50423dc7d3b9|af2f19783744|ae30ec228a74,Sebastian|Nicolas|Vania,3|1|4,8.309|5.286|2.265,93,0,89
1790906226690430528,Nahim,15d410eb0777,2.989,3,50423dc7d3b9|af2f19783744|ae30ec228a74,Sebastian|Nicolas|Vania,3|1|4,8.509|5.486|2.465,93,0,89
1790906226889732512,Sebastian,50423dc7d3b9,0.169,2,af2f19783744|ae30ec228a74,Nicolas|Vania,1|4,5.685|2.664,93,0,90
1790906227090276352,Sebastian,50423dc7d3b9,0.369,2,af2f19783744|ae30ec228a74,Nicolas|Vania,1|4,5.886|2.865,93,0,90
1790906227290260672,Sebastian,50423dc7d3b9,0.569,3,af2f19783744|ae30ec228a74|e59c33e29e1a,Nicolas|Vania|Nahim,1|4|2,6.086|3.065|0.051,94,0,90
1790906227490289664,Sebastian,50423dc7d3b9,0.769,3,af2f19783744|ae30ec228a74|e59c33e29e1a,Nicolas|Vania|Nahim,1|4|2,6.286|3.265|0.251,94,0,90
1790906227690410464,Sebastian,50423dc7d3b9,0.970,3,af2f19783744|ae30ec228a74|e59c33e29e1a,Nicolas|Vania|Nahim,1|4|2,6.486|3.465|0.451,94,0,90
1790906227890527264,Sebastian,50423dc7d3b9,1.169,3,af2f19783744|ae30ec228a74|e59c33e29e1a,Nicolas|Vania|Nahim,1|4|2,6.686|3.665|0.651,94,0,90
1790906228090271232,Sebastian,50423dc7d3b9,1.369,3,af2f19783744|ae30ec228a74|e59c33e29e1a,Nicolas|Vania|Nahim,1|4|2,6.886|3.865|0.851,94,0,90
1790906228289964800,Sebastian,50423dc7d3b9,1.569,3,af2f19783744|ae30ec228a74|e59c33e29e1a,Nicolas|Vania|Nahim,1|4|2,7.085|4.065|1.051,94,0,90
1790906228490386080,Sebastian,50423dc7d3b9,1.770,3,af2f19783744|ae30ec228a74|e59c33e29e1a,Nicolas|Vania|Nahim,1|4|2,7.286|4.265|1.251,94,0,90
1790906228691406432,Sebastian,50423dc7d3b9,1.970,3,af2f19783744|ae30ec228a74|e59c33e29e1a,Nicolas|Vania|Nahim,1|4|2,7.486|4.465|1.451,94,0,90
1790906228890373760,Sebastian,50423dc7d3b9,2.170,3,af2f19783744|ae30ec228a74|e59c33e29e1a,Nicolas|Vania|Nahim,1|4|2,7.686|4.665|1.651,94,0,90
1790906229090193344,Sebastian,50423dc7d3b9,2.370,3,af2f19783744|ae30ec228a74|e59c33e29e1a,Nicolas|Vania|Nahim,1|4|2,7.886|4.865|1.851,94,0,90
1790906229290387872,Sebastian,50423dc7d3b9,2.570,3,af2f19783744|ae30ec228a74|e59c33e29e1a,Nicolas|Vania|Nahim,1|4|2,8.086|5.065|2.051,94,0,90
1790906229490240736,Sebastian,50423dc7d3b9,2.769,3,af2f19783744|ae30ec228a74|e59c33e29e1a,Nicolas|Vania|Nahim,1|4|2,8.286|5.265|2.251,94,0,90
1790906229690274688,Sebastian,50423dc7d3b9,2.969,3,af2f19783744|ae30ec228a74|e59c33e29e1a,Nicolas|Vania|Nahim,1|4|2,8.486|5.465|2.451,94,0,90
1790906229890348288,Nicolas,af2f19783744,0.149,2,ae30ec228a74|e59c33e29e1a,Vania|Nahim,4|2,5.665|2.651,94,0,91
1790906230090286688,Nicolas,af2f19783744,0.349,2,ae30ec228a74|e59c33e29e1a,Vania|Nahim,4|2,5.865|2.851,94,0,91
1790906230290324928,Nicolas,af2f19783744,0.549,3,ae30ec228a74|e59c33e29e1a|8f2cd62a9079,Vania|Nahim|Sebastian,4|2|3,6.065|3.051|0.026,95,0,91
1790906230489672096,Nicolas,af2f19783744,0.749,3,ae30ec228a74|e59c33e29e1a|8f2cd62a9079,Vania|Nahim|Sebastian,4|2|3,6.264|3.251|0.226,95,0,91
1790906230690250528,Nicolas,af2f19783744,0.949,3,ae30ec228a74|e59c33e29e1a|8f2cd62a9079,Vania|Nahim|Sebastian,4|2|3,6.465|3.451|0.426,95,0,91
1790906230889652768,Nicolas,af2f19783744,1.149,3,ae30ec228a74|e59c33e29e1a|8f2cd62a9079,Vania|Nahim|Sebastian,4|2|3,6.664|3.651|0.626,95,0,91
1790906231090392000,Nicolas,af2f19783744,1.349,3,ae30ec228a74|e59c33e29e1a|8f2cd62a9079,Vania|Nahim|Sebastian,4|2|3,6.865|3.851|0.826,95,0,91
1790906231289936352,Nicolas,af2f19783744,1.549,3,ae30ec228a74|e59c33e29e1a|8f2cd62a9079,Vania|Nahim|Sebastian,4|2|3,7.065|4.051|1.026,95,0,91
1790906231490325600,Nicolas,af2f19783744,1.749,3,ae30ec228a74|e59c33e29e1a|8f2cd62a9079,Vania|Nahim|Sebastian,4|2|3,7.265|4.251|1.226,95,0,91
1790906231690598496,Nicolas,af2f19783744,1.949,3,ae30ec228a74|e59c33e29e1a|8f2cd62a9079,Vania|Nahim|Sebastian,4|2|3,7.465|4.451|1.426,95,0,91
1790906231890319232,Nicolas,af2f19783744,2.149,3,ae30ec228a74|e59c33e29e1a|8f2cd62a9079,Vania|Nahim|Sebastian,4|2|3,7.665|4.651|1.626,95,0,91
1790906232090429696,Nicolas,af2f19783744,2.349,3,ae30ec228a74|e59c33e29e1a|8f2cd62a9079,Vania|Nahim|Sebastian,4|2|3,7.865|4.851|1.826,95,0,91
1790906232290351520,Nicolas,af2f19783744,2.549,3,ae30ec228a74|e59c33e29e1a|8f2cd62a9079,Vania|Nahim|Sebastian,4|2|3,8.065|5.051|2.026,95,0,91
1790906232490250272,Nicolas,af2f19783744,2.749,3,ae30ec228a74|e59c33e29e1a|8f2cd62a9079,Vania|Nahim|Sebastian,4|2|3,8.265|5.251|2.226,95,0,91
1790906232690467264,Nicolas,af2f19783744,2.949,3,ae30ec228a74|e59c33e29e1a|8f2cd62a9079,Vania|Nahim|Sebastian,4|2|3,8.465|5.451|2.426,95,0,91
1790906232890504384,Vania,ae30ec228a74,0.130,2,e59c33e29e1a|8f2cd62a9079,Nahim|Sebastian,2|3,5.651|2.626,95,0,92
1790906233089901888,Vania,ae30ec228a74,0.329,2,e59c33e29e1a|8f2cd62a9079,Nahim|Sebastian,2|3,5.851|2.826,95,0,92
1790906233289513280,Vania,ae30ec228a74,0.529,3,e59c33e29e1a|8f2cd62a9079|e7e343047557,Nahim|Sebastian|Nicolas,2|3|1,6.050|3.025|0.005,96,0,92
1790906233490058624,Vania,ae30ec228a74,0.730,3,e59c33e29e1a|8f2cd62a9079|e7e343047557,Nahim|Sebastian|Nicolas,2|3|1,6.251|3.226|0.205,96,0,92
1790906233690145888,Vania,ae30ec228a74,0.929,3,e59c33e29e1a|8f2cd62a9079|e7e343047557,Nahim|Sebastian|Nicolas,2|3|1,6.451|3.426|0.405,96,0,92
1790906233890373600,Vania,ae30ec228a74,1.130,3,e59c33e29e1a|8f2cd62a9079|e7e343047557,Nahim|Sebastian|Nicolas,2|3|1,6.651|3.626|0.606,96,0,92
1790906234090254272,Vania,ae30ec228a74,1.330,3,e59c33e29e1a|8f2cd62a9079|e7e343047557,Nahim|Sebastian|Nicolas,2|3|1,6.851|3.826|0.806,96,0,92
1790906234290211264,Vania,ae30ec228a74,1.530,3,e59c33e29e1a|8f2cd62a9079|e7e343047557,Nahim|Sebastian|Nicolas,2|3|1,7.051|4.026|1.005,96,0,92
1790906234490426368,Vania,ae30ec228a74,1.730,3,e59c33e29e1a|8f2cd62a9079|e7e343047557,Nahim|Sebastian|Nicolas,2|3|1,7.251|4.226|1.206,96,0,92
1790906234690369280,Vania,ae30ec228a74,1.930,3,e59c33e29e1a|8f2cd62a9079|e7e343047557,Nahim|Sebastian|Nicolas,2|3|1,7.451|4.426|1.406,96,0,92
1790906234890030368,Vania,ae30ec228a74,2.129,3,e59c33e29e1a|8f2cd62a9079|e7e343047557,Nahim|Sebastian|Nicolas,2|3|1,7.651|4.626|1.605,96,0,92
1790906235090235776,Vania,ae30ec228a74,2.330,3,e59c33e29e1a|8f2cd62a9079|e7e343047557,Nahim|Sebastian|Nicolas,2|3|1,7.851|4.826|1.805,96,0,92
1790906235290217056,Vania,ae30ec228a74,2.530,3,e59c33e29e1a|8f2cd62a9079|e7e343047557,Nahim|Sebastian|Nicolas,2|3|1,8.051|5.026|2.005,96,0,92
1790906235490223648,Vania,ae30ec228a74,2.730,3,e59c33e29e1a|8f2cd62a9079|e7e343047557,Nahim|Sebastian|Nicolas,2|3|1,8.251|5.226|2.205,96,0,92
1790906235690443552,Vania,ae30ec228a74,2.930,3,e59c33e29e1a|8f2cd62a9079|e7e343047557,Nahim|Sebastian|Nicolas,2|3|1,8.451|5.426|2.406,96,0,92
1790906235890500544,Nahim,e59c33e29e1a,0.106,2,8f2cd62a9079|e7e343047557,Sebastian|Nicolas,3|1,5.626|2.606,96,0,93
1790906236090534976,Nahim,e59c33e29e1a,0.306,2,8f2cd62a9079|e7e343047557,Sebastian|Nicolas,3|1,5.826|2.806,96,0,93
1790906236290190976,Nahim,e59c33e29e1a,0.506,2,8f2cd62a9079|e7e343047557,Sebastian|Nicolas,3|1,6.026|3.005,96,0,93
1790906236490418080,Nahim,e59c33e29e1a,0.706,3,8f2cd62a9079|e7e343047557|88caaa2e0a8b,Sebastian|Nicolas|Vania,3|1|4,6.226|3.206|0.185,97,0,93
1790906236690398944,Nahim,e59c33e29e1a,0.906,3,8f2cd62a9079|e7e343047557|88caaa2e0a8b,Sebastian|Nicolas|Vania,3|1|4,6.426|3.406|0.385,97,0,93
1790906236890350112,Nahim,e59c33e29e1a,1.106,3,8f2cd62a9079|e7e343047557|88caaa2e0a8b,Sebastian|Nicolas|Vania,3|1|4,6.626|3.606|0.585,97,0,93
1790906237089887136,Nahim,e59c33e29e1a,1.305,3,8f2cd62a9079|e7e343047557|88caaa2e0a8b,Sebastian|Nicolas|Vania,3|1|4,6.826|3.805|0.785,97,0,93
1790906237290342400,Nahim,e59c33e29e1a,1.506,3,8f2cd62a9079|e7e343047557|88caaa2e0a8b,Sebastian|Nicolas|Vania,3|1|4,7.026|4.006|0.985,97,0,93
1790906237490215008,Nahim,e59c33e29e1a,1.705,3,8f2cd62a9079|e7e343047557|88caaa2e0a8b,Sebastian|Nicolas|Vania,3|1|4,7.226|4.205|1.185,97,0,93
1790906237690331072,Nahim,e59c33e29e1a,1.906,3,8f2cd62a9079|e7e343047557|88caaa2e0a8b,Sebastian|Nicolas|Vania,3|1|4,7.426|4.406|1.385,97,0,93
1790906237890201728,Nahim,e59c33e29e1a,2.105,3,8f2cd62a9079|e7e343047557|88caaa2e0a8b,Sebastian|Nicolas|Vania,3|1|4,7.626|4.605|1.585,97,0,93
1790906238090341152,Nahim,e59c33e29e1a,2.306,3,8f2cd62a9079|e7e343047557|88caaa2e0a8b,Sebastian|Nicolas|Vania,3|1|4,7.826|4.806|1.785,97,0,93
1790906238290699552,Nahim,e59c33e29e1a,2.506,3,8f2cd62a9079|e7e343047557|88caaa2e0a8b,Sebastian|Nicolas|Vania,3|1|4,8.026|5.006|1.986,97,0,93
1790906238490405536,Nahim,e59c33e29e1a,2.706,3,8f2cd62a9079|e7e343047557|88caaa2e0a8b,Sebastian|Nicolas|Vania,3|1|4,8.226|5.206|2.185,97,0,93
1790906238690212672,Nahim,e59c33e29e1a,2.905,3,8f2cd62a9079|e7e343047557|88caaa2e0a8b,Sebastian|Nicolas|Vania,3|1|4,8.426|5.405|2.385,97,0,93
1790906238890314848,Sebastian,8f2cd62a9079,0.084,2,e7e343047557|88caaa2e0a8b,Nicolas|Vania,1|4,5.606|2.585,97,0,94
1790906239090441472,Sebastian,8f2cd62a9079,0.284,2,e7e343047557|88caaa2e0a8b,Nicolas|Vania,1|4,5.806|2.785,97,0,94
1790906239290253632,Sebastian,8f2cd62a9079,0.484,2,e7e343047557|88caaa2e0a8b,Nicolas|Vania,1|4,6.005|2.985,97,0,94
1790906239490341376,Sebastian,8f2cd62a9079,0.684,3,e7e343047557|88caaa2e0a8b|d065c5b57f88,Nicolas|Vania|Nahim,1|4|2,6.206|3.185|0.157,98,0,94
1790906239690357824,Sebastian,8f2cd62a9079,0.884,3,e7e343047557|88caaa2e0a8b|d065c5b57f88,Nicolas|Vania|Nahim,1|4|2,6.406|3.385|0.357,98,0,94
1790906239889773408,Sebastian,8f2cd62a9079,1.083,3,e7e343047557|88caaa2e0a8b|d065c5b57f88,Nicolas|Vania|Nahim,1|4|2,6.605|3.585|0.556,98,0,94
1790906240089715136,Sebastian,8f2cd62a9079,1.283,3,e7e343047557|88caaa2e0a8b|d065c5b57f88,Nicolas|Vania|Nahim,1|4|2,6.805|3.785|0.756,98,0,94
1790906240290342912,Sebastian,8f2cd62a9079,1.484,3,e7e343047557|88caaa2e0a8b|d065c5b57f88,Nicolas|Vania|Nahim,1|4|2,7.006|3.985|0.957,98,0,94
1790906240490216800,Sebastian,8f2cd62a9079,1.684,3,e7e343047557|88caaa2e0a8b|d065c5b57f88,Nicolas|Vania|Nahim,1|4|2,7.206|4.185|1.157,98,0,94
1790906240690344640,Sebastian,8f2cd62a9079,1.884,3,e7e343047557|88caaa2e0a8b|d065c5b57f88,Nicolas|Vania|Nahim,1|4|2,7.406|4.385|1.357,98,0,94
1790906240890395168,Sebastian,8f2cd62a9079,2.084,3,e7e343047557|88caaa2e0a8b|d065c5b57f88,Nicolas|Vania|Nahim,1|4|2,7.606|4.585|1.557,98,0,94
1790906241089686880,Sebastian,8f2cd62a9079,2.283,3,e7e343047557|88caaa2e0a8b|d065c5b57f88,Nicolas|Vania|Nahim,1|4|2,7.805|4.785|1.756,98,0,94
1790906241290661248,Sebastian,8f2cd62a9079,2.484,3,e7e343047557|88caaa2e0a8b|d065c5b57f88,Nicolas|Vania|Nahim,1|4|2,8.006|4.986|1.957,98,0,94
1790906241490294624,Sebastian,8f2cd62a9079,2.684,3,e7e343047557|88caaa2e0a8b|d065c5b57f88,Nicolas|Vania|Nahim,1|4|2,8.205|5.185|2.157,98,0,94
1790906241690373056,Sebastian,8f2cd62a9079,2.884,3,e7e343047557|88caaa2e0a8b|d065c5b57f88,Nicolas|Vania|Nahim,1|4|2,8.406|5.385|2.357,98,0,94
1790906241890356896,Nicolas,e7e343047557,0.064,2,88caaa2e0a8b|d065c5b57f88,Vania|Nahim,4|2,5.585|2.557,98,0,95
1790906242090317344,Nicolas,e7e343047557,0.264,2,88caaa2e0a8b|d065c5b57f88,Vania|Nahim,4|2,5.785|2.757,98,0,95
1790906242289796544,Nicolas,e7e343047557,0.464,2,88caaa2e0a8b|d065c5b57f88,Vania|Nahim,4|2,5.985|2.956,98,0,95
1790906242490242144,Nicolas,e7e343047557,0.664,3,88caaa2e0a8b|d065c5b57f88|45fe93a2a580,Vania|Nahim|Sebastian,4|2|3,6.185|3.157|0.138,99,0,95
1790906242689874720,Nicolas,e7e343047557,0.864,3,88caaa2e0a8b|d065c5b57f88|45fe93a2a580,Vania|Nahim|Sebastian,4|2|3,6.385|3.356|0.338,99,0,95
1790906242890468416,Nicolas,e7e343047557,1.064,3,88caaa2e0a8b|d065c5b57f88|45fe93a2a580,Vania|Nahim|Sebastian,4|2|3,6.585|3.557|0.539,99,0,95
1790906243090151456,Nicolas,e7e343047557,1.264,3,88caaa2e0a8b|d065c5b57f88|45fe93a2a580,Vania|Nahim|Sebastian,4|2|3,6.785|3.757|0.738,99,0,95
1790906243290207776,Nicolas,e7e343047557,1.464,3,88caaa2e0a8b|d065c5b57f88|45fe93a2a580,Vania|Nahim|Sebastian,4|2|3,6.985|3.957|0.938,99,0,95
1790906243489993760,Nicolas,e7e343047557,1.664,3,88caaa2e0a8b|d065c5b57f88|45fe93a2a580,Vania|Nahim|Sebastian,4|2|3,7.185|4.157|1.138,99,0,95
1790906243690264480,Nicolas,e7e343047557,1.864,3,88caaa2e0a8b|d065c5b57f88|45fe93a2a580,Vania|Nahim|Sebastian,4|2|3,7.385|4.357|1.338,99,0,95
1790906243890368416,Nicolas,e7e343047557,2.064,3,88caaa2e0a8b|d065c5b57f88|45fe93a2a580,Vania|Nahim|Sebastian,4|2|3,7.585|4.557|1.538,99,0,95
1790906244089950720,Nicolas,e7e343047557,2.264,3,88caaa2e0a8b|d065c5b57f88|45fe93a2a580,Vania|Nahim|Sebastian,4|2|3,7.785|4.756|1.738,99,0,95
1790906244290263200,Nicolas,e7e343047557,2.464,3,88caaa2e0a8b|d065c5b57f88|45fe93a2a580,Vania|Nahim|Sebastian,4|2|3,7.985|4.957|1.938,99,0,95
1790906244490022112,Nicolas,e7e343047557,2.664,3,88caaa2e0a8b|d065c5b57f88|45fe93a2a580,Vania|Nahim|Sebastian,4|2|3,8.185|5.157|2.138,99,0,95
1790906244690414144,Nicolas,e7e343047557,2.864,3,88caaa2e0a8b|d065c5b57f88|45fe93a2a580,Vania|Nahim|Sebastian,4|2|3,8.385|5.357|2.339,99,0,95
1790906244890319136,Vania,88caaa2e0a8b,0.045,2,d065c5b57f88|45fe93a2a580,Nahim|Sebastian,2|3,5.557|2.538,99,0,96
1790906245090427712,Vania,88caaa2e0a8b,0.245,2,d065c5b57f88|45fe93a2a580,Nahim|Sebastian,2|3,5.757|2.739,99,0,96
1790906245290053344,Vania,88caaa2e0a8b,0.444,2,d065c5b57f88|45fe93a2a580,Nahim|Sebastian,2|3,5.957|2.938,99,0,96
1790906245490098176,Vania,88caaa2e0a8b,0.644,3,d065c5b57f88|45fe93a2a580|e97735242e97,Nahim|Sebastian|Nicolas,2|3|1,6.157|3.138|0.120,100,0,96
1790906245690316128,Vania,88caaa2e0a8b,0.845,3,d065c5b57f88|45fe93a2a580|e97735242e97,Nahim|Sebastian|Nicolas,2|3|1,6.357|3.338|0.320,100,0,96
1790906245890213056,Vania,88caaa2e0a8b,1.044,3,d065c5b57f88|45fe93a2a580|e97735242e97,Nahim|Sebastian|Nicolas,2|3|1,6.557|3.538|0.520,100,0,96
1790906246090134080,Vania,88caaa2e0a8b,1.245,3,d065c5b57f88|45fe93a2a580|e97735242e97,Nahim|Sebastian|Nicolas,2|3|1,6.757|3.738|0.720,100,0,96
1790906246290406816,Vania,88caaa2e0a8b,1.445,3,d065c5b57f88|45fe93a2a580|e97735242e97,Nahim|Sebastian|Nicolas,2|3|1,6.957|3.939|0.920,100,0,96
1790906246490109728,Vania,88caaa2e0a8b,1.644,3,d065c5b57f88|45fe93a2a580|e97735242e97,Nahim|Sebastian|Nicolas,2|3|1,7.157|4.138|1.120,100,0,96
1790906246690034880,Vania,88caaa2e0a8b,1.844,3,d065c5b57f88|45fe93a2a580|e97735242e97,Nahim|Sebastian|Nicolas,2|3|1,7.357|4.338|1.320,100,0,96
1790906246890318240,Vania,88caaa2e0a8b,2.045,3,d065c5b57f88|45fe93a2a580|e97735242e97,Nahim|Sebastian|Nicolas,2|3|1,7.557|4.538|1.520,100,0,96
1790906247090139712,Vania,88caaa2e0a8b,2.245,3,d065c5b57f88|45fe93a2a580|e97735242e97,Nahim|Sebastian|Nicolas,2|3|1,7.757|4.738|1.720,100,0,96
1790906247290155584,Vania,88caaa2e0a8b,2.444,3,d065c5b57f88|45fe93a2a580|e97735242e97,Nahim|Sebastian|Nicolas,2|3|1,7.957|4.938|1.920,100,0,96
1790906247490525792,Vania,88caaa2e0a8b,2.645,3,d065c5b57f88|45fe93a2a580|e97735242e97,Nahim|Sebastian|Nicolas,2|3|1,8.157|5.139|2.120,100,0,96
1790906247690132256,Vania,88caaa2e0a8b,2.844,3,d065c5b57f88|45fe93a2a580|e97735242e97,Nahim|Sebastian|Nicolas,2|3|1,8.357|5.338|2.320,100,0,96
1790906247889914720,Nahim,d065c5b57f88,0.025,2,45fe93a2a580|e97735242e97,Sebastian|Nicolas,3|1,5.538|2.520,100,0,97
1790906248089955712,Nahim,d065c5b57f88,0.226,2,45fe93a2a580|e97735242e97,Sebastian|Nicolas,3|1,5.738|2.720,100,0,97
1790906248290470752,Nahim,d065c5b57f88,0.426,2,45fe93a2a580|e97735242e97,Sebastian|Nicolas,3|1,5.939|2.920,100,0,97
1790906248490043552,Nahim,d065c5b57f88,0.626,3,45fe93a2a580|e97735242e97|4759a0182998,Sebastian|Nicolas|Vania,3|1|4,6.138|3.120|0.098,101,0,97
1790906248689874016,Nahim,d065c5b57f88,0.825,3,45fe93a2a580|e97735242e97|4759a0182998,Sebastian|Nicolas|Vania,3|1|4,6.338|3.319|0.298,101,0,97
1790906248890238816,Nahim,d065c5b57f88,1.026,3,45fe93a2a580|e97735242e97|4759a0182998,Sebastian|Nicolas|Vania,3|1|4,6.538|3.520|0.498,101,0,97
1790906249090002592,Nahim,d065c5b57f88,1.226,3,45fe93a2a580|e97735242e97|4759a0182998,Sebastian|Nicolas|Vania,3|1|4,6.738|3.720|0.698,101,0,97
1790906249290348160,Nahim,d065c5b57f88,1.426,3,45fe93a2a580|e97735242e97|4759a0182998,Sebastian|Nicolas|Vania,3|1|4,6.938|3.920|0.898,101,0,97
1790906249490357920,Nahim,d065c5b57f88,1.626,3,45fe93a2a580|e97735242e97|4759a0182998,Sebastian|Nicolas|Vania,3|1|4,7.138|4.120|1.098,101,0,97
1790906249690086784,Nahim,d065c5b57f88,1.826,3,45fe93a2a580|e97735242e97|4759a0182998,Sebastian|Nicolas|Vania,3|1|4,7.338|4.320|1.298,101,0,97
1790906249890137312,Nahim,d065c5b57f88,2.026,3,45fe93a2a580|e97735242e97|4759a0182998,Sebastian|Nicolas|Vania,3|1|4,7.538|4.520|1.498,101,0,97
1790906250090343488,Nahim,d065c5b57f88,2.226,3,45fe93a2a580|e97735242e97|4759a0182998,Sebastian|Nicolas|Vania,3|1|4,7.738|4.720|1.698,101,0,97
1790906250290037472,Nahim,d065c5b57f88,2.426,3,45fe93a2a580|e97735242e97|4759a0182998,Sebastian|Nicolas|Vania,3|1|4,7.938|4.920|1.898,101,0,97
1790906250490196480,Nahim,d065c5b57f88,2.626,3,45fe93a2a580|e97735242e97|4759a0182998,Sebastian|Nicolas|Vania,3|1|4,8.138|5.120|2.098,101,0,97
1790906250690219200,Nahim,d065c5b57f88,2.826,3,45fe93a2a580|e97735242e97|4759a0182998,Sebastian|Nicolas|Vania,3|1|4,8.338|5.320|2.298,101,0,97
1790906250889602656,Sebastian,45fe93a2a580,0.007,2,e97735242e97|4759a0182998,Nicolas|Vania,1|4,5.519|2.498,101,0,98
1790906251090210400,Sebastian,45fe93a2a580,0.207,2,e97735242e97|4759a0182998,Nicolas|Vania,1|4,5.720|2.698,101,0,98
1790906251290152768,Sebastian,45fe93a2a580,0.407,2,e97735242e97|4759a0182998,Nicolas|Vania,1|4,5.920|2.898,101,0,98
1790906251489734656,Sebastian,45fe93a2a580,0.607,3,e97735242e97|4759a0182998|8b63e5f71026,Nicolas|Vania|Nahim,1|4|2,6.119|3.098|0.080,102,0,98
1790906251690126336,Sebastian,45fe93a2a580,0.807,3,e97735242e97|4759a0182998|8b63e5f71026,Nicolas|Vania|Nahim,1|4|2,6.320|3.298|0.280,102,0,98
1790906251890247680,Sebastian,45fe93a2a580,1.007,3,e97735242e97|4759a0182998|8b63e5f71026,Nicolas|Vania|Nahim,1|4|2,6.520|3.498|0.480,102,0,98
1790906252090291616,Sebastian,45fe93a2a580,1.207,3,e97735242e97|4759a0182998|8b63e5f71026,Nicolas|Vania|Nahim,1|4|2,6.720|3.698|0.680,102,0,98
1790906252290395168,Sebastian,45fe93a2a580,1.407,3,e97735242e97|4759a0182998|8b63e5f71026,Nicolas|Vania|Nahim,1|4|2,6.920|3.899|0.880,102,0,98
1790906252490239872,Sebastian,45fe93a2a580,1.607,3,e97735242e97|4759a0182998|8b63e5f71026,Nicolas|Vania|Nahim,1|4|2,7.120|4.098|1.080,102,0,98
1790906252690503712,Sebastian,45fe93a2a580,1.807,3,e97735242e97|4759a0182998|8b63e5f71026,Nicolas|Vania|Nahim,1|4|2,7.320|4.299|1.281,102,0,98
1790906252890412416,Sebastian,45fe93a2a580,2.007,3,e97735242e97|4759a0182998|8b63e5f71026,Nicolas|Vania|Nahim,1|4|2,7.520|4.499|1.481,102,0,98
1790906253090420576,Sebastian,45fe93a2a580,2.207,3,e97735242e97|4759a0182998|8b63e5f71026,Nicolas|Vania|Nahim,1|4|2,7.720|4.699|1.681,102,0,98
1790906253289989088,Sebastian,45fe93a2a580,2.407,3,e97735242e97|4759a0182998|8b63e5f71026,Nicolas|Vania|Nahim,1|4|2,7.920|4.898|1.880,102,0,98
1790906253490361088,Sebastian,45fe93a2a580,2.607,3,e97735242e97|4759a0182998|8b63e5f71026,Nicolas|Vania|Nahim,1|4|2,8.120|5.098|2.080,102,0,98
1790906253690401728,Sebastian,45fe93a2a580,2.807,3,e97735242e97|4759a0182998|8b63e5f71026,Nicolas|Vania|Nahim,1|4|2,8.320|5.299|2.281,102,0,98
1790906253890304832,Sebastian,45fe93a2a580,3.007,3,e97735242e97|4759a0182998|8b63e5f71026,Nicolas|Vania|Nahim,1|4|2,8.520|5.498|2.480,102,0,98
1790906254090332608,Nicolas,e97735242e97,0.185,2,4759a0182998|8b63e5f71026,Vania|Nahim,4|2,5.699|2.681,102,0,99
1790906254290521216,Nicolas,e97735242e97,0.385,2,4759a0182998|8b63e5f71026,Vania|Nahim,4|2,5.899|2.881,102,0,99
1790906254489804608,Nicolas,e97735242e97,0.585,3,4759a0182998|8b63e5f71026|62b624f561d9,Vania|Nahim|Sebastian,4|2|3,6.098|3.080|0.057,103,0,99
1790906254690332256,Nicolas,e97735242e97,0.785,3,4759a0182998|8b63e5f71026|62b624f561d9,Vania|Nahim|Sebastian,4|2|3,6.298|3.280|0.258,103,0,99
1790906254890445216,Nicolas,e97735242e97,0.985,3,4759a0182998|8b63e5f71026|62b624f561d9,Vania|Nahim|Sebastian,4|2|3,6.499|3.481|0.458,103,0,99
1790906255090336960,Nicolas,e97735242e97,1.185,3,4759a0182998|8b63e5f71026|62b624f561d9,Vania|Nahim|Sebastian,4|2|3,6.699|3.681|0.658,103,0,99
1790906255290267328,Nicolas,e97735242e97,1.385,3,4759a0182998|8b63e5f71026|62b624f561d9,Vania|Nahim|Sebastian,4|2|3,6.898|3.880|0.858,103,0,99
1790906255489974496,Nicolas,e97735242e97,1.585,3,4759a0182998|8b63e5f71026|62b624f561d9,Vania|Nahim|Sebastian,4|2|3,7.098|4.080|1.057,103,0,99
1790906255690631392,Nicolas,e97735242e97,1.785,3,4759a0182998|8b63e5f71026|62b624f561d9,Vania|Nahim|Sebastian,4|2|3,7.298|4.280|1.258,103,0,99
1790906255890312224,Nicolas,e97735242e97,1.985,3,4759a0182998|8b63e5f71026|62b624f561d9,Vania|Nahim|Sebastian,4|2|3,7.498|4.480|1.458,103,0,99
1790906256090318080,Nicolas,e97735242e97,2.185,3,4759a0182998|8b63e5f71026|62b624f561d9,Vania|Nahim|Sebastian,4|2|3,7.698|4.680|1.658,103,0,99
1790906256290380768,Nicolas,e97735242e97,2.385,3,4759a0182998|8b63e5f71026|62b624f561d9,Vania|Nahim|Sebastian,4|2|3,7.898|4.880|1.858,103,0,99
1790906256490226176,Nicolas,e97735242e97,2.585,3,4759a0182998|8b63e5f71026|62b624f561d9,Vania|Nahim|Sebastian,4|2|3,8.098|5.080|2.058,103,0,99
1790906256690276416,Nicolas,e97735242e97,2.785,3,4759a0182998|8b63e5f71026|62b624f561d9,Vania|Nahim|Sebastian,4|2|3,8.298|5.280|2.258,103,0,99
1790906256890398048,Nicolas,e97735242e97,2.985,3,4759a0182998|8b63e5f71026|62b624f561d9,Vania|Nahim|Sebastian,4|2|3,8.498|5.480|2.458,103,0,99
1790906257090671168,Vania,4759a0182998,0.167,2,8b63e5f71026|62b624f561d9,Nahim|Sebastian,2|3,5.681|2.658,103,0,100
1790906257290357248,Vania,4759a0182998,0.367,2,8b63e5f71026|62b624f561d9,Nahim|Sebastian,2|3,5.880|2.858,103,0,100
1790906257489854624,Vania,4759a0182998,0.566,3,8b63e5f71026|62b624f561d9|f77801304b8a,Nahim|Sebastian|Nicolas,2|3|1,6.080|3.057|0.038,104,0,100
1790906257690067584,Vania,4759a0182998,0.766,3,8b63e5f71026|62b624f561d9|f77801304b8a,Nahim|Sebastian|Nicolas,2|3|1,6.280|3.258|0.239,104,0,100
1790906257890197760,Vania,4759a0182998,0.966,3,8b63e5f71026|62b624f561d9|f77801304b8a,Nahim|Sebastian|Nicolas,2|3|1,6.480|3.458|0.439,104,0,100
1790906258090048928,Vania,4759a0182998,1.166,3,8b63e5f71026|62b624f561d9|f77801304b8a,Nahim|Sebastian|Nicolas,2|3|1,6.680|3.657|0.639,104,0,100
1790906258290235104,Vania,4759a0182998,1.366,3,8b63e5f71026|62b624f561d9|f77801304b8a,Nahim|Sebastian|Nicolas,2|3|1,6.880|3.858|0.839,104,0,100
1790906258490317280,Vania,4759a0182998,1.566,3,8b63e5f71026|62b624f561d9|f77801304b8a,Nahim|Sebastian|Nicolas,2|3|1,7.080|4.058|1.039,104,0,100
1790906258690210496,Vania,4759a0182998,1.766,3,8b63e5f71026|62b624f561d9|f77801304b8a,Nahim|Sebastian|Nicolas,2|3|1,7.280|4.258|1.239,104,0,100
1790906258890177856,Vania,4759a0182998,1.966,3,8b63e5f71026|62b624f561d9|f77801304b8a,Nahim|Sebastian|Nicolas,2|3|1,7.480|4.458|1.439,104,0,100
1790906259090294016,Vania,4759a0182998,2.166,3,8b63e5f71026|62b624f561d9|f77801304b8a,Nahim|Sebastian|Nicolas,2|3|1,7.680|4.658|1.639,104,0,100
1790906259290334816,Vania,4759a0182998,2.366,3,8b63e5f71026|62b624f561d9|f77801304b8a,Nahim|Sebastian|Nicolas,2|3|1,7.880|4.858|1.839,104,0,100
1790906259490133024,Vania,4759a0182998,2.566,3,8b63e5f71026|62b624f561d9|f77801304b8a,Nahim|Sebastian|Nicolas,2|3|1,8.080|5.058|2.039,104,0,100
1790906259690227264,Vania,4759a0182998,2.766,3,8b63e5f71026|62b624f561d9|f77801304b8a,Nahim|Sebastian|Nicolas,2|3|1,8.280|5.258|2.239,104,0,100
1790906259889718368,Vania,4759a0182998,2.966,3,8b63e5f71026|62b624f561d9|f77801304b8a,Nahim|Sebastian|Nicolas,2|3|1,8.480|5.457|2.438,104,0,100
1790906260089845888,Nahim,8b63e5f71026,0.147,2,62b624f561d9|f77801304b8a,Sebastian|Nicolas,3|1,5.657|2.638,104,0,101
1790906260290304736,Nahim,8b63e5f71026,0.348,2,62b624f561d9|f77801304b8a,Sebastian|Nicolas,3|1,5.858|2.839,104,0,101
1790906260489899616,Nahim,8b63e5f71026,0.547,3,62b624f561d9|f77801304b8a|e4a63761c013,Sebastian|Nicolas|Vania,3|1|4,6.057|3.038|0.019,105,0,101
1790906260690286336,Nahim,8b63e5f71026,0.748,3,62b624f561d9|f77801304b8a|e4a63761c013,Sebastian|Nicolas|Vania,3|1|4,6.258|3.239|0.219,105,0,101
1790906260890345024,Nahim,8b63e5f71026,0.948,3,62b624f561d9|f77801304b8a|e4a63761c013,Sebastian|Nicolas|Vania,3|1|4,6.458|3.439|0.419,105,0,101
1790906261090423328,Nahim,8b63e5f71026,1.148,3,62b624f561d9|f77801304b8a|e4a63761c013,Sebastian|Nicolas|Vania,3|1|4,6.658|3.639|0.619,105,0,101
1790906261290062752,Nahim,8b63e5f71026,1.347,3,62b624f561d9|f77801304b8a|e4a63761c013,Sebastian|Nicolas|Vania,3|1|4,6.857|3.839|0.819,105,0,101
1790906261490285632,Nahim,8b63e5f71026,1.548,3,62b624f561d9|f77801304b8a|e4a63761c013,Sebastian|Nicolas|Vania,3|1|4,7.058|4.039|1.019,105,0,101
1790906261690629280,Nahim,8b63e5f71026,1.748,3,62b624f561d9|f77801304b8a|e4a63761c013,Sebastian|Nicolas|Vania,3|1|4,7.258|4.239|1.220,105,0,101
1790906261890474880,Nahim,8b63e5f71026,1.948,3,62b624f561d9|f77801304b8a|e4a63761c013,Sebastian|Nicolas|Vania,3|1|4,7.458|4.439|1.419,105,0,101
1790906262089934144,Nahim,8b63e5f71026,2.147,3,62b624f561d9|f77801304b8a|e4a63761c013,Sebastian|Nicolas|Vania,3|1|4,7.657|4.639|1.619,105,0,101
1790906262290297600,Nahim,8b63e5f71026,2.348,3,62b624f561d9|f77801304b8a|e4a63761c013,Sebastian|Nicolas|Vania,3|1|4,7.858|4.839|1.819,105,0,101
1790906262489944928,Nahim,8b63e5f71026,2.547,3,62b624f561d9|f77801304b8a|e4a63761c013,Sebastian|Nicolas|Vania,3|1|4,8.057|5.039|2.019,105,0,101
1790906262690167744,Nahim,8b63e5f71026,2.748,3,62b624f561d9|f77801304b8a|e4a63761c013,Sebastian|Nicolas|Vania,3|1|4,8.258|5.239|2.219,105,0,101
1790906262890464576,Nahim,8b63e5f71026,2.948,3,62b624f561d9|f77801304b8a|e4a63761c013,Sebastian|Nicolas|Vania,3|1|4,8.458|5.439|2.419,105,0,101
1790906263090288608,Sebastian,62b624f561d9,0.128,2,f77801304b8a|e4a63761c013,Nicolas|Vania,1|4,5.639|2.619,105,0,102
1790906263290401472,Sebastian,62b624f561d9,0.328,2,f77801304b8a|e4a63761c013,Nicolas|Vania,1|4,5.839|2.819,105,0,102
1790906263491314560,Sebastian,62b624f561d9,0.529,3,f77801304b8a|e4a63761c013|f3d88ad9019a,Nicolas|Vania|Nahim,1|4|2,6.040|3.020|0.003,106,0,102
1790906263690168480,Sebastian,62b624f561d9,0.728,3,f77801304b8a|e4a63761c013|f3d88ad9019a,Nicolas|Vania|Nahim,1|4|2,6.239|3.219|0.202,106,0,102
1790906263890266592,Sebastian,62b624f561d9,0.928,3,f77801304b8a|e4a63761c013|f3d88ad9019a,Nicolas|Vania|Nahim,1|4|2,6.439|3.419|0.402,106,0,102
1790906264090579712,Sebastian,62b624f561d9,1.128,3,f77801304b8a|e4a63761c013|f3d88ad9019a,Nicolas|Vania|Nahim,1|4|2,6.639|3.619|0.602,106,0,102
1790906264289994848,Sebastian,62b624f561d9,1.328,3,f77801304b8a|e4a63761c013|f3d88ad9019a,Nicolas|Vania|Nahim,1|4|2,6.839|3.819|0.802,106,0,102
1790906264490067840,Sebastian,62b624f561d9,1.528,3,f77801304b8a|e4a63761c013|f3d88ad9019a,Nicolas|Vania|Nahim,1|4|2,7.039|4.019|1.002,106,0,102
1790906264690309568,Sebastian,62b624f561d9,1.728,3,f77801304b8a|e4a63761c013|f3d88ad9019a,Nicolas|Vania|Nahim,1|4|2,7.239|4.219|1.202,106,0,102
1790906264889636448,Sebastian,62b624f561d9,1.927,3,f77801304b8a|e4a63761c013|f3d88ad9019a,Nicolas|Vania|Nahim,1|4|2,7.438|4.419|1.402,106,0,102
1790906265090132000,Sebastian,62b624f561d9,2.128,3,f77801304b8a|e4a63761c013|f3d88ad9019a,Nicolas|Vania|Nahim,1|4|2,7.639|4.619|1.602,106,0,102
1790906265290364256,Sebastian,62b624f561d9,2.328,3,f77801304b8a|e4a63761c013|f3d88ad9019a,Nicolas|Vania|Nahim,1|4|2,7.839|4.819|1.802,106,0,102
1790906265490285504,Sebastian,62b624f561d9,2.528,3,f77801304b8a|e4a63761c013|f3d88ad9019a,Nicolas|Vania|Nahim,1|4|2,8.039|5.019|2.002,106,0,102
1790906265690046880,Sebastian,62b624f561d9,2.728,3,f77801304b8a|e4a63761c013|f3d88ad9019a,Nicolas|Vania|Nahim,1|4|2,8.239|5.219|2.202,106,0,102
1790906265890299584,Sebastian,62b624f561d9,2.928,3,f77801304b8a|e4a63761c013|f3d88ad9019a,Nicolas|Vania|Nahim,1|4|2,8.439|5.419|2.402,106,0,102
1790906266089757120,Nicolas,f77801304b8a,0.107,2,e4a63761c013|f3d88ad9019a,Vania|Nahim,4|2,5.619|2.602,106,0,103
1790906266290364992,Nicolas,f77801304b8a,0.308,2,e4a63761c013|f3d88ad9019a,Vania|Nahim,4|2,5.819|2.802,106,0,103
1790906266489914880,Nicolas,f77801304b8a,0.508,2,e4a63761c013|f3d88ad9019a,Vania|Nahim,4|2,6.019|3.002,106,0,103
1790906266690324448,Nicolas,f77801304b8a,0.708,3,e4a63761c013|f3d88ad9019a|f2e88ad6a67e,Vania|Nahim|Sebastian,4|2|3,6.219|3.202|0.182,107,0,103
1790906266889757312,Nicolas,f77801304b8a,0.907,3,e4a63761c013|f3d88ad9019a|f2e88ad6a67e,Vania|Nahim|Sebastian,4|2|3,6.419|3.402|0.381,107,0,103
1790906267090393472,Nicolas,f77801304b8a,1.108,3,e4a63761c013|f3d88ad9019a|f2e88ad6a67e,Vania|Nahim|Sebastian,4|2|3,6.619|3.602|0.582,107,0,103
1790906267289763360,Nicolas,f77801304b8a,1.307,3,e4a63761c013|f3d88ad9019a|f2e88ad6a67e,Vania|Nahim|Sebastian,4|2|3,6.819|3.802|0.781,107,0,103
1790906267490457120,Nicolas,f77801304b8a,1.508,3,e4a63761c013|f3d88ad9019a|f2e88ad6a67e,Vania|Nahim|Sebastian,4|2|3,7.019|4.002|0.982,107,0,103
1790906267690404352,Nicolas,f77801304b8a,1.708,3,e4a63761c013|f3d88ad9019a|f2e88ad6a67e,Vania|Nahim|Sebastian,4|2|3,7.219|4.202|1.182,107,0,103
1790906267890243840,Nicolas,f77801304b8a,1.908,3,e4a63761c013|f3d88ad9019a|f2e88ad6a67e,Vania|Nahim|Sebastian,4|2|3,7.419|4.402|1.382,107,0,103
1790906268090372256,Nicolas,f77801304b8a,2.108,3,e4a63761c013|f3d88ad9019a|f2e88ad6a67e,Vania|Nahim|Sebastian,4|2|3,7.619|4.602|1.582,107,0,103
1790906268290362784,Nicolas,f77801304b8a,2.308,3,e4a63761c013|f3d88ad9019a|f2e88ad6a67e,Vania|Nahim|Sebastian,4|2|3,7.819|4.802|1.782,107,0,103
1790906268490000608,Nicolas,f77801304b8a,2.508,3,e4a63761c013|f3d88ad9019a|f2e88ad6a67e,Vania|Nahim|Sebastian,4|2|3,8.019|5.002|1.981,107,0,103
1790906268690141344,Nicolas,f77801304b8a,2.708,3,e4a63761c013|f3d88ad9019a|f2e88ad6a67e,Vania|Nahim|Sebastian,4|2|3,8.219|5.202|2.182,107,0,103
1790906268890334368,Nicolas,f77801304b8a,2.908,3,e4a63761c013|f3d88ad9019a|f2e88ad6a67e,Vania|Nahim|Sebastian,4|2|3,8.419|5.402|2.382,107,0,103
1790906269090841504,Vania,e4a63761c013,0.083,2,f3d88ad9019a|f2e88ad6a67e,Nahim|Sebastian,2|3,5.602|2.582,107,0,104
1790906269290521824,Vania,e4a63761c013,0.283,2,f3d88ad9019a|f2e88ad6a67e,Nahim|Sebastian,2|3,5.802|2.782,107,0,104
1790906269490294144,Vania,e4a63761c013,0.483,2,f3d88ad9019a|f2e88ad6a67e,Nahim|Sebastian,2|3,6.002|2.982,107,0,104
1790906269690457056,Vania,e4a63761c013,0.683,3,f3d88ad9019a|f2e88ad6a67e|e2e3147401bf,Nahim|Sebastian|Nicolas,2|3|1,6.202|3.182|0.157,108,0,104
1790906269890275488,Vania,e4a63761c013,0.883,3,f3d88ad9019a|f2e88ad6a67e|e2e3147401bf,Nahim|Sebastian|Nicolas,2|3|1,6.402|3.382|0.357,108,0,104
1790906270090314944,Vania,e4a63761c013,1.083,3,f3d88ad9019a|f2e88ad6a67e|e2e3147401bf,Nahim|Sebastian|Nicolas,2|3|1,6.602|3.582|0.557,108,0,104
1790906270290298560,Vania,e4a63761c013,1.283,3,f3d88ad9019a|f2e88ad6a67e|e2e3147401bf,Nahim|Sebastian|Nicolas,2|3|1,6.802|3.782|0.757,108,0,104
1790906270490245280,Vania,e4a63761c013,1.483,3,f3d88ad9019a|f2e88ad6a67e|e2e3147401bf,Nahim|Sebastian|Nicolas,2|3|1,7.002|3.982|0.957,108,0,104
1790906270690311616,Vania,e4a63761c013,1.683,3,f3d88ad9019a|f2e88ad6a67e|e2e3147401bf,Nahim|Sebastian|Nicolas,2|3|1,7.202|4.182|1.157,108,0,104
1790906270890287200,Vania,e4a63761c013,1.883,3,f3d88ad9019a|f2e88ad6a67e|e2e3147401bf,Nahim|Sebastian|Nicolas,2|3|1,7.402|4.382|1.357,108,0,104
1790906271090299616,Vania,e4a63761c013,2.083,3,f3d88ad9019a|f2e88ad6a67e|e2e3147401bf,Nahim|Sebastian|Nicolas,2|3|1,7.602|4.582|1.557,108,0,104
1790906271290288672,Vania,e4a63761c013,2.283,3,f3d88ad9019a|f2e88ad6a67e|e2e3147401bf,Nahim|Sebastian|Nicolas,2|3|1,7.802|4.782|1.757,108,0,104
1790906271490252864,Vania,e4a63761c013,2.483,3,f3d88ad9019a|f2e88ad6a67e|e2e3147401bf,Nahim|Sebastian|Nicolas,2|3|1,8.002|4.982|1.957,108,0,104
1790906271690280672,Vania,e4a63761c013,2.683,3,f3d88ad9019a|f2e88ad6a67e|e2e3147401bf,Nahim|Sebastian|Nicolas,2|3|1,8.202|5.182|2.157,108,0,104
1790906271890526592,Vania,e4a63761c013,2.883,3,f3d88ad9019a|f2e88ad6a67e|e2e3147401bf,Nahim|Sebastian|Nicolas,2|3|1,8.402|5.382|2.357,108,0,104
1790906272090239872,Nahim,f3d88ad9019a,0.065,2,f2e88ad6a67e|e2e3147401bf,Sebastian|Nicolas,3|1,5.582|2.557,108,0,105
1790906272290222016,Nahim,f3d88ad9019a,0.265,2,f2e88ad6a67e|e2e3147401bf,Sebastian|Nicolas,3|1,5.781|2.757,108,0,105
1790906272490752928,Nahim,f3d88ad9019a,0.465,2,f2e88ad6a67e|e2e3147401bf,Sebastian|Nicolas,3|1,5.982|2.957,108,0,105
1790906272689977056,Nahim,f3d88ad9019a,0.664,3,f2e88ad6a67e|e2e3147401bf|9eb142b888bd,Sebastian|Nicolas|Vania,3|1|4,6.181|3.157|0.141,109,0,105
1790906272890807680,Nahim,f3d88ad9019a,0.865,3,f2e88ad6a67e|e2e3147401bf|9eb142b888bd,Sebastian|Nicolas|Vania,3|1|4,6.382|3.357|0.342,109,0,105
1790906273089718176,Nahim,f3d88ad9019a,1.064,3,f2e88ad6a67e|e2e3147401bf|9eb142b888bd,Sebastian|Nicolas|Vania,3|1|4,6.581|3.557|0.541,109,0,105
1790906273290020896,Nahim,f3d88ad9019a,1.264,3,f2e88ad6a67e|e2e3147401bf|9eb142b888bd,Sebastian|Nicolas|Vania,3|1|4,6.781|3.757|0.741,109,0,105
1790906273490341856,Nahim,f3d88ad9019a,1.465,3,f2e88ad6a67e|e2e3147401bf|9eb142b888bd,Sebastian|Nicolas|Vania,3|1|4,6.982|3.957|0.942,109,0,105
1790906273690411104,Nahim,f3d88ad9019a,1.665,3,f2e88ad6a67e|e2e3147401bf|9eb142b888bd,Sebastian|Nicolas|Vania,3|1|4,7.182|4.157|1.142,109,0,105
1790906273890191584,Nahim,f3d88ad9019a,1.865,3,f2e88ad6a67e|e2e3147401bf|9eb142b888bd,Sebastian|Nicolas|Vania,3|1|4,7.381|4.357|1.342,109,0,105
1790906274090619360,Nahim,f3d88ad9019a,2.065,3,f2e88ad6a67e|e2e3147401bf|9eb142b888bd,Sebastian|Nicolas|Vania,3|1|4,7.582|4.557|1.542,109,0,105
1790906274290306624,Nahim,f3d88ad9019a,2.265,3,f2e88ad6a67e|e2e3147401bf|9eb142b888bd,Sebastian|Nicolas|Vania,3|1|4,7.782|4.757|1.742,109,0,105
1790906274490232224,Nahim,f3d88ad9019a,2.465,3,f2e88ad6a67e|e2e3147401bf|9eb142b888bd,Sebastian|Nicolas|Vania,3|1|4,7.982|4.957|1.942,109,0,105
1790906274690373312,Nahim,f3d88ad9019a,2.665,3,f2e88ad6a67e|e2e3147401bf|9eb142b888bd,Sebastian|Nicolas|Vania,3|1|4,8.182|5.157|2.142,109,0,105
1790906274889999040,Nahim,f3d88ad9019a,2.864,3,f2e88ad6a67e|e2e3147401bf|9eb142b888bd,Sebastian|Nicolas|Vania,3|1|4,8.381|5.357|2.341,109,0,105
1790906275090137984,Sebastian,f2e88ad6a67e,0.040,2,e2e3147401bf|9eb142b888bd,Nicolas|Vania,1|4,5.557|2.542,109,0,106
1790906275290119360,Sebastian,f2e88ad6a67e,0.240,2,e2e3147401bf|9eb142b888bd,Nicolas|Vania,1|4,5.757|2.742,109,0,106
1790906275490897920,Sebastian,f2e88ad6a67e,0.441,2,e2e3147401bf|9eb142b888bd,Nicolas|Vania,1|4,5.957|2.942,109,0,106
1790906275690009280,Sebastian,f2e88ad6a67e,0.640,3,e2e3147401bf|9eb142b888bd|aced98f35980,Nicolas|Vania|Nahim,1|4|2,6.157|3.141|0.115,110,0,106
1790906275890294176,Sebastian,f2e88ad6a67e,0.840,3,e2e3147401bf|9eb142b888bd|aced98f35980,Nicolas|Vania|Nahim,1|4|2,6.357|3.342|0.315,110,0,106
1790906276090407808,Sebastian,f2e88ad6a67e,1.040,3,e2e3147401bf|9eb142b888bd|aced98f35980,Nicolas|Vania|Nahim,1|4|2,6.557|3.542|0.515,110,0,106
1790906276290632320,Sebastian,f2e88ad6a67e,1.241,3,e2e3147401bf|9eb142b888bd|aced98f35980,Nicolas|Vania|Nahim,1|4|2,6.757|3.742|0.716,110,0,106
1790906276490411104,Sebastian,f2e88ad6a67e,1.440,3,e2e3147401bf|9eb142b888bd|aced98f35980,Nicolas|Vania|Nahim,1|4|2,6.957|3.942|0.915,110,0,106
1790906276690470848,Sebastian,f2e88ad6a67e,1.640,3,e2e3147401bf|9eb142b888bd|aced98f35980,Nicolas|Vania|Nahim,1|4|2,7.157|4.142|1.115,110,0,106
1790906276890745088,Sebastian,f2e88ad6a67e,1.841,3,e2e3147401bf|9eb142b888bd|aced98f35980,Nicolas|Vania|Nahim,1|4|2,7.358|4.342|1.316,110,0,106
1790906277090109344,Sebastian,f2e88ad6a67e,2.040,3,e2e3147401bf|9eb142b888bd|aced98f35980,Nicolas|Vania|Nahim,1|4|2,7.557|4.541|1.515,110,0,106
1790906277290369856,Sebastian,f2e88ad6a67e,2.240,3,e2e3147401bf|9eb142b888bd|aced98f35980,Nicolas|Vania|Nahim,1|4|2,7.757|4.742|1.715,110,0,106
1790906277490211264,Sebastian,f2e88ad6a67e,2.440,3,e2e3147401bf|9eb142b888bd|aced98f35980,Nicolas|Vania|Nahim,1|4|2,7.957|4.942|1.915,110,0,106
1790906277690274144,Sebastian,f2e88ad6a67e,2.640,3,e2e3147401bf|9eb142b888bd|aced98f35980,Nicolas|Vania|Nahim,1|4|2,8.157|5.142|2.115,110,0,106
1790906277890525952,Sebastian,f2e88ad6a67e,2.841,3,e2e3147401bf|9eb142b888bd|aced98f35980,Nicolas|Vania|Nahim,1|4|2,8.357|5.342|2.316,110,0,106
1790906278090168704,Nicolas,e2e3147401bf,0.021,2,9eb142b888bd|aced98f35980,Vania|Nahim,4|2,5.542|2.515,110,0,107
1790906278290311456,Nicolas,e2e3147401bf,0.221,2,9eb142b888bd|aced98f35980,Vania|Nahim,4|2,5.742|2.715,110,0,107
1790906278490275680,Nicolas,e2e3147401bf,0.421,2,9eb142b888bd|aced98f35980,Vania|Nahim,4|2,5.942|2.915,110,0,107
1790906278690117376,Nicolas,e2e3147401bf,0.621,3,9eb142b888bd|aced98f35980|c5db733e864a,Vania|Nahim|Sebastian,4|2|3,6.142|3.115|0.091,111,0,107
1790906278890301248,Nicolas,e2e3147401bf,0.821,3,9eb142b888bd|aced98f35980|c5db733e864a,Vania|Nahim|Sebastian,4|2|3,6.342|3.315|0.291,111,0,107
1790906279090295200,Nicolas,e2e3147401bf,1.021,3,9eb142b888bd|aced98f35980|c5db733e864a,Vania|Nahim|Sebastian,4|2|3,6.542|3.515|0.491,111,0,107
1790906279290085184,Nicolas,e2e3147401bf,1.221,3,9eb142b888bd|aced98f35980|c5db733e864a,Vania|Nahim|Sebastian,4|2|3,6.741|3.715|0.691,111,0,107
1790906279490291808,Nicolas,e2e3147401bf,1.421,3,9eb142b888bd|aced98f35980|c5db733e864a,Vania|Nahim|Sebastian,4|2|3,6.942|3.915|0.891,111,0,107
1790906279690276224,Nicolas,e2e3147401bf,1.621,3,9eb142b888bd|aced98f35980|c5db733e864a,Vania|Nahim|Sebastian,4|2|3,7.142|4.115|1.091,111,0,107
1790906279890035392,Nicolas,e2e3147401bf,1.821,3,9eb142b888bd|aced98f35980|c5db733e864a,Vania|Nahim|Sebastian,4|2|3,7.341|4.315|1.291,111,0,107
1790906280090456544,Nicolas,e2e3147401bf,2.021,3,9eb142b888bd|aced98f35980|c5db733e864a,Vania|Nahim|Sebastian,4|2|3,7.542|4.515|1.491,111,0,107
1790906280290483040,Nicolas,e2e3147401bf,2.221,3,9eb142b888bd|aced98f35980|c5db733e864a,Vania|Nahim|Sebastian,4|2|3,7.742|4.715|1.692,111,0,107
1790906280490068736,Nicolas,e2e3147401bf,2.421,3,9eb142b888bd|aced98f35980|c5db733e864a,Vania|Nahim|Sebastian,4|2|3,7.941|4.915|1.891,111,0,107
1790906280690407296,Nicolas,e2e3147401bf,2.621,3,9eb142b888bd|aced98f35980|c5db733e864a,Vania|Nahim|Sebastian,4|2|3,8.142|5.115|2.091,111,0,107
1790906280890412704,Nicolas,e2e3147401bf,2.821,3,9eb142b888bd|aced98f35980|c5db733e864a,Vania|Nahim|Sebastian,4|2|3,8.342|5.315|2.291,111,0,107
1790906281092995936,Vania,9eb142b888bd,0.004,2,aced98f35980|c5db733e864a,Nahim|Sebastian,2|3,5.518|2.494,111,0,108
1790906281290420192,Vania,9eb142b888bd,0.202,2,aced98f35980|c5db733e864a,Nahim|Sebastian,2|3,5.715|2.691,111,0,108
1790906281490032192,Vania,9eb142b888bd,0.401,2,aced98f35980|c5db733e864a,Nahim|Sebastian,2|3,5.915|2.891,111,0,108
1790906281690339200,Vania,9eb142b888bd,0.602,3,aced98f35980|c5db733e864a|7d210af5c909,Nahim|Sebastian|Nicolas,2|3|1,6.115|3.091|0.081,112,0,108
1790906281890664384,Vania,9eb142b888bd,0.802,3,aced98f35980|c5db733e864a|7d210af5c909,Nahim|Sebastian|Nicolas,2|3|1,6.316|3.292|0.281,112,0,108
1790906282090290528,Vania,9eb142b888bd,1.002,3,aced98f35980|c5db733e864a|7d210af5c909,Nahim|Sebastian|Nicolas,2|3|1,6.515|3.491|0.481,112,0,108
1790906282290374880,Vania,9eb142b888bd,1.202,3,aced98f35980|c5db733e864a|7d210af5c909,Nahim|Sebastian|Nicolas,2|3|1,6.715|3.691|0.681,112,0,108
1790906282490405408,Vania,9eb142b888bd,1.402,3,aced98f35980|c5db733e864a|7d210af5c909,Nahim|Sebastian|Nicolas,2|3|1,6.915|3.891|0.881,112,0,108
1790906282689923968,Vania,9eb142b888bd,1.601,3,aced98f35980|c5db733e864a|7d210af5c909,Nahim|Sebastian|Nicolas,2|3|1,7.115|4.091|1.080,112,0,108
1790906282890359232,Vania,9eb142b888bd,1.802,3,aced98f35980|c5db733e864a|7d210af5c909,Nahim|Sebastian|Nicolas,2|3|1,7.315|4.291|1.281,112,0,108
1790906283090396960,Vania,9eb142b888bd,2.002,3,aced98f35980|c5db733e864a|7d210af5c909,Nahim|Sebastian|Nicolas,2|3|1,7.515|4.491|1.481,112,0,108
1790906283290315584,Vania,9eb142b888bd,2.202,3,aced98f35980|c5db733e864a|7d210af5c909,Nahim|Sebastian|Nicolas,2|3|1,7.715|4.691|1.681,112,0,108
1790906283490410432,Vania,9eb142b888bd,2.402,3,aced98f35980|c5db733e864a|7d210af5c909,Nahim|Sebastian|Nicolas,2|3|1,7.915|4.891|1.881,112,0,108
1790906283690314016,Vania,9eb142b888bd,2.602,3,aced98f35980|c5db733e864a|7d210af5c909,Nahim|Sebastian|Nicolas,2|3|1,8.115|5.091|2.081,112,0,108
1790906283890480000,Vania,9eb142b888bd,2.802,3,aced98f35980|c5db733e864a|7d210af5c909,Nahim|Sebastian|Nicolas,2|3|1,8.315|5.291|2.281,112,0,108
1790906284089693760,Vania,9eb142b888bd,3.001,3,aced98f35980|c5db733e864a|7d210af5c909,Nahim|Sebastian|Nicolas,2|3|1,8.515|5.491|2.480,112,0,108
1790906284290407776,Nahim,aced98f35980,0.178,2,c5db733e864a|7d210af5c909,Sebastian|Nicolas,3|1,5.691|2.681,112,0,109
1790906284490224256,Nahim,aced98f35980,0.378,2,c5db733e864a|7d210af5c909,Sebastian|Nicolas,3|1,5.891|2.881,112,0,109
1790906284689986336,Nahim,aced98f35980,0.577,3,c5db733e864a|7d210af5c909|8f58203195b1,Sebastian|Nicolas|Vania,3|1|4,6.091|3.080|0.051,113,0,109
1790906284890355648,Nahim,aced98f35980,0.778,3,c5db733e864a|7d210af5c909|8f58203195b1,Sebastian|Nicolas|Vania,3|1|4,6.291|3.281|0.251,113,0,109
1790906285089967968,Nahim,aced98f35980,0.977,3,c5db733e864a|7d210af5c909|8f58203195b1,Sebastian|Nicolas|Vania,3|1|4,6.491|3.480|0.451,113,0,109
1790906285290358752,Nahim,aced98f35980,1.178,3,c5db733e864a|7d210af5c909|8f58203195b1,Sebastian|Nicolas|Vania,3|1|4,6.691|3.681|0.651,113,0,109
1790906285490341440,Nahim,aced98f35980,1.378,3,c5db733e864a|7d210af5c909|8f58203195b1,Sebastian|Nicolas|Vania,3|1|4,6.891|3.881|0.851,113,0,109
1790906285690359616,Nahim,aced98f35980,1.578,3,c5db733e864a|7d210af5c909|8f58203195b1,Sebastian|Nicolas|Vania,3|1|4,7.091|4.081|1.051,113,0,109
1790906285890359296,Nahim,aced98f35980,1.778,3,c5db733e864a|7d210af5c909|8f58203195b1,Sebastian|Nicolas|Vania,3|1|4,7.291|4.281|1.251,113,0,109
1790906286090338656,Nahim,aced98f35980,1.978,3,c5db733e864a|7d210af5c909|8f58203195b1,Sebastian|Nicolas|Vania,3|1|4,7.491|4.481|1.451,113,0,109
1790906286290283392,Nahim,aced98f35980,2.177,3,c5db733e864a|7d210af5c909|8f58203195b1,Sebastian|Nicolas|Vania,3|1|4,7.691|4.680|1.651,113,0,109
1790906286490342560,Nahim,aced98f35980,2.378,3,c5db733e864a|7d210af5c909|8f58203195b1,Sebastian|Nicolas|Vania,3|1|4,7.891|4.881|1.851,113,0,109
1790906286690038112,Nahim,aced98f35980,2.578,3,c5db733e864a|7d210af5c909|8f58203195b1,Sebastian|Nicolas|Vania,3|1|4,8.091|5.081|2.051,113,0,109
1790906286890300224,Nahim,aced98f35980,2.778,3,c5db733e864a|7d210af5c909|8f58203195b1,Sebastian|Nicolas|Vania,3|1|4,8.291|5.281|2.251,113,0,109
1790906287090333472,Nahim,aced98f35980,2.978,3,c5db733e864a|7d210af5c909|8f58203195b1,Sebastian|Nicolas|Vania,3|1|4,8.491|5.481|2.451,113,0,109
1790906287290976576,Sebastian,c5db733e864a,0.160,2,7d210af5c909|8f58203195b1,Nicolas|Vania,1|4,5.681|2.652,113,0,110
1790906287489722432,Sebastian,c5db733e864a,0.359,2,7d210af5c909|8f58203195b1,Nicolas|Vania,1|4,5.880|2.851,113,0,110
1790906287690055648,Sebastian,c5db733e864a,0.559,3,7d210af5c909|8f58203195b1|e12ff446a24b,Nicolas|Vania|Nahim,1|4|2,6.080|3.051|0.031,114,0,110
1790906287890333920,Sebastian,c5db733e864a,0.759,3,7d210af5c909|8f58203195b1|e12ff446a24b,Nicolas|Vania|Nahim,1|4|2,6.281|3.251|0.231,114,0,110
1790906288089878336,Sebastian,c5db733e864a,0.959,3,7d210af5c909|8f58203195b1|e12ff446a24b,Nicolas|Vania|Nahim,1|4|2,6.480|3.451|0.431,114,0,110
1790906288290322784,Sebastian,c5db733e864a,1.159,3,7d210af5c909|8f58203195b1|e12ff446a24b,Nicolas|Vania|Nahim,1|4|2,6.681|3.651|0.631,114,0,110
1790906288489915904,Sebastian,c5db733e864a,1.359,3,7d210af5c909|8f58203195b1|e12ff446a24b,Nicolas|Vania|Nahim,1|4|2,6.880|3.851|0.831,114,0,110
1790906288689909280,Sebastian,c5db733e864a,1.559,3,7d210af5c909|8f58203195b1|e12ff446a24b,Nicolas|Vania|Nahim,1|4|2,7.080|4.051|1.031,114,0,110
1790906288889822400,Sebastian,c5db733e864a,1.759,3,7d210af5c909|8f58203195b1|e12ff446a24b,Nicolas|Vania|Nahim,1|4|2,7.280|4.251|1.231,114,0,110
1790906289090408672,Sebastian,c5db733e864a,1.959,3,7d210af5c909|8f58203195b1|e12ff446a24b,Nicolas|Vania|Nahim,1|4|2,7.481|4.451|1.431,114,0,110
1790906289290408448,Sebastian,c5db733e864a,2.159,3,7d210af5c909|8f58203195b1|e12ff446a24b,Nicolas|Vania|Nahim,1|4|2,7.681|4.651|1.631,114,0,110
1790906289490368992,Sebastian,c5db733e864a,2.359,3,7d210af5c909|8f58203195b1|e12ff446a24b,Nicolas|Vania|Nahim,1|4|2,7.881|4.851|1.831,114,0,110
1790906289690307072,Sebastian,c5db733e864a,2.559,3,7d210af5c909|8f58203195b1|e12ff446a24b,Nicolas|Vania|Nahim,1|4|2,8.081|5.051|2.031,114,0,110
1790906289890336096,Sebastian,c5db733e864a,2.759,3,7d210af5c909|8f58203195b1|e12ff446a24b,Nicolas|Vania|Nahim,1|4|2,8.281|5.251|2.231,114,0,110
1790906290090457216,Sebastian,c5db733e864a,2.959,3,7d210af5c909|8f58203195b1|e12ff446a24b,Nicolas|Vania|Nahim,1|4|2,8.481|5.451|2.431,114,0,110
1790906290290353888,Nicolas,7d210af5c909,0.139,2,8f58203195b1|e12ff446a24b,Vania|Nahim,4|2,5.651|2.631,114,0,111
1790906290490333344,Nicolas,7d210af5c909,0.339,2,8f58203195b1|e12ff446a24b,Vania|Nahim,4|2,5.851|2.831,114,0,111
1790906290690022048,Nicolas,7d210af5c909,0.539,3,8f58203195b1|e12ff446a24b|06ff7ee082a8,Vania|Nahim|Sebastian,4|2|3,6.051|3.031|0.011,115,0,111
1790906290890443168,Nicolas,7d210af5c909,0.739,3,8f58203195b1|e12ff446a24b|06ff7ee082a8,Vania|Nahim|Sebastian,4|2|3,6.251|3.231|0.211,115,0,111
1790906291090108480,Nicolas,7d210af5c909,0.939,3,8f58203195b1|e12ff446a24b|06ff7ee082a8,Vania|Nahim|Sebastian,4|2|3,6.451|3.431|0.411,115,0,111
1790906291290320896,Nicolas,7d210af5c909,1.139,3,8f58203195b1|e12ff446a24b|06ff7ee082a8,Vania|Nahim|Sebastian,4|2|3,6.651|3.631|0.611,115,0,111
1790906291490319168,Nicolas,7d210af5c909,1.339,3,8f58203195b1|e12ff446a24b|06ff7ee082a8,Vania|Nahim|Sebastian,4|2|3,6.851|3.831|0.811,115,0,111
1790906291690398496,Nicolas,7d210af5c909,1.539,3,8f58203195b1|e12ff446a24b|06ff7ee082a8,Vania|Nahim|Sebastian,4|2|3,7.051|4.031|1.011,115,0,111
1790906291890365280,Nicolas,7d210af5c909,1.739,3,8f58203195b1|e12ff446a24b|06ff7ee082a8,Vania|Nahim|Sebastian,4|2|3,7.251|4.231|1.211,115,0,111
1790906292090042432,Nicolas,7d210af5c909,1.939,3,8f58203195b1|e12ff446a24b|06ff7ee082a8,Vania|Nahim|Sebastian,4|2|3,7.451|4.431|1.411,115,0,111
1790906292289953440,Nicolas,7d210af5c909,2.139,3,8f58203195b1|e12ff446a24b|06ff7ee082a8,Vania|Nahim|Sebastian,4|2|3,7.651|4.631|1.610,115,0,111
1790906292490074464,Nicolas,7d210af5c909,2.339,3,8f58203195b1|e12ff446a24b|06ff7ee082a8,Vania|Nahim|Sebastian,4|2|3,7.851|4.831|1.811,115,0,111
1790906292690296064,Nicolas,7d210af5c909,2.539,3,8f58203195b1|e12ff446a24b|06ff7ee082a8,Vania|Nahim|Sebastian,4|2|3,8.051|5.031|2.011,115,0,111
1790906292890193344,Nicolas,7d210af5c909,2.739,3,8f58203195b1|e12ff446a24b|06ff7ee082a8,Vania|Nahim|Sebastian,4|2|3,8.251|5.231|2.211,115,0,111
1790906293090575264,Nicolas,7d210af5c909,2.939,3,8f58203195b1|e12ff446a24b|06ff7ee082a8,Vania|Nahim|Sebastian,4|2|3,8.451|5.431|2.411,115,0,111
1790906293290427680,Vania,8f58203195b1,0.119,2,e12ff446a24b|06ff7ee082a8,Nahim|Sebastian,2|3,5.631|2.611,115,0,112
1790906293489877312,Vania,8f58203195b1,0.319,2,e12ff446a24b|06ff7ee082a8,Nahim|Sebastian,2|3,5.831|2.810,115,0,112
1790906293690397472,Vania,8f58203195b1,0.519,2,e12ff446a24b|06ff7ee082a8,Nahim|Sebastian,2|3,6.031|3.011,115,0,112
1790906293890349728,Vania,8f58203195b1,0.719,3,e12ff446a24b|06ff7ee082a8|a777119b99d6,Nahim|Sebastian|Nicolas,2|3|1,6.231|3.211|0.192,116,0,112
1790906294090101568,Vania,8f58203195b1,0.919,3,e12ff446a24b|06ff7ee082a8|a777119b99d6,Nahim|Sebastian|Nicolas,2|3|1,6.431|3.411|0.392,116,0,112
1790906294290297888,Vania,8f58203195b1,1.119,3,e12ff446a24b|06ff7ee082a8|a777119b99d6,Nahim|Sebastian|Nicolas,2|3|1,6.631|3.611|0.592,116,0,112
1790906294490259360,Vania,8f58203195b1,1.319,3,e12ff446a24b|06ff7ee082a8|a777119b99d6,Nahim|Sebastian|Nicolas,2|3|1,6.831|3.811|0.792,116,0,112
1790906294689959616,Vania,8f58203195b1,1.519,3,e12ff446a24b|06ff7ee082a8|a777119b99d6,Nahim|Sebastian|Nicolas,2|3|1,7.031|4.010|0.992,116,0,112
1790906294890335264,Vania,8f58203195b1,1.719,3,e12ff446a24b|06ff7ee082a8|a777119b99d6,Nahim|Sebastian|Nicolas,2|3|1,7.231|4.211|1.192,116,0,112
1790906295090488640,Vania,8f58203195b1,1.919,3,e12ff446a24b|06ff7ee082a8|a777119b99d6,Nahim|Sebastian|Nicolas,2|3|1,7.432|4.411|1.392,116,0,112
1790906295290611424,Vania,8f58203195b1,2.120,3,e12ff446a24b|06ff7ee082a8|a777119b99d6,Nahim|Sebastian|Nicolas,2|3|1,7.632|4.611|1.592,116,0,112
1790906295490379744,Vania,8f58203195b1,2.319,3,e12ff446a24b|06ff7ee082a8|a777119b99d6,Nahim|Sebastian|Nicolas,2|3|1,7.831|4.811|1.792,116,0,112
1790906295690415424,Vania,8f58203195b1,2.519,3,e12ff446a24b|06ff7ee082a8|a777119b99d6,Nahim|Sebastian|Nicolas,2|3|1,8.031|5.011|1.992,116,0,112
1790906295891104672,Vania,8f58203195b1,2.720,3,e12ff446a24b|06ff7ee082a8|a777119b99d6,Nahim|Sebastian|Nicolas,2|3|1,8.232|5.212|2.193,116,0,112
1790906296090377408,Vania,8f58203195b1,2.919,3,e12ff446a24b|06ff7ee082a8|a777119b99d6,Nahim|Sebastian|Nicolas,2|3|1,8.431|5.411|2.392,116,0,112
1790906296290336992,Nahim,e12ff446a24b,0.099,2,06ff7ee082a8|a777119b99d6,Sebastian|Nicolas,3|1,5.611|2.592,116,0,113
1790906296490008864,Nahim,e12ff446a24b,0.298,2,06ff7ee082a8|a777119b99d6,Sebastian|Nicolas,3|1,5.811|2.792,116,0,113
1790906296690383296,Nahim,e12ff446a24b,0.499,2,06ff7ee082a8|a777119b99d6,Sebastian|Nicolas,3|1,6.011|2.992,116,0,113
1790906296890739616,Nahim,e12ff446a24b,0.699,3,06ff7ee082a8|a777119b99d6|bb3063817b82,Sebastian|Nicolas|Vania,3|1|4,6.211|3.192|0.169,117,0,113
1790906297090374176,Nahim,e12ff446a24b,0.899,3,06ff7ee082a8|a777119b99d6|bb3063817b82,Sebastian|Nicolas|Vania,3|1|4,6.411|3.392|0.369,117,0,113
1790906297290138720,Nahim,e12ff446a24b,1.099,3,06ff7ee082a8|a777119b99d6|bb3063817b82,Sebastian|Nicolas|Vania,3|1|4,6.611|3.592|0.569,117,0,113
1790906297490272256,Nahim,e12ff446a24b,1.299,3,06ff7ee082a8|a777119b99d6|bb3063817b82,Sebastian|Nicolas|Vania,3|1|4,6.811|3.792|0.769,117,0,113
1790906297690471008,Nahim,e12ff446a24b,1.499,3,06ff7ee082a8|a777119b99d6|bb3063817b82,Sebastian|Nicolas|Vania,3|1|4,7.011|3.992|0.969,117,0,113
1790906297890421024,Nahim,e12ff446a24b,1.699,3,06ff7ee082a8|a777119b99d6|bb3063817b82,Sebastian|Nicolas|Vania,3|1|4,7.211|4.192|1.169,117,0,113
1790906298090280928,Nahim,e12ff446a24b,1.899,3,06ff7ee082a8|a777119b99d6|bb3063817b82,Sebastian|Nicolas|Vania,3|1|4,7.411|4.392|1.369,117,0,113
1790906298290383904,Nahim,e12ff446a24b,2.099,3,06ff7ee082a8|a777119b99d6|bb3063817b82,Sebastian|Nicolas|Vania,3|1|4,7.611|4.592|1.569,117,0,113
1790906298490184032,Nahim,e12ff446a24b,2.298,3,06ff7ee082a8|a777119b99d6|bb3063817b82,Sebastian|Nicolas|Vania,3|1|4,7.811|4.792|1.769,117,0,113
1790906298690411904,Nahim,e12ff446a24b,2.499,3,06ff7ee082a8|a777119b99d6|bb3063817b82,Sebastian|Nicolas|Vania,3|1|4,8.011|4.992|1.969,117,0,113
1790906298890280192,Nahim,e12ff446a24b,2.699,3,06ff7ee082a8|a777119b99d6|bb3063817b82,Sebastian|Nicolas|Vania,3|1|4,8.211|5.192|2.169,117,0,113
1790906299090217664,Nahim,e12ff446a24b,2.898,3,06ff7ee082a8|a777119b99d6|bb3063817b82,Sebastian|Nicolas|Vania,3|1|4,8.411|5.392|2.369,117,0,113
1790906299290337984,Sebastian,06ff7ee082a8,0.080,2,a777119b99d6|bb3063817b82,Nicolas|Vania,1|4,5.592|2.569,117,0,114
1790906299490331264,Sebastian,06ff7ee082a8,0.280,2,a777119b99d6|bb3063817b82,Nicolas|Vania,1|4,5.792|2.769,117,0,114
1790906299690432928,Sebastian,06ff7ee082a8,0.481,2,a777119b99d6|bb3063817b82,Nicolas|Vania,1|4,5.992|2.969,117,0,114
1790906299890463104,Sebastian,06ff7ee082a8,0.681,3,a777119b99d6|bb3063817b82|7430877a1327,Nicolas|Vania|Nahim,1|4|2,6.192|3.169|0.162,118,0,114
1790906300090322176,Sebastian,06ff7ee082a8,0.880,3,a777119b99d6|bb3063817b82|7430877a1327,Nicolas|Vania|Nahim,1|4|2,6.392|3.369|0.362,118,0,114
1790906300290501856,Sebastian,06ff7ee082a8,1.081,3,a777119b99d6|bb3063817b82|7430877a1327,Nicolas|Vania|Nahim,1|4|2,6.592|3.569|0.562,118,0,114
1790906300490453664,Sebastian,06ff7ee082a8,1.281,3,a777119b99d6|bb3063817b82|7430877a1327,Nicolas|Vania|Nahim,1|4|2,6.792|3.769|0.762,118,0,114
1790906300690450048,Sebastian,06ff7ee082a8,1.481,3,a777119b99d6|bb3063817b82|7430877a1327,Nicolas|Vania|Nahim,1|4|2,6.992|3.969|0.962,118,0,114
1790906300890325504,Sebastian,06ff7ee082a8,1.680,3,a777119b99d6|bb3063817b82|7430877a1327,Nicolas|Vania|Nahim,1|4|2,7.192|4.169|1.162,118,0,114
1790906301090406560,Sebastian,06ff7ee082a8,1.880,3,a777119b99d6|bb3063817b82|7430877a1327,Nicolas|Vania|Nahim,1|4|2,7.392|4.369|1.362,118,0,114
1790906301290161952,Sebastian,06ff7ee082a8,2.080,3,a777119b99d6|bb3063817b82|7430877a1327,Nicolas|Vania|Nahim,1|4|2,7.592|4.569|1.561,118,0,114
1790906301490257440,Sebastian,06ff7ee082a8,2.280,3,a777119b99d6|bb3063817b82|7430877a1327,Nicolas|Vania|Nahim,1|4|2,7.792|4.769|1.761,118,0,114
1790906301690023296,Sebastian,06ff7ee082a8,2.480,3,a777119b99d6|bb3063817b82|7430877a1327,Nicolas|Vania|Nahim,1|4|2,7.991|4.968|1.961,118,0,114
1790906301890345024,Sebastian,06ff7ee082a8,2.680,3,a777119b99d6|bb3063817b82|7430877a1327,Nicolas|Vania|Nahim,1|4|2,8.192|5.169|2.162,118,0,114
1790906302090157472,Sebastian,06ff7ee082a8,2.880,3,a777119b99d6|bb3063817b82|7430877a1327,Nicolas|Vania|Nahim,1|4|2,8.392|5.369|2.361,118,0,114
1790906302290263456,Nicolas,a777119b99d6,0.061,2,bb3063817b82|7430877a1327,Vania|Nahim,4|2,5.569|2.561,118,0,115
1790906302490395840,Nicolas,a777119b99d6,0.261,2,bb3063817b82|7430877a1327,Vania|Nahim,4|2,5.769|2.761,118,0,115
1790906302690329696,Nicolas,a777119b99d6,0.461,2,bb3063817b82|7430877a1327,Vania|Nahim,4|2,5.969|2.962,118,0,115
1790906302890376352,Nicolas,a777119b99d6,0.661,3,bb3063817b82|7430877a1327|e526ae0989be,Vania|Nahim|Sebastian,4|2|3,6.169|3.162|0.132,119,0,115
1790906303090336672,Nicolas,a777119b99d6,0.861,3,bb3063817b82|7430877a1327|e526ae0989be,Vania|Nahim|Sebastian,4|2|3,6.369|3.362|0.332,119,0,115
1790906303290268064,Nicolas,a777119b99d6,1.061,3,bb3063817b82|7430877a1327|e526ae0989be,Vania|Nahim|Sebastian,4|2|3,6.569|3.561|0.532,119,0,115
1790906303490220896,Nicolas,a777119b99d6,1.261,3,bb3063817b82|7430877a1327|e526ae0989be,Vania|Nahim|Sebastian,4|2|3,6.769|3.761|0.732,119,0,115
1790906303690237376,Nicolas,a777119b99d6,1.461,3,bb3063817b82|7430877a1327|e526ae0989be,Vania|Nahim|Sebastian,4|2|3,6.969|3.961|0.932,119,0,115
1790906303890345376,Nicolas,a777119b99d6,1.661,3,bb3063817b82|7430877a1327|e526ae0989be,Vania|Nahim|Sebastian,4|2|3,7.169|4.162|1.132,119,0,115
1790906304090129152,Nicolas,a777119b99d6,1.861,3,bb3063817b82|7430877a1327|e526ae0989be,Vania|Nahim|Sebastian,4|2|3,7.369|4.361|1.332,119,0,115
1790906304290052864,Nicolas,a777119b99d6,2.061,3,bb3063817b82|7430877a1327|e526ae0989be,Vania|Nahim|Sebastian,4|2|3,7.569|4.561|1.532,119,0,115
1790906304490421600,Nicolas,a777119b99d6,2.261,3,bb3063817b82|7430877a1327|e526ae0989be,Vania|Nahim|Sebastian,4|2|3,7.769|4.762|1.732,119,0,115
1790906304690334912,Nicolas,a777119b99d6,2.461,3,bb3063817b82|7430877a1327|e526ae0989be,Vania|Nahim|Sebastian,4|2|3,7.969|4.962|1.932,119,0,115
1790906304890284832,Nicolas,a777119b99d6,2.661,3,bb3063817b82|7430877a1327|e526ae0989be,Vania|Nahim|Sebastian,4|2|3,8.169|5.161|2.132,119,0,115
1790906305090426720,Nicolas,a777119b99d6,2.861,3,bb3063817b82|7430877a1327|e526ae0989be,Vania|Nahim|Sebastian,4|2|3,8.369|5.362|2.332,119,0,115
1790906305290407584,Vania,bb3063817b82,0.042,2,7430877a1327|e526ae0989be,Nahim|Sebastian,2|3,5.562|2.532,119,0,116
1790906305490439168,Vania,bb3063817b82,0.242,2,7430877a1327|e526ae0989be,Nahim|Sebastian,2|3,5.762|2.732,119,0,116
1790906305690239904,Vania,bb3063817b82,0.442,2,7430877a1327|e526ae0989be,Nahim|Sebastian,2|3,5.961|2.932,119,0,116
1790906305890214496,Vania,bb3063817b82,0.642,3,7430877a1327|e526ae0989be|0a3d2fecafb1,Nahim|Sebastian|Nicolas,2|3|1,6.161|3.132|0.104,120,0,116
1790906306090083200,Vania,bb3063817b82,0.842,3,7430877a1327|e526ae0989be|0a3d2fecafb1,Nahim|Sebastian|Nicolas,2|3|1,6.361|3.332|0.304,120,0,116
1790906306290425952,Vania,bb3063817b82,1.042,3,7430877a1327|e526ae0989be|0a3d2fecafb1,Nahim|Sebastian|Nicolas,2|3|1,6.562|3.532|0.504,120,0,116
1790906306489931648,Vania,bb3063817b82,1.242,3,7430877a1327|e526ae0989be|0a3d2fecafb1,Nahim|Sebastian|Nicolas,2|3|1,6.761|3.732|0.704,120,0,116
1790906306690437536,Vania,bb3063817b82,1.442,3,7430877a1327|e526ae0989be|0a3d2fecafb1,Nahim|Sebastian|Nicolas,2|3|1,6.962|3.932|0.904,120,0,116
1790906306890353120,Vania,bb3063817b82,1.642,3,7430877a1327|e526ae0989be|0a3d2fecafb1,Nahim|Sebastian|Nicolas,2|3|1,7.162|4.132|1.104,120,0,116
1790906307090223264,Vania,bb3063817b82,1.842,3,7430877a1327|e526ae0989be|0a3d2fecafb1,Nahim|Sebastian|Nicolas,2|3|1,7.361|4.332|1.304,120,0,116
1790906307290472064,Vania,bb3063817b82,2.042,3,7430877a1327|e526ae0989be|0a3d2fecafb1,Nahim|Sebastian|Nicolas,2|3|1,7.562|4.532|1.504,120,0,116
1790906307490366656,Vania,bb3063817b82,2.242,3,7430877a1327|e526ae0989be|0a3d2fecafb1,Nahim|Sebastian|Nicolas,2|3|1,7.762|4.732|1.704,120,0,116
1790906307689856096,Vania,bb3063817b82,2.441,3,7430877a1327|e526ae0989be|0a3d2fecafb1,Nahim|Sebastian|Nicolas,2|3|1,7.961|4.932|1.903,120,0,116
1790906307890389792,Vania,bb3063817b82,2.642,3,7430877a1327|e526ae0989be|0a3d2fecafb1,Nahim|Sebastian|Nicolas,2|3|1,8.162|5.132|2.104,120,0,116
1790906308090422528,Vania,bb3063817b82,2.842,3,7430877a1327|e526ae0989be|0a3d2fecafb1,Nahim|Sebastian|Nicolas,2|3|1,8.362|5.332|2.304,120,0,116
1790906308289596992,Nahim,7430877a1327,0.020,2,e526ae0989be|0a3d2fecafb1,Sebastian|Nicolas,3|1,5.532|2.503,120,0,117
1790906308490304256,Nahim,7430877a1327,0.221,2,e526ae0989be|0a3d2fecafb1,Sebastian|Nicolas,3|1,5.732|2.704,120,0,117
1790906308690495072,Nahim,7430877a1327,0.421,2,e526ae0989be|0a3d2fecafb1,Sebastian|Nicolas,3|1,5.932|2.904,120,0,117
1790906308889534240,Nahim,7430877a1327,0.620,3,e526ae0989be|0a3d2fecafb1|9e5b131eab48,Sebastian|Nicolas|Vania,3|1|4,6.131|3.103|0.089,121,0,117
1790906309089971104,Nahim,7430877a1327,0.821,3,e526ae0989be|0a3d2fecafb1|9e5b131eab48,Sebastian|Nicolas|Vania,3|1|4,6.332|3.304|0.290,121,0,117
1790906309290447584,Nahim,7430877a1327,1.021,3,e526ae0989be|0a3d2fecafb1|9e5b131eab48,Sebastian|Nicolas|Vania,3|1|4,6.532|3.504|0.490,121,0,117
1790906309490335840,Nahim,7430877a1327,1.221,3,e526ae0989be|0a3d2fecafb1|9e5b131eab48,Sebastian|Nicolas|Vania,3|1|4,6.732|3.704|0.690,121,0,117
1790906309690421312,Nahim,7430877a1327,1.421,3,e526ae0989be|0a3d2fecafb1|9e5b131eab48,Sebastian|Nicolas|Vania,3|1|4,6.932|3.904|0.890,121,0,117
1790906309890236192,Nahim,7430877a1327,1.621,3,e526ae0989be|0a3d2fecafb1|9e5b131eab48,Sebastian|Nicolas|Vania,3|1|4,7.132|4.104|1.090,121,0,117
1790906310089638272,Nahim,7430877a1327,1.820,3,e526ae0989be|0a3d2fecafb1|9e5b131eab48,Sebastian|Nicolas|Vania,3|1|4,7.332|4.303|1.290,121,0,117
1790906310290388448,Nahim,7430877a1327,2.021,3,e526ae0989be|0a3d2fecafb1|9e5b131eab48,Sebastian|Nicolas|Vania,3|1|4,7.532|4.504|1.490,121,0,117
1790906310490195904,Nahim,7430877a1327,2.221,3,e526ae0989be|0a3d2fecafb1|9e5b131eab48,Sebastian|Nicolas|Vania,3|1|4,7.732|4.704|1.690,121,0,117
1790906310690109408,Nahim,7430877a1327,2.421,3,e526ae0989be|0a3d2fecafb1|9e5b131eab48,Sebastian|Nicolas|Vania,3|1|4,7.932|4.904|1.890,121,0,117
1790906310889849024,Nahim,7430877a1327,2.620,3,e526ae0989be|0a3d2fecafb1|9e5b131eab48,Sebastian|Nicolas|Vania,3|1|4,8.132|5.103|2.090,121,0,117
1790906311090310400,Nahim,7430877a1327,2.821,3,e526ae0989be|0a3d2fecafb1|9e5b131eab48,Sebastian|Nicolas|Vania,3|1|4,8.332|5.304|2.290,121,0,117
1790906311289827392,Sebastian,e526ae0989be,0.001,2,0a3d2fecafb1|9e5b131eab48,Nicolas|Vania,1|4,5.504|2.490,121,0,118
1790906311490374112,Sebastian,e526ae0989be,0.202,2,0a3d2fecafb1|9e5b131eab48,Nicolas|Vania,1|4,5.704|2.690,121,0,118
1790906311690298208,Sebastian,e526ae0989be,0.402,2,0a3d2fecafb1|9e5b131eab48,Nicolas|Vania,1|4,5.904|2.890,121,0,118
1790906311889890144,Sebastian,e526ae0989be,0.601,3,0a3d2fecafb1|9e5b131eab48|8a6791ed8ea3,Nicolas|Vania|Nahim,1|4|2,6.103|3.090|0.075,122,1,118
1790906312091074560,Sebastian,e526ae0989be,0.802,3,0a3d2fecafb1|9e5b131eab48|8a6791ed8ea3,Nicolas|Vania|Nahim,1|4|2,6.305|3.291|0.277,122,1,118
1790906312290347296,Sebastian,e526ae0989be,1.002,3,0a3d2fecafb1|9e5b131eab48|8a6791ed8ea3,Nicolas|Vania|Nahim,1|4|2,6.504|3.490|0.476,122,1,118
1790906312489625920,Sebastian,e526ae0989be,1.201,3,0a3d2fecafb1|9e5b131eab48|8a6791ed8ea3,Nicolas|Vania|Nahim,1|4|2,6.703|3.690|0.675,122,1,118
1790906312690325568,Sebastian,e526ae0989be,1.402,3,0a3d2fecafb1|9e5b131eab48|8a6791ed8ea3,Nicolas|Vania|Nahim,1|4|2,6.904|3.890|0.876,122,1,118
1790906312890325216,Sebastian,e526ae0989be,1.602,3,0a3d2fecafb1|9e5b131eab48|8a6791ed8ea3,Nicolas|Vania|Nahim,1|4|2,7.104|4.090|1.076,122,1,118
1790906313090242976,Sebastian,e526ae0989be,1.802,3,0a3d2fecafb1|9e5b131eab48|8a6791ed8ea3,Nicolas|Vania|Nahim,1|4|2,7.304|4.290|1.276,122,1,118
1790906313290330144,Sebastian,e526ae0989be,2.002,3,0a3d2fecafb1|9e5b131eab48|8a6791ed8ea3,Nicolas|Vania|Nahim,1|4|2,7.504|4.490|1.476,122,1,118
1790906313490232288,Sebastian,e526ae0989be,2.202,3,0a3d2fecafb1|9e5b131eab48|8a6791ed8ea3,Nicolas|Vania|Nahim,1|4|2,7.704|4.690|1.676,122,1,118
1790906313690269088,Sebastian,e526ae0989be,2.402,3,0a3d2fecafb1|9e5b131eab48|8a6791ed8ea3,Nicolas|Vania|Nahim,1|4|2,7.904|4.890|1.876,122,1,118
1790906313890326752,Sebastian,e526ae0989be,2.602,3,0a3d2fecafb1|9e5b131eab48|8a6791ed8ea3,Nicolas|Vania|Nahim,1|4|2,8.104|5.090|2.076,122,1,118
1790906314090265696,Sebastian,e526ae0989be,2.802,3,0a3d2fecafb1|9e5b131eab48|8a6791ed8ea3,Nicolas|Vania|Nahim,1|4|2,8.304|5.290|2.276,122,1,118
1790906314290315424,Sebastian,e526ae0989be,3.002,3,0a3d2fecafb1|9e5b131eab48|8a6791ed8ea3,Nicolas|Vania|Nahim,1|4|2,8.504|5.490|2.476,122,1,118
1790906314489876512,Nicolas,0a3d2fecafb1,0.182,2,9e5b131eab48|8a6791ed8ea3,Vania|Nahim,4|2,5.690|2.676,122,1,119
1790906314690332768,Nicolas,0a3d2fecafb1,0.382,2,9e5b131eab48|8a6791ed8ea3,Vania|Nahim,4|2,5.890|2.876,122,1,119
1790906314889836320,Nicolas,0a3d2fecafb1,0.582,3,9e5b131eab48|8a6791ed8ea3|e1065184fc51,Vania|Nahim|Sebastian,4|2|3,6.090|3.075|0.054,123,1,119
1790906315090333344,Nicolas,0a3d2fecafb1,0.782,3,9e5b131eab48|8a6791ed8ea3|e1065184fc51,Vania|Nahim|Sebastian,4|2|3,6.290|3.276|0.254,123,1,119
1790906315290226016,Nicolas,0a3d2fecafb1,0.982,3,9e5b131eab48|8a6791ed8ea3|e1065184fc51,Vania|Nahim|Sebastian,4|2|3,6.490|3.476|0.454,123,1,119
1790906315490286560,Nicolas,0a3d2fecafb1,1.182,3,9e5b131eab48|8a6791ed8ea3|e1065184fc51,Vania|Nahim|Sebastian,4|2|3,6.690|3.676|0.654,123,1,119
1790906315690418496,Nicolas,0a3d2fecafb1,1.382,3,9e5b131eab48|8a6791ed8ea3|e1065184fc51,Vania|Nahim|Sebastian,4|2|3,6.890|3.876|0.854,123,1,119
1790906315890221088,Nicolas,0a3d2fecafb1,1.582,3,9e5b131eab48|8a6791ed8ea3|e1065184fc51,Vania|Nahim|Sebastian,4|2|3,7.090|4.076|1.054,123,1,119
1790906316089883040,Nicolas,0a3d2fecafb1,1.782,3,9e5b131eab48|8a6791ed8ea3|e1065184fc51,Vania|Nahim|Sebastian,4|2|3,7.290|4.276|1.254,123,1,119
1790906316290281568,Nicolas,0a3d2fecafb1,1.982,3,9e5b131eab48|8a6791ed8ea3|e1065184fc51,Vania|Nahim|Sebastian,4|2|3,7.490|4.476|1.454,123,1,119
1790906316490335936,Nicolas,0a3d2fecafb1,2.182,3,9e5b131eab48|8a6791ed8ea3|e1065184fc51,Vania|Nahim|Sebastian,4|2|3,7.690|4.676|1.654,123,1,119
1790906316690400000,Nicolas,0a3d2fecafb1,2.382,3,9e5b131eab48|8a6791ed8ea3|e1065184fc51,Vania|Nahim|Sebastian,4|2|3,7.890|4.876|1.855,123,1,119
1790906316890386208,Nicolas,0a3d2fecafb1,2.582,3,9e5b131eab48|8a6791ed8ea3|e1065184fc51,Vania|Nahim|Sebastian,4|2|3,8.090|5.076|2.054,123,1,119
1790906317089876832,Nicolas,0a3d2fecafb1,2.782,3,9e5b131eab48|8a6791ed8ea3|e1065184fc51,Vania|Nahim|Sebastian,4|2|3,8.290|5.275|2.254,123,1,119
1790906317290152224,Nicolas,0a3d2fecafb1,2.982,3,9e5b131eab48|8a6791ed8ea3|e1065184fc51,Vania|Nahim|Sebastian,4|2|3,8.490|5.476|2.454,123,1,119
1790906317490267488,Vania,9e5b131eab48,0.163,2,8a6791ed8ea3|e1065184fc51,Nahim|Sebastian,2|3,5.676|2.654,123,1,120
1790906317690248288,Vania,9e5b131eab48,0.363,2,8a6791ed8ea3|e1065184fc51,Nahim|Sebastian,2|3,5.876|2.854,123,1,120
1790906317889912768,Vania,9e5b131eab48,0.563,3,8a6791ed8ea3|e1065184fc51|96b7c69234d0,Nahim|Sebastian|Nicolas,2|3|1,6.076|3.054|0.032,124,2,120
1790906318090849856,Vania,9e5b131eab48,0.764,3,8a6791ed8ea3|e1065184fc51|96b7c69234d0,Nahim|Sebastian|Nicolas,2|3|1,6.276|3.255|0.233,124,2,120
1790906318290337856,Vania,9e5b131eab48,0.963,3,8a6791ed8ea3|e1065184fc51|96b7c69234d0,Nahim|Sebastian|Nicolas,2|3|1,6.476|3.454|0.432,124,2,120
1790906318489902720,Vania,9e5b131eab48,1.163,3,8a6791ed8ea3|e1065184fc51|96b7c69234d0,Nahim|Sebastian|Nicolas,2|3|1,6.675|3.654|0.632,124,2,120
1790906318690319968,Vania,9e5b131eab48,1.363,3,8a6791ed8ea3|e1065184fc51|96b7c69234d0,Nahim|Sebastian|Nicolas,2|3|1,6.876|3.854|0.832,124,2,120
1790906318891699072,Vania,9e5b131eab48,1.565,3,8a6791ed8ea3|e1065184fc51|96b7c69234d0,Nahim|Sebastian|Nicolas,2|3|1,7.077|4.056|1.034,124,2,120
1790906319090393152,Vania,9e5b131eab48,1.763,3,8a6791ed8ea3|e1065184fc51|96b7c69234d0,Nahim|Sebastian|Nicolas,2|3|1,7.276|4.254|1.233,124,2,120
1790906319289932128,Vania,9e5b131eab48,1.963,3,8a6791ed8ea3|e1065184fc51|96b7c69234d0,Nahim|Sebastian|Nicolas,2|3|1,7.476|4.454|1.432,124,2,120
1790906319490389280,Vania,9e5b131eab48,2.163,3,8a6791ed8ea3|e1065184fc51|96b7c69234d0,Nahim|Sebastian|Nicolas,2|3|1,7.676|4.654|1.633,124,2,120
1790906319689901600,Vania,9e5b131eab48,2.363,3,8a6791ed8ea3|e1065184fc51|96b7c69234d0,Nahim|Sebastian|Nicolas,2|3|1,7.876|4.854|1.832,124,2,120
1790906319890453312,Vania,9e5b131eab48,2.563,3,8a6791ed8ea3|e1065184fc51|96b7c69234d0,Nahim|Sebastian|Nicolas,2|3|1,8.076|5.054|2.033,124,2,120
1790906320090708160,Vania,9e5b131eab48,2.763,3,8a6791ed8ea3|e1065184fc51|96b7c69234d0,Nahim|Sebastian|Nicolas,2|3|1,8.276|5.254|2.233,124,2,120
1790906320290433024,Vania,9e5b131eab48,2.963,3,8a6791ed8ea3|e1065184fc51|96b7c69234d0,Nahim|Sebastian|Nicolas,2|3|1,8.476|5.454|2.433,124,2,120
1790906320490476192,Nahim,8a6791ed8ea3,0.142,2,e1065184fc51|96b7c69234d0,Sebastian|Nicolas,3|1,5.655|2.633,124,2,121
1790906320690224096,Nahim,8a6791ed8ea3,0.342,2,e1065184fc51|96b7c69234d0,Sebastian|Nicolas,3|1,5.854|2.832,124,2,121
1790906320889111936,Nahim,8a6791ed8ea3,0.541,3,e1065184fc51|96b7c69234d0|48cdaed9635e,Sebastian|Nicolas|Vania,3|1|4,6.053|3.031|0.006,125,3,121
1790906321090108448,Nahim,8a6791ed8ea3,0.742,3,e1065184fc51|96b7c69234d0|48cdaed9635e,Sebastian|Nicolas|Vania,3|1|4,6.254|3.232|0.207,125,3,121
1790906321290074016,Nahim,8a6791ed8ea3,0.941,3,e1065184fc51|96b7c69234d0|48cdaed9635e,Sebastian|Nicolas|Vania,3|1|4,6.454|3.432|0.407,125,3,121
1790906321489874880,Nahim,8a6791ed8ea3,1.141,3,e1065184fc51|96b7c69234d0|48cdaed9635e,Sebastian|Nicolas|Vania,3|1|4,6.654|3.632|0.606,125,3,121
1790906321690422880,Nahim,8a6791ed8ea3,1.342,3,e1065184fc51|96b7c69234d0|48cdaed9635e,Sebastian|Nicolas|Vania,3|1|4,6.854|3.833|0.807,125,3,121
1790906321889827424,Nahim,8a6791ed8ea3,1.541,3,e1065184fc51|96b7c69234d0|48cdaed9635e,Sebastian|Nicolas|Vania,3|1|4,7.054|4.032|1.007,125,3,121
1790906322090448416,Nahim,8a6791ed8ea3,1.742,3,e1065184fc51|96b7c69234d0|48cdaed9635e,Sebastian|Nicolas|Vania,3|1|4,7.255|4.233|1.207,125,3,121
1790906322290209472,Nahim,8a6791ed8ea3,1.942,3,e1065184fc51|96b7c69234d0|48cdaed9635e,Sebastian|Nicolas|Vania,3|1|4,7.454|4.432|1.407,125,3,121
1790906322490161568,Nahim,8a6791ed8ea3,2.142,3,e1065184fc51|96b7c69234d0|48cdaed9635e,Sebastian|Nicolas|Vania,3|1|4,7.654|4.632|1.607,125,3,121
1790906322690406848,Nahim,8a6791ed8ea3,2.342,3,e1065184fc51|96b7c69234d0|48cdaed9635e,Sebastian|Nicolas|Vania,3|1|4,7.854|4.833|1.807,125,3,121
1790906322890290176,Nahim,8a6791ed8ea3,2.542,3,e1065184fc51|96b7c69234d0|48cdaed9635e,Sebastian|Nicolas|Vania,3|1|4,8.054|5.032|2.007,125,3,121
1790906323090195968,Nahim,8a6791ed8ea3,2.742,3,e1065184fc51|96b7c69234d0|48cdaed9635e,Sebastian|Nicolas|Vania,3|1|4,8.254|5.232|2.207,125,3,121
1790906323290432512,Nahim,8a6791ed8ea3,2.942,3,e1065184fc51|96b7c69234d0|48cdaed9635e,Sebastian|Nicolas|Vania,3|1|4,8.454|5.433|2.407,125,3,121
1790906323490343872,Sebastian,e1065184fc51,0.121,2,96b7c69234d0|48cdaed9635e,Nicolas|Vania,1|4,5.632|2.607,125,3,122
1790906323690444992,Sebastian,e1065184fc51,0.321,2,96b7c69234d0|48cdaed9635e,Nicolas|Vania,1|4,5.832|2.807,125,3,122
1790906323890358688,Sebastian,e1065184fc51,0.521,2,96b7c69234d0|48cdaed9635e,Nicolas|Vania,1|4,6.033|3.007,125,3,122
1790906324090461888,Sebastian,e1065184fc51,0.721,3,96b7c69234d0|48cdaed9635e|fe59d47516cc,Nicolas|Vania|Nahim,1|4|2,6.232|3.207|0.191,126,3,122
1790906324290190848,Sebastian,e1065184fc51,0.921,3,96b7c69234d0|48cdaed9635e|fe59d47516cc,Nicolas|Vania|Nahim,1|4|2,6.432|3.407|0.391,126,3,122
1790906324490470368,Sebastian,e1065184fc51,1.121,3,96b7c69234d0|48cdaed9635e|fe59d47516cc,Nicolas|Vania|Nahim,1|4|2,6.633|3.607|0.591,126,3,122
1790906324690418720,Sebastian,e1065184fc51,1.321,3,96b7c69234d0|48cdaed9635e|fe59d47516cc,Nicolas|Vania|Nahim,1|4|2,6.833|3.807|0.791,126,3,122
1790906324890081696,Sebastian,e1065184fc51,1.521,3,96b7c69234d0|48cdaed9635e|fe59d47516cc,Nicolas|Vania|Nahim,1|4|2,7.032|4.007|0.991,126,3,122
1790906325089876736,Sebastian,e1065184fc51,1.721,3,96b7c69234d0|48cdaed9635e|fe59d47516cc,Nicolas|Vania|Nahim,1|4|2,7.232|4.207|1.190,126,3,122
1790906325290363360,Sebastian,e1065184fc51,1.921,3,96b7c69234d0|48cdaed9635e|fe59d47516cc,Nicolas|Vania|Nahim,1|4|2,7.432|4.407|1.391,126,3,122
1790906325490200928,Sebastian,e1065184fc51,2.121,3,96b7c69234d0|48cdaed9635e|fe59d47516cc,Nicolas|Vania|Nahim,1|4|2,7.632|4.607|1.590,126,3,122
1790906325690294688,Sebastian,e1065184fc51,2.321,3,96b7c69234d0|48cdaed9635e|fe59d47516cc,Nicolas|Vania|Nahim,1|4|2,7.832|4.807|1.791,126,3,122
1790906325889558240,Sebastian,e1065184fc51,2.520,3,96b7c69234d0|48cdaed9635e|fe59d47516cc,Nicolas|Vania|Nahim,1|4|2,8.032|5.006|1.990,126,3,122
1790906326090248224,Sebastian,e1065184fc51,2.721,3,96b7c69234d0|48cdaed9635e|fe59d47516cc,Nicolas|Vania|Nahim,1|4|2,8.232|5.207|2.191,126,3,122
1790906326290336064,Sebastian,e1065184fc51,2.921,3,96b7c69234d0|48cdaed9635e|fe59d47516cc,Nicolas|Vania|Nahim,1|4|2,8.432|5.407|2.391,126,3,122
1790906326490314624,Nicolas,96b7c69234d0,0.100,2,48cdaed9635e|fe59d47516cc,Vania|Nahim,4|2,5.607|2.591,126,3,123
1790906326690283136,Nicolas,96b7c69234d0,0.300,2,48cdaed9635e|fe59d47516cc,Vania|Nahim,4|2,5.807|2.791,126,3,123
1790906326890370240,Nicolas,96b7c69234d0,0.500,2,48cdaed9635e|fe59d47516cc,Vania|Nahim,4|2,6.007|2.991,126,3,123
1790906327090410688,Nicolas,96b7c69234d0,0.700,3,48cdaed9635e|fe59d47516cc|b7abbcb9ada5,Vania|Nahim|Sebastian,4|2|3,6.207|3.191|0.168,127,4,123
1790906327290339360,Nicolas,96b7c69234d0,0.900,3,48cdaed9635e|fe59d47516cc|b7abbcb9ada5,Vania|Nahim|Sebastian,4|2|3,6.407|3.391|0.368,127,4,123
1790906327490459616,Nicolas,96b7c69234d0,1.100,3,48cdaed9635e|fe59d47516cc|b7abbcb9ada5,Vania|Nahim|Sebastian,4|2|3,6.607|3.591|0.568,127,4,123
1790906327690057888,Nicolas,96b7c69234d0,1.300,3,48cdaed9635e|fe59d47516cc|b7abbcb9ada5,Vania|Nahim|Sebastian,4|2|3,6.807|3.790|0.767,127,4,123
1790906327889976416,Nicolas,96b7c69234d0,1.500,3,48cdaed9635e|fe59d47516cc|b7abbcb9ada5,Vania|Nahim|Sebastian,4|2|3,7.007|3.990|0.967,127,4,123
1790906328089856384,Nicolas,96b7c69234d0,1.700,3,48cdaed9635e|fe59d47516cc|b7abbcb9ada5,Vania|Nahim|Sebastian,4|2|3,7.207|4.190|1.167,127,4,123
1790906328290310944,Nicolas,96b7c69234d0,1.900,3,48cdaed9635e|fe59d47516cc|b7abbcb9ada5,Vania|Nahim|Sebastian,4|2|3,7.407|4.391|1.367,127,4,123
1790906328490554880,Nicolas,96b7c69234d0,2.101,3,48cdaed9635e|fe59d47516cc|b7abbcb9ada5,Vania|Nahim|Sebastian,4|2|3,7.607|4.591|1.568,127,4,123
1790906328690539488,Nicolas,96b7c69234d0,2.300,3,48cdaed9635e|fe59d47516cc|b7abbcb9ada5,Vania|Nahim|Sebastian,4|2|3,7.807|4.791|1.768,127,4,123
1790906328890283040,Nicolas,96b7c69234d0,2.500,3,48cdaed9635e|fe59d47516cc|b7abbcb9ada5,Vania|Nahim|Sebastian,4|2|3,8.007|4.991|1.967,127,4,123
1790906329090267616,Nicolas,96b7c69234d0,2.700,3,48cdaed9635e|fe59d47516cc|b7abbcb9ada5,Vania|Nahim|Sebastian,4|2|3,8.207|5.191|2.167,127,4,123
1790906329290438016,Nicolas,96b7c69234d0,2.900,3,48cdaed9635e|fe59d47516cc|b7abbcb9ada5,Vania|Nahim|Sebastian,4|2|3,8.407|5.391|2.368,127,4,123
1790906329490290560,Vania,48cdaed9635e,0.079,2,fe59d47516cc|b7abbcb9ada5,Nahim|Sebastian,2|3,5.591|2.567,127,4,124
1790906329690311072,Vania,48cdaed9635e,0.279,2,fe59d47516cc|b7abbcb9ada5,Nahim|Sebastian,2|3,5.791|2.767,127,4,124
1790906329891169152,Vania,48cdaed9635e,0.480,2,fe59d47516cc|b7abbcb9ada5,Nahim|Sebastian,2|3,5.992|2.968,127,4,124
1790906330090411872,Vania,48cdaed9635e,0.679,3,fe59d47516cc|b7abbcb9ada5|67924730f42a,Nahim|Sebastian|Nicolas,2|3|1,6.191|3.168|0.148,128,4,124
1790906330289954592,Vania,48cdaed9635e,0.879,3,fe59d47516cc|b7abbcb9ada5|67924730f42a,Nahim|Sebastian|Nicolas,2|3|1,6.390|3.367|0.348,128,4,124
1790906330490441280,Vania,48cdaed9635e,1.079,3,fe59d47516cc|b7abbcb9ada5|67924730f42a,Nahim|Sebastian|Nicolas,2|3|1,6.591|3.568|0.549,128,4,124
1790906330690224064,Vania,48cdaed9635e,1.279,3,fe59d47516cc|b7abbcb9ada5|67924730f42a,Nahim|Sebastian|Nicolas,2|3|1,6.791|3.767|0.748,128,4,124
1790906330890395200,Vania,48cdaed9635e,1.479,3,fe59d47516cc|b7abbcb9ada5|67924730f42a,Nahim|Sebastian|Nicolas,2|3|1,6.991|3.968|0.949,128,4,124
1790906331089699456,Vania,48cdaed9635e,1.678,3,fe59d47516cc|b7abbcb9ada5|67924730f42a,Nahim|Sebastian|Nicolas,2|3|1,7.190|4.167|1.148,128,4,124
1790906331290290944,Vania,48cdaed9635e,1.879,3,fe59d47516cc|b7abbcb9ada5|67924730f42a,Nahim|Sebastian|Nicolas,2|3|1,7.391|4.367|1.348,128,4,124
1790906331489923936,Vania,48cdaed9635e,2.078,3,fe59d47516cc|b7abbcb9ada5|67924730f42a,Nahim|Sebastian|Nicolas,2|3|1,7.590|4.567|1.548,128,4,124
1790906331690331552,Vania,48cdaed9635e,2.279,3,fe59d47516cc|b7abbcb9ada5|67924730f42a,Nahim|Sebastian|Nicolas,2|3|1,7.791|4.768|1.748,128,4,124
1790906331890481760,Vania,48cdaed9635e,2.479,3,fe59d47516cc|b7abbcb9ada5|67924730f42a,Nahim|Sebastian|Nicolas,2|3|1,7.991|4.968|1.949,128,4,124
1790906332090444128,Vania,48cdaed9635e,2.679,3,fe59d47516cc|b7abbcb9ada5|67924730f42a,Nahim|Sebastian|Nicolas,2|3|1,8.191|5.168|2.149,128,4,124
1790906332290557664,Vania,48cdaed9635e,2.879,3,fe59d47516cc|b7abbcb9ada5|67924730f42a,Nahim|Sebastian|Nicolas,2|3|1,8.391|5.368|2.349,128,4,124
1790906332490137984,Nahim,fe59d47516cc,0.060,2,b7abbcb9ada5|67924730f42a,Sebastian|Nicolas,3|1,5.567|2.548,128,4,125
1790906332689718560,Nahim,fe59d47516cc,0.259,2,b7abbcb9ada5|67924730f42a,Sebastian|Nicolas,3|1,5.767|2.748,128,4,125
1790906332890177760,Nahim,fe59d47516cc,0.460,2,b7abbcb9ada5|67924730f42a,Sebastian|Nicolas,3|1,5.967|2.948,128,4,125
1790906333090421600,Nahim,fe59d47516cc,0.660,3,b7abbcb9ada5|67924730f42a|edaef27e9444,Sebastian|Nicolas|Vania,3|1|4,6.168|3.148|0.129,129,4,125
1790906333290326176,Nahim,fe59d47516cc,0.860,3,b7abbcb9ada5|67924730f42a|edaef27e9444,Sebastian|Nicolas|Vania,3|1|4,6.368|3.348|0.329,129,4,125
1790906333490284000,Nahim,fe59d47516cc,1.060,3,b7abbcb9ada5|67924730f42a|edaef27e9444,Sebastian|Nicolas|Vania,3|1|4,6.567|3.548|0.529,129,4,125
1790906333691331840,Nahim,fe59d47516cc,1.261,3,b7abbcb9ada5|67924730f42a|edaef27e9444,Sebastian|Nicolas|Vania,3|1|4,6.769|3.749|0.730,129,4,125
1790906333889882464,Nahim,fe59d47516cc,1.460,3,b7abbcb9ada5|67924730f42a|edaef27e9444,Sebastian|Nicolas|Vania,3|1|4,6.967|3.948|0.929,129,4,125
1790906334090317664,Nahim,fe59d47516cc,1.660,3,b7abbcb9ada5|67924730f42a|edaef27e9444,Sebastian|Nicolas|Vania,3|1|4,7.168|4.148|1.129,129,4,125
1790906334290718560,Nahim,fe59d47516cc,1.860,3,b7abbcb9ada5|67924730f42a|edaef27e9444,Sebastian|Nicolas|Vania,3|1|4,7.368|4.349|1.329,129,4,125
1790906334490323968,Nahim,fe59d47516cc,2.060,3,b7abbcb9ada5|67924730f42a|edaef27e9444,Sebastian|Nicolas|Vania,3|1|4,7.568|4.548|1.529,129,4,125
1790906334689859872,Nahim,fe59d47516cc,2.260,3,b7abbcb9ada5|67924730f42a|edaef27e9444,Sebastian|Nicolas|Vania,3|1|4,7.767|4.748|1.729,129,4,125
1790906334890552352,Nahim,fe59d47516cc,2.460,3,b7abbcb9ada5|67924730f42a|edaef27e9444,Sebastian|Nicolas|Vania,3|1|4,7.968|4.949|1.930,129,4,125
1790906335089891232,Nahim,fe59d47516cc,2.660,3,b7abbcb9ada5|67924730f42a|edaef27e9444,Sebastian|Nicolas|Vania,3|1|4,8.167|5.148|2.129,129,4,125
1790906335290267040,Nahim,fe59d47516cc,2.860,3,b7abbcb9ada5|67924730f42a|edaef27e9444,Sebastian|Nicolas|Vania,3|1|4,8.367|5.348|2.329,129,4,125
1790906335490103680,Sebastian,b7abbcb9ada5,0.040,2,67924730f42a|edaef27e9444,Nicolas|Vania,1|4,5.548|2.529,129,4,126
1790906335690241856,Sebastian,b7abbcb9ada5,0.240,2,67924730f42a|edaef27e9444,Nicolas|Vania,1|4,5.748|2.729,129,4,126
1790906335890117568,Sebastian,b7abbcb9ada5,0.440,2,67924730f42a|edaef27e9444,Nicolas|Vania,1|4,5.948|2.929,129,4,126
1790906336090214176,Sebastian,b7abbcb9ada5,0.640,3,67924730f42a|edaef27e9444|91cf9ce23008,Nicolas|Vania|Nahim,1|4|2,6.148|3.129|0.114,130,4,126
1790906336290464384,Sebastian,b7abbcb9ada5,0.841,3,67924730f42a|edaef27e9444|91cf9ce23008,Nicolas|Vania|Nahim,1|4|2,6.349|3.329|0.314,130,4,126
1790906336490405760,Sebastian,b7abbcb9ada5,1.041,3,67924730f42a|edaef27e9444|91cf9ce23008,Nicolas|Vania|Nahim,1|4|2,6.549|3.529|0.514,130,4,126
1790906336690222912,Sebastian,b7abbcb9ada5,1.240,3,67924730f42a|edaef27e9444|91cf9ce23008,Nicolas|Vania|Nahim,1|4|2,6.748|3.729|0.714,130,4,126
1790906336890782752,Sebastian,b7abbcb9ada5,1.441,3,67924730f42a|edaef27e9444|91cf9ce23008,Nicolas|Vania|Nahim,1|4|2,6.949|3.930|0.915,130,4,126
1790906337090318720,Sebastian,b7abbcb9ada5,1.640,3,67924730f42a|edaef27e9444|91cf9ce23008,Nicolas|Vania|Nahim,1|4|2,7.148|4.129|1.114,130,4,126
1790906337290207744,Sebastian,b7abbcb9ada5,1.841,3,67924730f42a|edaef27e9444|91cf9ce23008,Nicolas|Vania|Nahim,1|4|2,7.348|4.329|1.314,130,4,126
1790906337490320352,Sebastian,b7abbcb9ada5,2.041,3,67924730f42a|edaef27e9444|91cf9ce23008,Nicolas|Vania|Nahim,1|4|2,7.548|4.529|1.514,130,4,126
1790906337690365920,Sebastian,b7abbcb9ada5,2.241,3,67924730f42a|edaef27e9444|91cf9ce23008,Nicolas|Vania|Nahim,1|4|2,7.749|4.729|1.714,130,4,126
1790906337890462560,Sebastian,b7abbcb9ada5,2.441,3,67924730f42a|edaef27e9444|91cf9ce23008,Nicolas|Vania|Nahim,1|4|2,7.949|4.929|1.914,130,4,126
1790906338089718016,Sebastian,b7abbcb9ada5,2.640,3,67924730f42a|edaef27e9444|91cf9ce23008,Nicolas|Vania|Nahim,1|4|2,8.148|5.129|2.114,130,4,126
1790906338290332960,Sebastian,b7abbcb9ada5,2.841,3,67924730f42a|edaef27e9444|91cf9ce23008,Nicolas|Vania|Nahim,1|4|2,8.348|5.329|2.314,130,4,126
1790906338489833472,Nicolas,67924730f42a,0.021,2,edaef27e9444|91cf9ce23008,Vania|Nahim,4|2,5.529|2.514,130,4,127
1790906338690112640,Nicolas,67924730f42a,0.221,2,edaef27e9444|91cf9ce23008,Vania|Nahim,4|2,5.729|2.714,130,4,127
1790906338890555552,Nicolas,67924730f42a,0.421,2,edaef27e9444|91cf9ce23008,Vania|Nahim,4|2,5.930|2.914,130,4,127
1790906339090244608,Nicolas,67924730f42a,0.621,3,edaef27e9444|91cf9ce23008|087515a17686,Vania|Nahim|Sebastian,4|2|3,6.129|3.114|0.091,131,4,127
1790906339290396064,Nicolas,67924730f42a,0.821,3,edaef27e9444|91cf9ce23008|087515a17686,Vania|Nahim|Sebastian,4|2|3,6.329|3.314|0.291,131,4,127
1790906339490578496,Nicolas,67924730f42a,1.021,3,edaef27e9444|91cf9ce23008|087515a17686,Vania|Nahim|Sebastian,4|2|3,6.530|3.514|0.492,131,4,127
1790906339690102432,Nicolas,67924730f42a,1.221,3,edaef27e9444|91cf9ce23008|087515a17686,Vania|Nahim|Sebastian,4|2|3,6.729|3.714|0.691,131,4,127
1790906339889924864,Nicolas,67924730f42a,1.421,3,edaef27e9444|91cf9ce23008|087515a17686,Vania|Nahim|Sebastian,4|2|3,6.929|3.914|0.891,131,4,127
1790906340090524896,Nicolas,67924730f42a,1.621,3,edaef27e9444|91cf9ce23008|087515a17686,Vania|Nahim|Sebastian,4|2|3,7.129|4.114|1.092,131,4,127
1790906340289821536,Nicolas,67924730f42a,1.820,3,edaef27e9444|91cf9ce23008|087515a17686,Vania|Nahim|Sebastian,4|2|3,7.329|4.314|1.291,131,4,127
1790906340490308864,Nicolas,67924730f42a,2.021,3,edaef27e9444|91cf9ce23008|087515a17686,Vania|Nahim|Sebastian,4|2|3,7.529|4.514|1.491,131,4,127
1790906340690408544,Nicolas,67924730f42a,2.221,3,edaef27e9444|91cf9ce23008|087515a17686,Vania|Nahim|Sebastian,4|2|3,7.729|4.714|1.691,131,4,127
1790906340890000352,Nicolas,67924730f42a,2.421,3,edaef27e9444|91cf9ce23008|087515a17686,Vania|Nahim|Sebastian,4|2|3,7.929|4.914|1.891,131,4,127
1790906341089667392,Nicolas,67924730f42a,2.620,3,edaef27e9444|91cf9ce23008|087515a17686,Vania|Nahim|Sebastian,4|2|3,8.129|5.114|2.091,131,4,127
1790906341290326304,Nicolas,67924730f42a,2.821,3,edaef27e9444|91cf9ce23008|087515a17686,Vania|Nahim|Sebastian,4|2|3,8.329|5.314|2.291,131,4,127
1790906341490431968,Vania,edaef27e9444,0.002,2,91cf9ce23008|087515a17686,Nahim|Sebastian,2|3,5.514|2.492,131,4,128
1790906341690290912,Vania,edaef27e9444,0.202,2,91cf9ce23008|087515a17686,Nahim|Sebastian,2|3,5.714|2.691,131,4,128
1790906341890305664,Vania,edaef27e9444,0.402,2,91cf9ce23008|087515a17686,Nahim|Sebastian,2|3,5.914|2.891,131,4,128
1790906342089987392,Vania,edaef27e9444,0.601,3,91cf9ce23008|087515a17686|d3d9645f9dca,Nahim|Sebastian|Nicolas,2|3|1,6.114|3.091|0.070,132,4,128
1790906342289616544,Vania,edaef27e9444,0.801,3,91cf9ce23008|087515a17686|d3d9645f9dca,Nahim|Sebastian|Nicolas,2|3|1,6.314|3.291|0.270,132,4,128
1790906342490441152,Vania,edaef27e9444,1.002,3,91cf9ce23008|087515a17686|d3d9645f9dca,Nahim|Sebastian|Nicolas,2|3|1,6.514|3.491|0.470,132,4,128
1790906342690326016,Vania,edaef27e9444,1.202,3,91cf9ce23008|087515a17686|d3d9645f9dca,Nahim|Sebastian|Nicolas,2|3|1,6.714|3.691|0.670,132,4,128
1790906342890534240,Vania,edaef27e9444,1.402,3,91cf9ce23008|087515a17686|d3d9645f9dca,Nahim|Sebastian|Nicolas,2|3|1,6.914|3.892|0.871,132,4,128
1790906343090451616,Vania,edaef27e9444,1.602,3,91cf9ce23008|087515a17686|d3d9645f9dca,Nahim|Sebastian|Nicolas,2|3|1,7.114|4.091|1.071,132,4,128
1790906343290089760,Vania,edaef27e9444,1.801,3,91cf9ce23008|087515a17686|d3d9645f9dca,Nahim|Sebastian|Nicolas,2|3|1,7.314|4.291|1.270,132,4,128
1790906343489740192,Vania,edaef27e9444,2.001,3,91cf9ce23008|087515a17686|d3d9645f9dca,Nahim|Sebastian|Nicolas,2|3|1,7.514|4.491|1.470,132,4,128
1790906343690375072,Vania,edaef27e9444,2.202,3,91cf9ce23008|087515a17686|d3d9645f9dca,Nahim|Sebastian|Nicolas,2|3|1,7.714|4.691|1.670,132,4,128
1790906343890288864,Vania,edaef27e9444,2.402,3,91cf9ce23008|087515a17686|d3d9645f9dca,Nahim|Sebastian|Nicolas,2|3|1,7.914|4.891|1.870,132,4,128
1790906344090396288,Vania,edaef27e9444,2.602,3,91cf9ce23008|087515a17686|d3d9645f9dca,Nahim|Sebastian|Nicolas,2|3|1,8.114|5.091|2.070,132,4,128
1790906344290309408,Vania,edaef27e9444,2.802,3,91cf9ce23008|087515a17686|d3d9645f9dca,Nahim|Sebastian|Nicolas,2|3|1,8.314|5.291|2.270,132,4,128
1790906344490336224,Vania,edaef27e9444,3.002,3,91cf9ce23008|087515a17686|d3d9645f9dca,Nahim|Sebastian|Nicolas,2|3|1,8.514|5.491|2.470,132,4,128
1790906344690183264,Nahim,91cf9ce23008,0.182,2,087515a17686|d3d9645f9dca,Sebastian|Nicolas,3|1,5.691|2.670,132,4,129
1790906344890327744,Nahim,91cf9ce23008,0.382,2,087515a17686|d3d9645f9dca,Sebastian|Nicolas,3|1,5.891|2.870,132,4,129
1790906345090364192,Nahim,91cf9ce23008,0.582,3,087515a17686|d3d9645f9dca|d9f6f65649e3,Sebastian|Nicolas|Vania,3|1|4,6.091|3.070|0.049,133,4,129
1790906345290384256,Nahim,91cf9ce23008,0.782,3,087515a17686|d3d9645f9dca|d9f6f65649e3,Sebastian|Nicolas|Vania,3|1|4,6.291|3.270|0.249,133,4,129
1790906345490306912,Nahim,91cf9ce23008,0.982,3,087515a17686|d3d9645f9dca|d9f6f65649e3,Sebastian|Nicolas|Vania,3|1|4,6.491|3.470|0.448,133,4,129
1790906345690498624,Nahim,91cf9ce23008,1.182,3,087515a17686|d3d9645f9dca|d9f6f65649e3,Sebastian|Nicolas|Vania,3|1|4,6.691|3.671|0.649,133,4,129
1790906345890114144,Nahim,91cf9ce23008,1.382,3,087515a17686|d3d9645f9dca|d9f6f65649e3,Sebastian|Nicolas|Vania,3|1|4,6.891|3.870|0.848,133,4,129
1790906346090305888,Nahim,91cf9ce23008,1.582,3,087515a17686|d3d9645f9dca|d9f6f65649e3,Sebastian|Nicolas|Vania,3|1|4,7.091|4.070|1.048,133,4,129
1790906346290460032,Nahim,91cf9ce23008,1.782,3,087515a17686|d3d9645f9dca|d9f6f65649e3,Sebastian|Nicolas|Vania,3|1|4,7.291|4.271|1.249,133,4,129
1790906346490295136,Nahim,91cf9ce23008,1.982,3,087515a17686|d3d9645f9dca|d9f6f65649e3,Sebastian|Nicolas|Vania,3|1|4,7.491|4.470|1.448,133,4,129
1790906346690334240,Nahim,91cf9ce23008,2.182,3,087515a17686|d3d9645f9dca|d9f6f65649e3,Sebastian|Nicolas|Vania,3|1|4,7.691|4.670|1.649,133,4,129
1790906346889987040,Nahim,91cf9ce23008,2.382,3,087515a17686|d3d9645f9dca|d9f6f65649e3,Sebastian|Nicolas|Vania,3|1|4,7.891|4.870|1.848,133,4,129
1790906347089921664,Nahim,91cf9ce23008,2.582,3,087515a17686|d3d9645f9dca|d9f6f65649e3,Sebastian|Nicolas|Vania,3|1|4,8.091|5.070|2.048,133,4,129
1790906347290310816,Nahim,91cf9ce23008,2.782,3,087515a17686|d3d9645f9dca|d9f6f65649e3,Sebastian|Nicolas|Vania,3|1|4,8.291|5.270|2.249,133,4,129
1790906347490315424,Nahim,91cf9ce23008,2.982,3,087515a17686|d3d9645f9dca|d9f6f65649e3,Sebastian|Nicolas|Vania,3|1|4,8.491|5.470|2.448,133,4,129
1790906347690418112,Sebastian,087515a17686,0.162,2,d3d9645f9dca|d9f6f65649e3,Nicolas|Vania,1|4,5.671|2.649,133,4,130
1790906347890278688,Sebastian,087515a17686,0.362,2,d3d9645f9dca|d9f6f65649e3,Nicolas|Vania,1|4,5.870|2.848,133,4,130
1790906348090294144,Sebastian,087515a17686,0.562,3,d3d9645f9dca|d9f6f65649e3|47a395ee31ad,Nicolas|Vania|Nahim,1|4|2,6.070|3.049|0.030,134,4,130
1790906348290363360,Sebastian,087515a17686,0.762,3,d3d9645f9dca|d9f6f65649e3|47a395ee31ad,Nicolas|Vania|Nahim,1|4|2,6.270|3.249|0.230,134,4,130
1790906348490326336,Sebastian,087515a17686,0.962,3,d3d9645f9dca|d9f6f65649e3|47a395ee31ad,Nicolas|Vania|Nahim,1|4|2,6.470|3.448|0.430,134,4,130
1790906348690387168,Sebastian,087515a17686,1.162,3,d3d9645f9dca|d9f6f65649e3|47a395ee31ad,Nicolas|Vania|Nahim,1|4|2,6.670|3.649|0.630,134,4,130
1790906348890344512,Sebastian,087515a17686,1.362,3,d3d9645f9dca|d9f6f65649e3|47a395ee31ad,Nicolas|Vania|Nahim,1|4|2,6.870|3.849|0.830,134,4,130
1790906349090000768,Sebastian,087515a17686,1.562,3,d3d9645f9dca|d9f6f65649e3|47a395ee31ad,Nicolas|Vania|Nahim,1|4|2,7.070|4.048|1.029,134,4,130
1790906349290412544,Sebastian,087515a17686,1.762,3,d3d9645f9dca|d9f6f65649e3|47a395ee31ad,Nicolas|Vania|Nahim,1|4|2,7.270|4.249|1.230,134,4,130
1790906349490497440,Sebastian,087515a17686,1.963,3,d3d9645f9dca|d9f6f65649e3|47a395ee31ad,Nicolas|Vania|Nahim,1|4|2,7.471|4.449|1.430,134,4,130
1790906349690418112,Sebastian,087515a17686,2.162,3,d3d9645f9dca|d9f6f65649e3|47a395ee31ad,Nicolas|Vania|Nahim,1|4|2,7.670|4.649|1.630,134,4,130
1790906349890441024,Sebastian,087515a17686,2.362,3,d3d9645f9dca|d9f6f65649e3|47a395ee31ad,Nicolas|Vania|Nahim,1|4|2,7.870|4.849|1.830,134,4,130
1790906350090771168,Sebastian,087515a17686,2.562,3,d3d9645f9dca|d9f6f65649e3|47a395ee31ad,Nicolas|Vania|Nahim,1|4|2,8.070|5.049|2.030,134,4,130
1790906350290243616,Sebastian,087515a17686,2.762,3,d3d9645f9dca|d9f6f65649e3|47a395ee31ad,Nicolas|Vania|Nahim,1|4|2,8.270|5.248|2.230,134,4,130
1790906350490482560,Sebastian,087515a17686,2.963,3,d3d9645f9dca|d9f6f65649e3|47a395ee31ad,Nicolas|Vania|Nahim,1|4|2,8.471|5.449|2.430,134,4,130
1790906350690473056,Nicolas,d3d9645f9dca,0.142,2,d9f6f65649e3|47a395ee31ad,Vania|Nahim,4|2,5.649|2.630,134,4,131
1790906350889939264,Nicolas,d3d9645f9dca,0.341,2,d9f6f65649e3|47a395ee31ad,Vania|Nahim,4|2,5.848|2.829,134,4,131
1790906351090853056,Nicolas,d3d9645f9dca,0.542,3,d9f6f65649e3|47a395ee31ad|a220d4796171,Vania|Nahim|Sebastian,4|2|3,6.049|3.030|0.005,135,4,131
1790906351290213280,Nicolas,d3d9645f9dca,0.742,3,d9f6f65649e3|47a395ee31ad|a220d4796171,Vania|Nahim|Sebastian,4|2|3,6.248|3.230|0.204,135,4,131
1790906351490225344,Nicolas,d3d9645f9dca,0.942,3,d9f6f65649e3|47a395ee31ad|a220d4796171,Vania|Nahim|Sebastian,4|2|3,6.448|3.430|0.404,135,4,131
1790906351690199232,Nicolas,d3d9645f9dca,1.142,3,d9f6f65649e3|47a395ee31ad|a220d4796171,Vania|Nahim|Sebastian,4|2|3,6.648|3.630|0.604,135,4,131
1790906351890257728,Nicolas,d3d9645f9dca,1.342,3,d9f6f65649e3|47a395ee31ad|a220d4796171,Vania|Nahim|Sebastian,4|2|3,6.848|3.830|0.804,135,4,131
1790906352090249728,Nicolas,d3d9645f9dca,1.542,3,d9f6f65649e3|47a395ee31ad|a220d4796171,Vania|Nahim|Sebastian,4|2|3,7.048|4.030|1.004,135,4,131
1790906352290260256,Nicolas,d3d9645f9dca,1.742,3,d9f6f65649e3|47a395ee31ad|a220d4796171,Vania|Nahim|Sebastian,4|2|3,7.248|4.230|1.204,135,4,131
1790906352490270112,Nicolas,d3d9645f9dca,1.942,3,d9f6f65649e3|47a395ee31ad|a220d4796171,Vania|Nahim|Sebastian,4|2|3,7.448|4.430|1.404,135,4,131
1790906352690217536,Nicolas,d3d9645f9dca,2.142,3,d9f6f65649e3|47a395ee31ad|a220d4796171,Vania|Nahim|Sebastian,4|2|3,7.648|4.630|1.604,135,4,131
1790906352890283552,Nicolas,d3d9645f9dca,2.342,3,d9f6f65649e3|47a395ee31ad|a220d4796171,Vania|Nahim|Sebastian,4|2|3,7.848|4.830|1.804,135,4,131
1790906353090317312,Nicolas,d3d9645f9dca,2.542,3,d9f6f65649e3|47a395ee31ad|a220d4796171,Vania|Nahim|Sebastian,4|2|3,8.048|5.030|2.004,135,4,131
1790906353290255424,Nicolas,d3d9645f9dca,2.742,3,d9f6f65649e3|47a395ee31ad|a220d4796171,Vania|Nahim|Sebastian,4|2|3,8.248|5.230|2.204,135,4,131
1790906353490284288,Nicolas,d3d9645f9dca,2.942,3,d9f6f65649e3|47a395ee31ad|a220d4796171,Vania|Nahim|Sebastian,4|2|3,8.448|5.430|2.404,135,4,131
1790906353690384928,Vania,d9f6f65649e3,0.123,2,47a395ee31ad|a220d4796171,Nahim|Sebastian,2|3,5.630|2.604,135,4,132
1790906353889909312,Vania,d9f6f65649e3,0.323,2,47a395ee31ad|a220d4796171,Nahim|Sebastian,2|3,5.829|2.804,135,4,132
1790906354092296512,Vania,d9f6f65649e3,0.525,3,47a395ee31ad|a220d4796171|3b86e8d90c68,Nahim|Sebastian|Nicolas,2|3|1,6.032|3.006|0.003,136,4,132
1790906354290579424,Vania,d9f6f65649e3,0.723,3,47a395ee31ad|a220d4796171|3b86e8d90c68,Nahim|Sebastian|Nicolas,2|3|1,6.230|3.205|0.202,136,4,132
1790906354490290432,Vania,d9f6f65649e3,0.923,3,47a395ee31ad|a220d4796171|3b86e8d90c68,Nahim|Sebastian|Nicolas,2|3|1,6.430|3.404|0.401,136,4,132
1790906354690470496,Vania,d9f6f65649e3,1.123,3,47a395ee31ad|a220d4796171|3b86e8d90c68,Nahim|Sebastian|Nicolas,2|3|1,6.630|3.605|0.601,136,4,132
1790906354890238784,Vania,d9f6f65649e3,1.323,3,47a395ee31ad|a220d4796171|3b86e8d90c68,Nahim|Sebastian|Nicolas,2|3|1,6.830|3.804|0.801,136,4,132
1790906355090609152,Vania,d9f6f65649e3,1.523,3,47a395ee31ad|a220d4796171|3b86e8d90c68,Nahim|Sebastian|Nicolas,2|3|1,7.030|4.004|1.001,136,4,132
1790906355291248768,Vania,d9f6f65649e3,1.724,3,47a395ee31ad|a220d4796171|3b86e8d90c68,Nahim|Sebastian|Nicolas,2|3|1,7.231|4.205|1.202,136,4,132
1790906355490511808,Vania,d9f6f65649e3,1.923,3,47a395ee31ad|a220d4796171|3b86e8d90c68,Nahim|Sebastian|Nicolas,2|3|1,7.430|4.405|1.401,136,4,132
1790906355690147936,Vania,d9f6f65649e3,2.123,3,47a395ee31ad|a220d4796171|3b86e8d90c68,Nahim|Sebastian|Nicolas,2|3|1,7.630|4.604|1.601,136,4,132
1790906355890463424,Vania,d9f6f65649e3,2.323,3,47a395ee31ad|a220d4796171|3b86e8d90c68,Nahim|Sebastian|Nicolas,2|3|1,7.830|4.805|1.801,136,4,132
1790906356090381664,Vania,d9f6f65649e3,2.523,3,47a395ee31ad|a220d4796171|3b86e8d90c68,Nahim|Sebastian|Nicolas,2|3|1,8.030|5.004|2.001,136,4,132
1790906356290328160,Vania,d9f6f65649e3,2.723,3,47a395ee31ad|a220d4796171|3b86e8d90c68,Nahim|Sebastian|Nicolas,2|3|1,8.230|5.204|2.201,136,4,132
1790906356490167584,Vania,d9f6f65649e3,2.923,3,47a395ee31ad|a220d4796171|3b86e8d90c68,Nahim|Sebastian|Nicolas,2|3|1,8.430|5.404|2.401,136,4,132
1790906356690387552,Nahim,47a395ee31ad,0.105,2,a220d4796171|3b86e8d90c68,Sebastian|Nicolas,3|1,5.604|2.601,136,4,133
1790906356890901632,Nahim,47a395ee31ad,0.305,2,a220d4796171|3b86e8d90c68,Sebastian|Nicolas,3|1,5.805|2.802,136,4,133
1790906357090173696,Nahim,47a395ee31ad,0.505,2,a220d4796171|3b86e8d90c68,Sebastian|Nicolas,3|1,6.004|3.001,136,4,133
1790906357290414720,Nahim,47a395ee31ad,0.705,3,a220d4796171|3b86e8d90c68|ff1f09cdeac3,Sebastian|Nicolas|Vania,3|1|4,6.204|3.201|0.184,137,4,133
1790906357490426048,Nahim,47a395ee31ad,0.905,3,a220d4796171|3b86e8d90c68|ff1f09cdeac3,Sebastian|Nicolas|Vania,3|1|4,6.404|3.401|0.384,137,4,133
1790906357690386752,Nahim,47a395ee31ad,1.105,3,a220d4796171|3b86e8d90c68|ff1f09cdeac3,Sebastian|Nicolas|Vania,3|1|4,6.604|3.601|0.584,137,4,133
1790906357890409248,Nahim,47a395ee31ad,1.305,3,a220d4796171|3b86e8d90c68|ff1f09cdeac3,Sebastian|Nicolas|Vania,3|1|4,6.805|3.801|0.784,137,4,133
1790906358090269536,Nahim,47a395ee31ad,1.505,3,a220d4796171|3b86e8d90c68|ff1f09cdeac3,Sebastian|Nicolas|Vania,3|1|4,7.004|4.001|0.984,137,4,133
1790906358290369856,Nahim,47a395ee31ad,1.705,3,a220d4796171|3b86e8d90c68|ff1f09cdeac3,Sebastian|Nicolas|Vania,3|1|4,7.204|4.201|1.184,137,4,133
1790906358490387040,Nahim,47a395ee31ad,1.905,3,a220d4796171|3b86e8d90c68|ff1f09cdeac3,Sebastian|Nicolas|Vania,3|1|4,7.404|4.401|1.384,137,4,133
1790906358690265920,Nahim,47a395ee31ad,2.105,3,a220d4796171|3b86e8d90c68|ff1f09cdeac3,Sebastian|Nicolas|Vania,3|1|4,7.604|4.601|1.584,137,4,133
1790906358890383552,Nahim,47a395ee31ad,2.305,3,a220d4796171|3b86e8d90c68|ff1f09cdeac3,Sebastian|Nicolas|Vania,3|1|4,7.804|4.801|1.784,137,4,133
1790906359090421280,Nahim,47a395ee31ad,2.505,3,a220d4796171|3b86e8d90c68|ff1f09cdeac3,Sebastian|Nicolas|Vania,3|1|4,8.004|5.001|1.984,137,4,133
1790906359290422656,Nahim,47a395ee31ad,2.705,3,a220d4796171|3b86e8d90c68|ff1f09cdeac3,Sebastian|Nicolas|Vania,3|1|4,8.204|5.201|2.184,137,4,133
1790906359490435488,Nahim,47a395ee31ad,2.905,3,a220d4796171|3b86e8d90c68|ff1f09cdeac3,Sebastian|Nicolas|Vania,3|1|4,8.405|5.401|2.384,137,4,133
1790906359690306592,Sebastian,a220d4796171,0.086,2,3b86e8d90c68|ff1f09cdeac3,Nicolas|Vania,1|4,5.601|2.584,137,4,134
1790906359891126304,Sebastian,a220d4796171,0.287,2,3b86e8d90c68|ff1f09cdeac3,Nicolas|Vania,1|4,5.802|2.785,137,4,134
1790906360090291008,Sebastian,a220d4796171,0.485,2,3b86e8d90c68|ff1f09cdeac3,Nicolas|Vania,1|4,6.001|2.984,137,4,134
1790906360290263936,Sebastian,a220d4796171,0.686,3,3b86e8d90c68|ff1f09cdeac3|6b491d48ae51,Nicolas|Vania|Nahim,1|4|2,6.201|3.184|0.157,138,4,134
1790906360489731232,Sebastian,a220d4796171,0.885,3,3b86e8d90c68|ff1f09cdeac3|6b491d48ae51,Nicolas|Vania|Nahim,1|4|2,6.401|3.384|0.356,138,4,134
1790906360690417664,Sebastian,a220d4796171,1.086,3,3b86e8d90c68|ff1f09cdeac3|6b491d48ae51,Nicolas|Vania|Nahim,1|4|2,6.601|3.584|0.557,138,4,134
1790906360890101088,Sebastian,a220d4796171,1.286,3,3b86e8d90c68|ff1f09cdeac3|6b491d48ae51,Nicolas|Vania|Nahim,1|4|2,6.801|3.784|0.757,138,4,134
1790906361090351552,Sebastian,a220d4796171,1.486,3,3b86e8d90c68|ff1f09cdeac3|6b491d48ae51,Nicolas|Vania|Nahim,1|4|2,7.001|3.984|0.957,138,4,134
1790906361290178784,Sebastian,a220d4796171,1.686,3,3b86e8d90c68|ff1f09cdeac3|6b491d48ae51,Nicolas|Vania|Nahim,1|4|2,7.201|4.184|1.157,138,4,134
1790906361490651136,Sebastian,a220d4796171,1.886,3,3b86e8d90c68|ff1f09cdeac3|6b491d48ae51,Nicolas|Vania|Nahim,1|4|2,7.402|4.385|1.357,138,4,134
1790906361690282336,Sebastian,a220d4796171,2.086,3,3b86e8d90c68|ff1f09cdeac3|6b491d48ae51,Nicolas|Vania|Nahim,1|4|2,7.601|4.584|1.557,138,4,134
1790906361890299072,Sebastian,a220d4796171,2.286,3,3b86e8d90c68|ff1f09cdeac3|6b491d48ae51,Nicolas|Vania|Nahim,1|4|2,7.801|4.784|1.757,138,4,134
1790906362090372160,Sebastian,a220d4796171,2.486,3,3b86e8d90c68|ff1f09cdeac3|6b491d48ae51,Nicolas|Vania|Nahim,1|4|2,8.001|4.984|1.957,138,4,134
1790906362290262368,Sebastian,a220d4796171,2.686,3,3b86e8d90c68|ff1f09cdeac3|6b491d48ae51,Nicolas|Vania|Nahim,1|4|2,8.201|5.184|2.157,138,4,134
1790906362489796544,Sebastian,a220d4796171,2.885,3,3b86e8d90c68|ff1f09cdeac3|6b491d48ae51,Nicolas|Vania|Nahim,1|4|2,8.401|5.384|2.356,138,4,134
1790906362689767328,Nicolas,3b86e8d90c68,0.069,2,ff1f09cdeac3|6b491d48ae51,Vania|Nahim,4|2,5.584|2.556,138,4,135
1790906362890311904,Nicolas,3b86e8d90c68,0.269,2,ff1f09cdeac3|6b491d48ae51,Vania|Nahim,4|2,5.784|2.757,138,4,135
1790906363089929824,Nicolas,3b86e8d90c68,0.469,2,ff1f09cdeac3|6b491d48ae51,Vania|Nahim,4|2,5.984|2.956,138,4,135
1790906363290285952,Nicolas,3b86e8d90c68,0.669,3,ff1f09cdeac3|6b491d48ae51|123909d83138,Vania|Nahim|Sebastian,4|2|3,6.184|3.157|0.137,139,4,135
1790906363490313600,Nicolas,3b86e8d90c68,0.869,3,ff1f09cdeac3|6b491d48ae51|123909d83138,Vania|Nahim|Sebastian,4|2|3,6.384|3.357|0.337,139,4,135
1790906363689813984,Nicolas,3b86e8d90c68,1.069,3,ff1f09cdeac3|6b491d48ae51|123909d83138,Vania|Nahim|Sebastian,4|2|3,6.584|3.556|0.537,139,4,135
1790906363890617664,Nicolas,3b86e8d90c68,1.269,3,ff1f09cdeac3|6b491d48ae51|123909d83138,Vania|Nahim|Sebastian,4|2|3,6.785|3.757|0.738,139,4,135
1790906364090376000,Nicolas,3b86e8d90c68,1.469,3,ff1f09cdeac3|6b491d48ae51|123909d83138,Vania|Nahim|Sebastian,4|2|3,6.984|3.957|0.937,139,4,135
1790906364290595168,Nicolas,3b86e8d90c68,1.669,3,ff1f09cdeac3|6b491d48ae51|123909d83138,Vania|Nahim|Sebastian,4|2|3,7.184|4.157|1.138,139,4,135
1790906364490286912,Nicolas,3b86e8d90c68,1.869,3,ff1f09cdeac3|6b491d48ae51|123909d83138,Vania|Nahim|Sebastian,4|2|3,7.384|4.357|1.337,139,4,135
1790906364690341248,Nicolas,3b86e8d90c68,2.069,3,ff1f09cdeac3|6b491d48ae51|123909d83138,Vania|Nahim|Sebastian,4|2|3,7.584|4.557|1.537,139,4,135
1790906364889708704,Nicolas,3b86e8d90c68,2.269,3,ff1f09cdeac3|6b491d48ae51|123909d83138,Vania|Nahim|Sebastian,4|2|3,7.784|4.756|1.737,139,4,135
1790906365090352640,Nicolas,3b86e8d90c68,2.469,3,ff1f09cdeac3|6b491d48ae51|123909d83138,Vania|Nahim|Sebastian,4|2|3,7.984|4.957|1.937,139,4,135
1790906365289972128,Nicolas,3b86e8d90c68,2.669,3,ff1f09cdeac3|6b491d48ae51|123909d83138,Vania|Nahim|Sebastian,4|2|3,8.184|5.156|2.137,139,4,135
1790906365490344928,Nicolas,3b86e8d90c68,2.869,3,ff1f09cdeac3|6b491d48ae51|123909d83138,Vania|Nahim|Sebastian,4|2|3,8.384|5.357|2.337,139,4,135
1790906365690217120,Vania,ff1f09cdeac3,0.050,2,6b491d48ae51|123909d83138,Nahim|Sebastian,2|3,5.557|2.537,139,4,136
1790906365890279168,Vania,ff1f09cdeac3,0.250,2,6b491d48ae51|123909d83138,Nahim|Sebastian,2|3,5.757|2.737,139,4,136
1790906366089892480,Vania,ff1f09cdeac3,0.449,2,6b491d48ae51|123909d83138,Nahim|Sebastian,2|3,5.956|2.937,139,4,136
1790906366290182336,Vania,ff1f09cdeac3,0.650,3,6b491d48ae51|123909d83138|bce1bf98fdac,Nahim|Sebastian|Nicolas,2|3|1,6.157|3.137|0.112,140,5,136
1790906366490336160,Vania,ff1f09cdeac3,0.850,3,6b491d48ae51|123909d83138|bce1bf98fdac,Nahim|Sebastian|Nicolas,2|3|1,6.357|3.337|0.312,140,5,136
1790906366690368320,Vania,ff1f09cdeac3,1.050,3,6b491d48ae51|123909d83138|bce1bf98fdac,Nahim|Sebastian|Nicolas,2|3|1,6.557|3.537|0.513,140,5,136
1790906366890219744,Vania,ff1f09cdeac3,1.250,3,6b491d48ae51|123909d83138|bce1bf98fdac,Nahim|Sebastian|Nicolas,2|3|1,6.757|3.737|0.712,140,5,136
1790906367090080736,Vania,ff1f09cdeac3,1.450,3,6b491d48ae51|123909d83138|bce1bf98fdac,Nahim|Sebastian|Nicolas,2|3|1,6.956|3.937|0.912,140,5,136
1790906367289675328,Vania,ff1f09cdeac3,1.649,3,6b491d48ae51|123909d83138|bce1bf98fdac,Nahim|Sebastian|Nicolas,2|3|1,7.156|4.137|1.112,140,5,136
1790906367490247392,Vania,ff1f09cdeac3,1.850,3,6b491d48ae51|123909d83138|bce1bf98fdac,Nahim|Sebastian|Nicolas,2|3|1,7.357|4.337|1.312,140,5,136
1790906367690596288,Vania,ff1f09cdeac3,2.050,3,6b491d48ae51|123909d83138|bce1bf98fdac,Nahim|Sebastian|Nicolas,2|3|1,7.557|4.537|1.512,140,5,136
1790906367890323808,Vania,ff1f09cdeac3,2.250,3,6b491d48ae51|123909d83138|bce1bf98fdac,Nahim|Sebastian|Nicolas,2|3|1,7.757|4.737|1.713,140,5,136
1790906368090229088,Vania,ff1f09cdeac3,2.450,3,6b491d48ae51|123909d83138|bce1bf98fdac,Nahim|Sebastian|Nicolas,2|3|1,7.957|4.937|1.912,140,5,136
1790906368290356992,Vania,ff1f09cdeac3,2.650,3,6b491d48ae51|123909d83138|bce1bf98fdac,Nahim|Sebastian|Nicolas,2|3|1,8.157|5.137|2.112,140,5,136
1790906368489736000,Vania,ff1f09cdeac3,2.849,3,6b491d48ae51|123909d83138|bce1bf98fdac,Nahim|Sebastian|Nicolas,2|3|1,8.356|5.337|2.312,140,5,136
1790906368690062848,Nahim,6b491d48ae51,0.030,2,123909d83138|bce1bf98fdac,Sebastian|Nicolas,3|1,5.537|2.512,140,5,137
1790906368890321600,Nahim,6b491d48ae51,0.230,2,123909d83138|bce1bf98fdac,Sebastian|Nicolas,3|1,5.737|2.712,140,5,137
1790906369090308864,Nahim,6b491d48ae51,0.430,2,123909d83138|bce1bf98fdac,Sebastian|Nicolas,3|1,5.937|2.912,140,5,137
1790906369290236832,Nahim,6b491d48ae51,0.630,3,123909d83138|bce1bf98fdac|a46b48227e34,Sebastian|Nicolas|Vania,3|1|4,6.137|3.112|0.106,141,5,137
1790906369490330912,Nahim,6b491d48ae51,0.830,3,123909d83138|bce1bf98fdac|a46b48227e34,Sebastian|Nicolas|Vania,3|1|4,6.337|3.312|0.306,141,5,137
1790906369689727520,Nahim,6b491d48ae51,1.030,3,123909d83138|bce1bf98fdac|a46b48227e34,Sebastian|Nicolas|Vania,3|1|4,6.537|3.512|0.506,141,5,137
1790906369890230080,Nahim,6b491d48ae51,1.230,3,123909d83138|bce1bf98fdac|a46b48227e34,Sebastian|Nicolas|Vania,3|1|4,6.737|3.712|0.706,141,5,137
1790906370090214656,Nahim,6b491d48ae51,1.430,3,123909d83138|bce1bf98fdac|a46b48227e34,Sebastian|Nicolas|Vania,3|1|4,6.937|3.912|0.906,141,5,137
1790906370290403648,Nahim,6b491d48ae51,1.630,3,123909d83138|bce1bf98fdac|a46b48227e34,Sebastian|Nicolas|Vania,3|1|4,7.137|4.113|1.106,141,5,137
1790906370490254176,Nahim,6b491d48ae51,1.830,3,123909d83138|bce1bf98fdac|a46b48227e34,Sebastian|Nicolas|Vania,3|1|4,7.337|4.312|1.306,141,5,137
1790906370690316448,Nahim,6b491d48ae51,2.030,3,123909d83138|bce1bf98fdac|a46b48227e34,Sebastian|Nicolas|Vania,3|1|4,7.537|4.512|1.506,141,5,137
1790906370889820256,Nahim,6b491d48ae51,2.230,3,123909d83138|bce1bf98fdac|a46b48227e34,Sebastian|Nicolas|Vania,3|1|4,7.737|4.712|1.706,141,5,137
1790906371090316960,Nahim,6b491d48ae51,2.430,3,123909d83138|bce1bf98fdac|a46b48227e34,Sebastian|Nicolas|Vania,3|1|4,7.937|4.912|1.906,141,5,137
1790906371290342016,Nahim,6b491d48ae51,2.630,3,123909d83138|bce1bf98fdac|a46b48227e34,Sebastian|Nicolas|Vania,3|1|4,8.137|5.112|2.106,141,5,137
1790906371490019104,Nahim,6b491d48ae51,2.830,3,123909d83138|bce1bf98fdac|a46b48227e34,Sebastian|Nicolas|Vania,3|1|4,8.337|5.312|2.306,141,5,137
1790906371690328672,Sebastian,123909d83138,0.010,2,bce1bf98fdac|a46b48227e34,Nicolas|Vania,1|4,5.512|2.506,141,5,138
1790906371890043552,Sebastian,123909d83138,0.210,2,bce1bf98fdac|a46b48227e34,Nicolas|Vania,1|4,5.712|2.706,141,5,138
1790906372090121600,Sebastian,123909d83138,0.410,2,bce1bf98fdac|a46b48227e34,Nicolas|Vania,1|4,5.912|2.906,141,5,138
1790906372290057344,Sebastian,123909d83138,0.610,3,bce1bf98fdac|a46b48227e34|a276208567f3,Nicolas|Vania|Nahim,1|4|2,6.112|3.106|0.067,142,6,138
1790906372490356128,Sebastian,123909d83138,0.810,3,bce1bf98fdac|a46b48227e34|a276208567f3,Nicolas|Vania|Nahim,1|4|2,6.312|3.306|0.267,142,6,138
1790906372690352128,Sebastian,123909d83138,1.010,3,bce1bf98fdac|a46b48227e34|a276208567f3,Nicolas|Vania|Nahim,1|4|2,6.512|3.506|0.467,142,6,138
1790906372892183840,Sebastian,123909d83138,1.211,3,bce1bf98fdac|a46b48227e34|a276208567f3,Nicolas|Vania|Nahim,1|4|2,6.714|3.707|0.668,142,6,138
1790906373090358336,Sebastian,123909d83138,1.410,3,bce1bf98fdac|a46b48227e34|a276208567f3,Nicolas|Vania|Nahim,1|4|2,6.912|3.906|0.867,142,6,138
1790906373289879040,Sebastian,123909d83138,1.610,3,bce1bf98fdac|a46b48227e34|a276208567f3,Nicolas|Vania|Nahim,1|4|2,7.112|4.106|1.067,142,6,138
1790906373490388448,Sebastian,123909d83138,1.810,3,bce1bf98fdac|a46b48227e34|a276208567f3,Nicolas|Vania|Nahim,1|4|2,7.313|4.306|1.267,142,6,138
1790906373689780736,Sebastian,123909d83138,2.010,3,bce1bf98fdac|a46b48227e34|a276208567f3,Nicolas|Vania|Nahim,1|4|2,7.512|4.506|1.467,142,6,138
1790906373890254592,Sebastian,123909d83138,2.210,3,bce1bf98fdac|a46b48227e34|a276208567f3,Nicolas|Vania|Nahim,1|4|2,7.712|4.706|1.667,142,6,138
1790906374089857024,Sebastian,123909d83138,2.410,3,bce1bf98fdac|a46b48227e34|a276208567f3,Nicolas|Vania|Nahim,1|4|2,7.912|4.906|1.867,142,6,138
1790906374290314848,Sebastian,123909d83138,2.610,3,bce1bf98fdac|a46b48227e34|a276208567f3,Nicolas|Vania|Nahim,1|4|2,8.112|5.106|2.067,142,6,138
1790906374489793120,Sebastian,123909d83138,2.810,3,bce1bf98fdac|a46b48227e34|a276208567f3,Nicolas|Vania|Nahim,1|4|2,8.312|5.306|2.267,142,6,138
1790906374690289984,Sebastian,123909d83138,3.010,3,bce1bf98fdac|a46b48227e34|a276208567f3,Nicolas|Vania|Nahim,1|4|2,8.512|5.506|2.467,142,6,138
1790906374890528928,Nicolas,bce1bf98fdac,0.186,2,a46b48227e34|a276208567f3,Vania|Nahim,4|2,5.706|2.667,142,6,139
1790906375090305632,Nicolas,bce1bf98fdac,0.386,2,a46b48227e34|a276208567f3,Vania|Nahim,4|2,5.906|2.867,142,6,139
1790906375290100928,Nicolas,bce1bf98fdac,0.586,3,a46b48227e34|a276208567f3|3268d07afdf2,Vania|Nahim|Sebastian,4|2|3,6.106|3.067|0.054,143,7,139
1790906375489959744,Nicolas,bce1bf98fdac,0.786,3,a46b48227e34|a276208567f3|3268d07afdf2,Vania|Nahim|Sebastian,4|2|3,6.306|3.267|0.254,143,7,139
1790906375689788864,Nicolas,bce1bf98fdac,0.986,3,a46b48227e34|a276208567f3|3268d07afdf2,Vania|Nahim|Sebastian,4|2|3,6.506|3.467|0.454,143,7,139
1790906375890237952,Nicolas,bce1bf98fdac,1.186,3,a46b48227e34|a276208567f3|3268d07afdf2,Vania|Nahim|Sebastian,4|2|3,6.706|3.667|0.654,143,7,139
1790906376090135904,Nicolas,bce1bf98fdac,1.386,3,a46b48227e34|a276208567f3|3268d07afdf2,Vania|Nahim|Sebastian,4|2|3,6.906|3.867|0.854,143,7,139
1790906376289837024,Nicolas,bce1bf98fdac,1.586,3,a46b48227e34|a276208567f3|3268d07afdf2,Vania|Nahim|Sebastian,4|2|3,7.106|4.067|1.054,143,7,139
1790906376490380448,Nicolas,bce1bf98fdac,1.786,3,a46b48227e34|a276208567f3|3268d07afdf2,Vania|Nahim|Sebastian,4|2|3,7.306|4.267|1.255,143,7,139
1790906376690334304,Nicolas,bce1bf98fdac,1.986,3,a46b48227e34|a276208567f3|3268d07afdf2,Vania|Nahim|Sebastian,4|2|3,7.506|4.467|1.455,143,7,139
1790906376889980736,Nicolas,bce1bf98fdac,2.186,3,a46b48227e34|a276208567f3|3268d07afdf2,Vania|Nahim|Sebastian,4|2|3,7.706|4.667|1.654,143,7,139
1790906377090347392,Nicolas,bce1bf98fdac,2.386,3,a46b48227e34|a276208567f3|3268d07afdf2,Vania|Nahim|Sebastian,4|2|3,7.906|4.867|1.855,143,7,139
1790906377290320032,Nicolas,bce1bf98fdac,2.586,3,a46b48227e34|a276208567f3|3268d07afdf2,Vania|Nahim|Sebastian,4|2|3,8.106|5.067|2.055,143,7,139
1790906377490289280,Nicolas,bce1bf98fdac,2.786,3,a46b48227e34|a276208567f3|3268d07afdf2,Vania|Nahim|Sebastian,4|2|3,8.306|5.267|2.255,143,7,139
1790906377690390432,Nicolas,bce1bf98fdac,2.986,3,a46b48227e34|a276208567f3|3268d07afdf2,Vania|Nahim|Sebastian,4|2|3,8.506|5.467|2.455,143,7,139
1790906377890360128,Vania,a46b48227e34,0.166,2,a276208567f3|3268d07afdf2,Nahim|Sebastian,2|3,5.667|2.655,143,7,140
1790906378089645120,Vania,a46b48227e34,0.365,2,a276208567f3|3268d07afdf2,Nahim|Sebastian,2|3,5.867|2.854,143,7,140
1790906378289966912,Vania,a46b48227e34,0.565,3,a276208567f3|3268d07afdf2|1738c51ada6a,Nahim|Sebastian|Nicolas,2|3|1,6.067|3.054|0.033,144,7,140
1790906378490319456,Vania,a46b48227e34,0.766,3,a276208567f3|3268d07afdf2|1738c51ada6a,Nahim|Sebastian|Nicolas,2|3|1,6.267|3.255|0.234,144,7,140
1790906378690270400,Vania,a46b48227e34,0.966,3,a276208567f3|3268d07afdf2|1738c51ada6a,Nahim|Sebastian|Nicolas,2|3|1,6.467|3.454|0.434,144,7,140
1790906378890364864,Vania,a46b48227e34,1.166,3,a276208567f3|3268d07afdf2|1738c51ada6a,Nahim|Sebastian|Nicolas,2|3|1,6.667|3.655|0.634,144,7,140
1790906379090275776,Vania,a46b48227e34,1.366,3,a276208567f3|3268d07afdf2|1738c51ada6a,Nahim|Sebastian|Nicolas,2|3|1,6.867|3.854|0.834,144,7,140
1790906379289947008,Vania,a46b48227e34,1.566,3,a276208567f3|3268d07afdf2|1738c51ada6a,Nahim|Sebastian|Nicolas,2|3|1,7.067|4.054|1.033,144,7,140
1790906379489925792,Vania,a46b48227e34,1.765,3,a276208567f3|3268d07afdf2|1738c51ada6a,Nahim|Sebastian|Nicolas,2|3|1,7.267|4.254|1.233,144,7,140
1790906379690416448,Vania,a46b48227e34,1.966,3,a276208567f3|3268d07afdf2|1738c51ada6a,Nahim|Sebastian|Nicolas,2|3|1,7.467|4.455|1.434,144,7,140
1790906379890607424,Vania,a46b48227e34,2.166,3,a276208567f3|3268d07afdf2|1738c51ada6a,Nahim|Sebastian|Nicolas,2|3|1,7.668|4.655|1.634,144,7,140
1790906380090382208,Vania,a46b48227e34,2.366,3,a276208567f3|3268d07afdf2|1738c51ada6a,Nahim|Sebastian|Nicolas,2|3|1,7.867|4.855|1.834,144,7,140
1790906380290011616,Vania,a46b48227e34,2.566,3,a276208567f3|3268d07afdf2|1738c51ada6a,Nahim|Sebastian|Nicolas,2|3|1,8.067|5.054|2.033,144,7,140
1790906380490045376,Vania,a46b48227e34,2.765,3,a276208567f3|3268d07afdf2|1738c51ada6a,Nahim|Sebastian|Nicolas,2|3|1,8.267|5.254|2.233,144,7,140
1790906380690866624,Vania,a46b48227e34,2.966,3,a276208567f3|3268d07afdf2|1738c51ada6a,Nahim|Sebastian|Nicolas,2|3|1,8.468|5.455|2.434,144,7,140
1790906380890390368,Nahim,a276208567f3,0.146,2,3268d07afdf2|1738c51ada6a,Sebastian|Nicolas,3|1,5.655|2.634,144,7,141
1790906381090283648,Nahim,a276208567f3,0.346,2,3268d07afdf2|1738c51ada6a,Sebastian|Nicolas,3|1,5.855|2.834,144,7,141
1790906381296863232,Nahim,a276208567f3,0.552,3,3268d07afdf2|1738c51ada6a|7b4683c54f6e,Sebastian|Nicolas|Vania,3|1|4,6.061|3.040|0.007,145,8,141
1790906381490436608,Nahim,a276208567f3,0.746,3,3268d07afdf2|1738c51ada6a|7b4683c54f6e,Sebastian|Nicolas|Vania,3|1|4,6.255|3.234|0.200,145,8,141
1790906381689722592,Nahim,a276208567f3,0.945,3,3268d07afdf2|1738c51ada6a|7b4683c54f6e,Sebastian|Nicolas|Vania,3|1|4,6.454|3.433|0.399,145,8,141
1790906381890293920,Nahim,a276208567f3,1.146,3,3268d07afdf2|1738c51ada6a|7b4683c54f6e,Sebastian|Nicolas|Vania,3|1|4,6.655|3.634|0.600,145,8,141
1790906382089694304,Nahim,a276208567f3,1.345,3,3268d07afdf2|1738c51ada6a|7b4683c54f6e,Sebastian|Nicolas|Vania,3|1|4,6.854|3.833|0.799,145,8,141
1790906382290193600,Nahim,a276208567f3,1.546,3,3268d07afdf2|1738c51ada6a|7b4683c54f6e,Sebastian|Nicolas|Vania,3|1|4,7.054|4.034|1.000,145,8,141
1790906382490320288,Nahim,a276208567f3,1.746,3,3268d07afdf2|1738c51ada6a|7b4683c54f6e,Sebastian|Nicolas|Vania,3|1|4,7.255|4.234|1.200,145,8,141
1790906382690387040,Nahim,a276208567f3,1.946,3,3268d07afdf2|1738c51ada6a|7b4683c54f6e,Sebastian|Nicolas|Vania,3|1|4,7.455|4.434|1.400,145,8,141
1790906382889944224,Nahim,a276208567f3,2.145,3,3268d07afdf2|1738c51ada6a|7b4683c54f6e,Sebastian|Nicolas|Vania,3|1|4,7.654|4.633|1.599,145,8,141
1790906383090276192,Nahim,a276208567f3,2.346,3,3268d07afdf2|1738c51ada6a|7b4683c54f6e,Sebastian|Nicolas|Vania,3|1|4,7.854|4.834|1.800,145,8,141
1790906383290343552,Nahim,a276208567f3,2.546,3,3268d07afdf2|1738c51ada6a|7b4683c54f6e,Sebastian|Nicolas|Vania,3|1|4,8.055|5.034|2.000,145,8,141
1790906383490238944,Nahim,a276208567f3,2.746,3,3268d07afdf2|1738c51ada6a|7b4683c54f6e,Sebastian|Nicolas|Vania,3|1|4,8.254|5.234|2.200,145,8,141
1790906383690380832,Nahim,a276208567f3,2.946,3,3268d07afdf2|1738c51ada6a|7b4683c54f6e,Sebastian|Nicolas|Vania,3|1|4,8.455|5.434|2.400,145,8,141
1790906383890609632,Sebastian,3268d07afdf2,0.126,2,1738c51ada6a|7b4683c54f6e,Nicolas|Vania,1|4,5.634|2.600,145,8,142
1790906384090519232,Sebastian,3268d07afdf2,0.326,2,1738c51ada6a|7b4683c54f6e,Nicolas|Vania,1|4,5.834|2.800,145,8,142
1790906384290191648,Sebastian,3268d07afdf2,0.526,2,1738c51ada6a|7b4683c54f6e,Nicolas|Vania,1|4,6.034|3.000,145,8,142
1790906384490328608,Sebastian,3268d07afdf2,0.726,3,1738c51ada6a|7b4683c54f6e|13ba9b0971f1,Nicolas|Vania|Nahim,1|4|2,6.234|3.200|0.194,146,8,142
1790906384690015488,Sebastian,3268d07afdf2,0.926,3,1738c51ada6a|7b4683c54f6e|13ba9b0971f1,Nicolas|Vania|Nahim,1|4|2,6.434|3.400|0.394,146,8,142
1790906384890367328,Sebastian,3268d07afdf2,1.126,3,1738c51ada6a|7b4683c54f6e|13ba9b0971f1,Nicolas|Vania|Nahim,1|4|2,6.634|3.600|0.594,146,8,142
1790906385089922336,Sebastian,3268d07afdf2,1.325,3,1738c51ada6a|7b4683c54f6e|13ba9b0971f1,Nicolas|Vania|Nahim,1|4|2,6.833|3.799|0.794,146,8,142
1790906385290225632,Sebastian,3268d07afdf2,1.526,3,1738c51ada6a|7b4683c54f6e|13ba9b0971f1,Nicolas|Vania|Nahim,1|4|2,7.034|4.000|0.994,146,8,142
1790906385490297632,Sebastian,3268d07afdf2,1.726,3,1738c51ada6a|7b4683c54f6e|13ba9b0971f1,Nicolas|Vania|Nahim,1|4|2,7.234|4.200|1.194,146,8,142
1790906385690297600,Sebastian,3268d07afdf2,1.926,3,1738c51ada6a|7b4683c54f6e|13ba9b0971f1,Nicolas|Vania|Nahim,1|4|2,7.434|4.400|1.394,146,8,142
1790906385890432928,Sebastian,3268d07afdf2,2.126,3,1738c51ada6a|7b4683c54f6e|13ba9b0971f1,Nicolas|Vania|Nahim,1|4|2,7.634|4.600|1.594,146,8,142
1790906386090321280,Sebastian,3268d07afdf2,2.326,3,1738c51ada6a|7b4683c54f6e|13ba9b0971f1,Nicolas|Vania|Nahim,1|4|2,7.834|4.800|1.794,146,8,142
1790906386289985568,Sebastian,3268d07afdf2,2.525,3,1738c51ada6a|7b4683c54f6e|13ba9b0971f1,Nicolas|Vania|Nahim,1|4|2,8.033|5.000|1.994,146,8,142
1790906386489613312,Sebastian,3268d07afdf2,2.725,3,1738c51ada6a|7b4683c54f6e|13ba9b0971f1,Nicolas|Vania|Nahim,1|4|2,8.233|5.199|2.194,146,8,142
1790906386690328352,Sebastian,3268d07afdf2,2.926,3,1738c51ada6a|7b4683c54f6e|13ba9b0971f1,Nicolas|Vania|Nahim,1|4|2,8.434|5.400|2.394,146,8,142
1790906386889592160,Nicolas,1738c51ada6a,0.105,2,7b4683c54f6e|13ba9b0971f1,Vania|Nahim,4|2,5.599|2.594,146,8,143
1790906387091297760,Nicolas,1738c51ada6a,0.306,2,7b4683c54f6e|13ba9b0971f1,Vania|Nahim,4|2,5.801|2.795,146,8,143
1790906387289684672,Nicolas,1738c51ada6a,0.505,2,7b4683c54f6e|13ba9b0971f1,Vania|Nahim,4|2,5.999|2.994,146,8,143
1790906387490191808,Nicolas,1738c51ada6a,0.705,3,7b4683c54f6e|13ba9b0971f1|6748ca8d117e,Vania|Nahim|Sebastian,4|2|3,6.200|3.194|0.173,147,8,143
1790906387690323776,Nicolas,1738c51ada6a,0.905,3,7b4683c54f6e|13ba9b0971f1|6748ca8d117e,Vania|Nahim|Sebastian,4|2|3,6.400|3.394|0.373,147,8,143
1790906387890412000,Nicolas,1738c51ada6a,1.105,3,7b4683c54f6e|13ba9b0971f1|6748ca8d117e,Vania|Nahim|Sebastian,4|2|3,6.600|3.594|0.573,147,8,143
1790906388090247008,Nicolas,1738c51ada6a,1.305,3,7b4683c54f6e|13ba9b0971f1|6748ca8d117e,Vania|Nahim|Sebastian,4|2|3,6.800|3.794|0.773,147,8,143
1790906388290283072,Nicolas,1738c51ada6a,1.505,3,7b4683c54f6e|13ba9b0971f1|6748ca8d117e,Vania|Nahim|Sebastian,4|2|3,7.000|3.994|0.973,147,8,143
1790906388490262976,Nicolas,1738c51ada6a,1.705,3,7b4683c54f6e|13ba9b0971f1|6748ca8d117e,Vania|Nahim|Sebastian,4|2|3,7.200|4.194|1.173,147,8,143
1790906388690290848,Nicolas,1738c51ada6a,1.905,3,7b4683c54f6e|13ba9b0971f1|6748ca8d117e,Vania|Nahim|Sebastian,4|2|3,7.400|4.394|1.373,147,8,143
1790906388890359616,Nicolas,1738c51ada6a,2.105,3,7b4683c54f6e|13ba9b0971f1|6748ca8d117e,Vania|Nahim|Sebastian,4|2|3,7.600|4.594|1.573,147,8,143
1790906389089811648,Nicolas,1738c51ada6a,2.305,3,7b4683c54f6e|13ba9b0971f1|6748ca8d117e,Vania|Nahim|Sebastian,4|2|3,7.799|4.794|1.772,147,8,143
1790906389290323680,Nicolas,1738c51ada6a,2.505,3,7b4683c54f6e|13ba9b0971f1|6748ca8d117e,Vania|Nahim|Sebastian,4|2|3,8.000|4.994|1.973,147,8,143
1790906389489829184,Nicolas,1738c51ada6a,2.705,3,7b4683c54f6e|13ba9b0971f1|6748ca8d117e,Vania|Nahim|Sebastian,4|2|3,8.200|5.194|2.172,147,8,143
1790906389690238944,Nicolas,1738c51ada6a,2.905,3,7b4683c54f6e|13ba9b0971f1|6748ca8d117e,Vania|Nahim|Sebastian,4|2|3,8.400|5.394|2.373,147,8,143
1790906389890411872,Vania,7b4683c54f6e,0.086,2,13ba9b0971f1|6748ca8d117e,Nahim|Sebastian,2|3,5.594|2.573,147,8,144
1790906390090632224,Vania,7b4683c54f6e,0.286,2,13ba9b0971f1|6748ca8d117e,Nahim|Sebastian,2|3,5.794|2.773,147,8,144
1790906390290261824,Vania,7b4683c54f6e,0.486,2,13ba9b0971f1|6748ca8d117e,Nahim|Sebastian,2|3,5.994|2.973,147,8,144
1790906390490252096,Vania,7b4683c54f6e,0.686,3,13ba9b0971f1|6748ca8d117e|2b8d439d1389,Nahim|Sebastian|Nicolas,2|3|1,6.194|3.173|0.153,148,8,144
1790906390690370304,Vania,7b4683c54f6e,0.886,3,13ba9b0971f1|6748ca8d117e|2b8d439d1389,Nahim|Sebastian|Nicolas,2|3|1,6.394|3.373|0.353,148,8,144
1790906390890640128,Vania,7b4683c54f6e,1.086,3,13ba9b0971f1|6748ca8d117e|2b8d439d1389,Nahim|Sebastian|Nicolas,2|3|1,6.594|3.573|0.553,148,8,144
1790906391089976288,Vania,7b4683c54f6e,1.286,3,13ba9b0971f1|6748ca8d117e|2b8d439d1389,Nahim|Sebastian|Nicolas,2|3|1,6.794|3.772|0.753,148,8,144
1790906391290356064,Vania,7b4683c54f6e,1.486,3,13ba9b0971f1|6748ca8d117e|2b8d439d1389,Nahim|Sebastian|Nicolas,2|3|1,6.994|3.973|0.953,148,8,144
1790906391490457792,Vania,7b4683c54f6e,1.686,3,13ba9b0971f1|6748ca8d117e|2b8d439d1389,Nahim|Sebastian|Nicolas,2|3|1,7.194|4.173|1.153,148,8,144
1790906391690180032,Vania,7b4683c54f6e,1.886,3,13ba9b0971f1|6748ca8d117e|2b8d439d1389,Nahim|Sebastian|Nicolas,2|3|1,7.394|4.373|1.353,148,8,144
1790906391890319200,Vania,7b4683c54f6e,2.086,3,13ba9b0971f1|6748ca8d117e|2b8d439d1389,Nahim|Sebastian|Nicolas,2|3|1,7.594|4.573|1.553,148,8,144
1790906392089994688,Vania,7b4683c54f6e,2.286,3,13ba9b0971f1|6748ca8d117e|2b8d439d1389,Nahim|Sebastian|Nicolas,2|3|1,7.794|4.772|1.753,148,8,144
1790906392289860640,Vania,7b4683c54f6e,2.486,3,13ba9b0971f1|6748ca8d117e|2b8d439d1389,Nahim|Sebastian|Nicolas,2|3|1,7.994|4.972|1.953,148,8,144
1790906392489782784,Vania,7b4683c54f6e,2.685,3,13ba9b0971f1|6748ca8d117e|2b8d439d1389,Nahim|Sebastian|Nicolas,2|3|1,8.194|5.172|2.152,148,8,144
1790906392690300640,Vania,7b4683c54f6e,2.886,3,13ba9b0971f1|6748ca8d117e|2b8d439d1389,Nahim|Sebastian|Nicolas,2|3|1,8.394|5.373|2.353,148,8,144
1790906392890352608,Nahim,13ba9b0971f1,0.067,2,6748ca8d117e|2b8d439d1389,Sebastian|Nicolas,3|1,5.573|2.553,148,8,145
1790906393090261632,Nahim,13ba9b0971f1,0.267,2,6748ca8d117e|2b8d439d1389,Sebastian|Nicolas,3|1,5.773|2.753,148,8,145
1790906393290700576,Nahim,13ba9b0971f1,0.467,2,6748ca8d117e|2b8d439d1389,Sebastian|Nicolas,3|1,5.973|2.953,148,8,145
1790906393489882176,Nahim,13ba9b0971f1,0.666,3,6748ca8d117e|2b8d439d1389|2c6cc639a490,Sebastian|Nicolas|Vania,3|1|4,6.172|3.153|0.133,149,8,145
1790906393690431840,Nahim,13ba9b0971f1,0.867,3,6748ca8d117e|2b8d439d1389|2c6cc639a490,Sebastian|Nicolas|Vania,3|1|4,6.373|3.353|0.333,149,8,145
1790906393890385184,Nahim,13ba9b0971f1,1.067,3,6748ca8d117e|2b8d439d1389|2c6cc639a490,Sebastian|Nicolas|Vania,3|1|4,6.573|3.553|0.533,149,8,145
1790906394090262272,Nahim,13ba9b0971f1,1.267,3,6748ca8d117e|2b8d439d1389|2c6cc639a490,Sebastian|Nicolas|Vania,3|1|4,6.773|3.753|0.733,149,8,145
1790906394289682240,Nahim,13ba9b0971f1,1.466,3,6748ca8d117e|2b8d439d1389|2c6cc639a490,Sebastian|Nicolas|Vania,3|1|4,6.972|3.952|0.933,149,8,145
1790906394490455008,Nahim,13ba9b0971f1,1.667,3,6748ca8d117e|2b8d439d1389|2c6cc639a490,Sebastian|Nicolas|Vania,3|1|4,7.173|4.153|1.133,149,8,145
1790906394689609152,Nahim,13ba9b0971f1,1.866,3,6748ca8d117e|2b8d439d1389|2c6cc639a490,Sebastian|Nicolas|Vania,3|1|4,7.372|4.352|1.333,149,8,145
1790906394890331328,Nahim,13ba9b0971f1,2.067,3,6748ca8d117e|2b8d439d1389|2c6cc639a490,Sebastian|Nicolas|Vania,3|1|4,7.573|4.553|1.533,149,8,145
1790906395090159200,Nahim,13ba9b0971f1,2.267,3,6748ca8d117e|2b8d439d1389|2c6cc639a490,Sebastian|Nicolas|Vania,3|1|4,7.773|4.753|1.733,149,8,145
1790906395290601312,Nahim,13ba9b0971f1,2.467,3,6748ca8d117e|2b8d439d1389|2c6cc639a490,Sebastian|Nicolas|Vania,3|1|4,7.973|4.953|1.933,149,8,145
1790906395490328096,Nahim,13ba9b0971f1,2.667,3,6748ca8d117e|2b8d439d1389|2c6cc639a490,Sebastian|Nicolas|Vania,3|1|4,8.173|5.153|2.133,149,8,145
1790906395690031456,Nahim,13ba9b0971f1,2.866,3,6748ca8d117e|2b8d439d1389|2c6cc639a490,Sebastian|Nicolas|Vania,3|1|4,8.372|5.353|2.333,149,8,145
1790906395890103808,Sebastian,6748ca8d117e,0.046,2,2b8d439d1389|2c6cc639a490,Nicolas|Vania,1|4,5.553|2.533,149,8,146
1790906396090554304,Sebastian,6748ca8d117e,0.247,2,2b8d439d1389|2c6cc639a490,Nicolas|Vania,1|4,5.753|2.733,149,8,146
1790906396290449280,Sebastian,6748ca8d117e,0.447,2,2b8d439d1389|2c6cc639a490,Nicolas|Vania,1|4,5.953|2.933,149,8,146
1790906396490209376,Sebastian,6748ca8d117e,0.647,3,2b8d439d1389|2c6cc639a490|92bbcdc51732,Nicolas|Vania|Nahim,1|4|2,6.153|3.133|0.113,150,8,146
1790906396690328384,Sebastian,6748ca8d117e,0.847,3,2b8d439d1389|2c6cc639a490|92bbcdc51732,Nicolas|Vania|Nahim,1|4|2,6.353|3.333|0.313,150,8,146
1790906396890054304,Sebastian,6748ca8d117e,1.046,3,2b8d439d1389|2c6cc639a490|92bbcdc51732,Nicolas|Vania|Nahim,1|4|2,6.553|3.533|0.513,150,8,146
1790906397089713216,Sebastian,6748ca8d117e,1.246,3,2b8d439d1389|2c6cc639a490|92bbcdc51732,Nicolas|Vania|Nahim,1|4|2,6.752|3.733|0.713,150,8,146
1790906397290012416,Sebastian,6748ca8d117e,1.446,3,2b8d439d1389|2c6cc639a490|92bbcdc51732,Nicolas|Vania|Nahim,1|4|2,6.953|3.933|0.913,150,8,146
1790906397490309824,Sebastian,6748ca8d117e,1.647,3,2b8d439d1389|2c6cc639a490|92bbcdc51732,Nicolas|Vania|Nahim,1|4|2,7.153|4.133|1.113,150,8,146
1790906397690282496,Sebastian,6748ca8d117e,1.847,3,2b8d439d1389|2c6cc639a490|92bbcdc51732,Nicolas|Vania|Nahim,1|4|2,7.353|4.333|1.313,150,8,146
1790906397890441952,Sebastian,6748ca8d117e,2.047,3,2b8d439d1389|2c6cc639a490|92bbcdc51732,Nicolas|Vania|Nahim,1|4|2,7.553|4.533|1.513,150,8,146
1790906398090547712,Sebastian,6748ca8d117e,2.247,3,2b8d439d1389|2c6cc639a490|92bbcdc51732,Nicolas|Vania|Nahim,1|4|2,7.753|4.733|1.713,150,8,146
1790906398289629568,Sebastian,6748ca8d117e,2.446,3,2b8d439d1389|2c6cc639a490|92bbcdc51732,Nicolas|Vania|Nahim,1|4|2,7.952|4.933|1.913,150,8,146
1790906398490444768,Sebastian,6748ca8d117e,2.647,3,2b8d439d1389|2c6cc639a490|92bbcdc51732,Nicolas|Vania|Nahim,1|4|2,8.153|5.133|2.113,150,8,146
1790906398690341600,Sebastian,6748ca8d117e,2.847,3,2b8d439d1389|2c6cc639a490|92bbcdc51732,Nicolas|Vania|Nahim,1|4|2,8.353|5.333|2.313,150,8,146
1790906398890159520,Nicolas,2b8d439d1389,0.026,2,2c6cc639a490|92bbcdc51732,Vania|Nahim,4|2,5.533|2.513,150,8,147
1790906399090254624,Nicolas,2b8d439d1389,0.226,2,2c6cc639a490|92bbcdc51732,Vania|Nahim,4|2,5.733|2.713,150,8,147
1790906399290390528,Nicolas,2b8d439d1389,0.426,2,2c6cc639a490|92bbcdc51732,Vania|Nahim,4|2,5.933|2.913,150,8,147
1790906399489867840,Nicolas,2b8d439d1389,0.626,3,2c6cc639a490|92bbcdc51732|53215f78aead,Vania|Nahim|Sebastian,4|2|3,6.133|3.113|0.088,151,8,147
1790906399690687200,Nicolas,2b8d439d1389,0.826,3,2c6cc639a490|92bbcdc51732|53215f78aead,Vania|Nahim|Sebastian,4|2|3,6.333|3.314|0.288,151,8,147
1790906399890282240,Nicolas,2b8d439d1389,1.026,3,2c6cc639a490|92bbcdc51732|53215f78aead,Vania|Nahim|Sebastian,4|2|3,6.533|3.513|0.488,151,8,147
1790906400090963488,Nicolas,2b8d439d1389,1.227,3,2c6cc639a490|92bbcdc51732|53215f78aead,Vania|Nahim|Sebastian,4|2|3,6.734|3.714|0.689,151,8,147
1790906400290498240,Nicolas,2b8d439d1389,1.426,3,2c6cc639a490|92bbcdc51732|53215f78aead,Vania|Nahim|Sebastian,4|2|3,6.933|3.914|0.888,151,8,147
1790906400490328512,Nicolas,2b8d439d1389,1.626,3,2c6cc639a490|92bbcdc51732|53215f78aead,Vania|Nahim|Sebastian,4|2|3,7.133|4.113|1.088,151,8,147
1790906400689426816,Nicolas,2b8d439d1389,1.825,3,2c6cc639a490|92bbcdc51732|53215f78aead,Vania|Nahim|Sebastian,4|2|3,7.333|4.313|1.287,151,8,147
1790906400890330240,Nicolas,2b8d439d1389,2.026,3,2c6cc639a490|92bbcdc51732|53215f78aead,Vania|Nahim|Sebastian,4|2|3,7.533|4.513|1.488,151,8,147
1790906401090297376,Nicolas,2b8d439d1389,2.226,3,2c6cc639a490|92bbcdc51732|53215f78aead,Vania|Nahim|Sebastian,4|2|3,7.733|4.713|1.688,151,8,147
1790906401290168448,Nicolas,2b8d439d1389,2.426,3,2c6cc639a490|92bbcdc51732|53215f78aead,Vania|Nahim|Sebastian,4|2|3,7.933|4.913|1.888,151,8,147
1790906401490346656,Nicolas,2b8d439d1389,2.626,3,2c6cc639a490|92bbcdc51732|53215f78aead,Vania|Nahim|Sebastian,4|2|3,8.133|5.113|2.088,151,8,147
1790906401690236416,Nicolas,2b8d439d1389,2.826,3,2c6cc639a490|92bbcdc51732|53215f78aead,Vania|Nahim|Sebastian,4|2|3,8.333|5.313|2.288,151,8,147
1790906401889021280,Vania,2c6cc639a490,0.006,2,92bbcdc51732|53215f78aead,Nahim|Sebastian,2|3,5.512|2.487,151,8,148
1790906402090259744,Vania,2c6cc639a490,0.207,2,92bbcdc51732|53215f78aead,Nahim|Sebastian,2|3,5.713|2.688,151,8,148
1790906402290414400,Vania,2c6cc639a490,0.407,2,92bbcdc51732|53215f78aead,Nahim|Sebastian,2|3,5.913|2.888,151,8,148
1790906402489812512,Vania,2c6cc639a490,0.606,2,92bbcdc51732|53215f78aead,Nahim|Sebastian,2|3,6.113|3.088,151,8,148
1790906402690441952,Vania,2c6cc639a490,0.807,2,92bbcdc51732|53215f78aead,Nahim|Sebastian,2|3,6.313|3.288,151,8,148
1790906402890353728,Vania,2c6cc639a490,1.007,2,92bbcdc51732|53215f78aead,Nahim|Sebastian,2|3,6.513|3.488,151,8,148
1790906403090256928,Vania,2c6cc639a490,1.207,2,92bbcdc51732|53215f78aead,Nahim|Sebastian,2|3,6.713|3.688,151,8,148
1790906403290418688,Vania,2c6cc639a490,1.407,2,92bbcdc51732|53215f78aead,Nahim|Sebastian,2|3,6.913|3.888,151,8,148
1790906403490244864,Vania,2c6cc639a490,1.607,2,92bbcdc51732|53215f78aead,Nahim|Sebastian,2|3,7.113|4.088,151,8,148
1790906403690453664,Vania,2c6cc639a490,1.807,2,92bbcdc51732|53215f78aead,Nahim|Sebastian,2|3,7.313|4.288,151,8,148
1790906403890112832,Vania,2c6cc639a490,2.007,2,92bbcdc51732|53215f78aead,Nahim|Sebastian,2|3,7.513|4.488,151,8,148
1790906404090465440,Vania,2c6cc639a490,2.207,2,92bbcdc51732|53215f78aead,Nahim|Sebastian,2|3,7.713|4.688,151,8,148
1790906404289731520,Vania,2c6cc639a490,2.406,2,92bbcdc51732|53215f78aead,Nahim|Sebastian,2|3,7.913|4.888,151,8,148
1790906404490768512,Vania,2c6cc639a490,2.607,2,92bbcdc51732|53215f78aead,Nahim|Sebastian,2|3,8.113|5.088,151,8,148
1790906404690348160,Vania,2c6cc639a490,2.807,2,92bbcdc51732|53215f78aead,Nahim|Sebastian,2|3,8.313|5.288,151,8,148
1790906404890322144,Vania,2c6cc639a490,3.007,2,92bbcdc51732|53215f78aead,Nahim|Sebastian,2|3,8.513|5.488,151,8,148
1790906405090442624,Nahim,92bbcdc51732,0.188,1,53215f78aead,Sebastian,3,5.688,151,8,149
1790906405290368128,Nahim,92bbcdc51732,0.388,1,53215f78aead,Sebastian,3,5.888,151,8,149
1790906405490362272,Nahim,92bbcdc51732,0.588,2,53215f78aead|8aa8bdb9f76c,Sebastian|Vania,3|4,6.088|0.053,152,8,149
1790906405690742240,Nahim,92bbcdc51732,0.788,2,53215f78aead|8aa8bdb9f76c,Sebastian|Vania,3|4,6.288|0.254,152,8,149
1790906405890240544,Nahim,92bbcdc51732,0.988,2,53215f78aead|8aa8bdb9f76c,Sebastian|Vania,3|4,6.488|0.453,152,8,149
1790906406090082432,Nahim,92bbcdc51732,1.188,2,53215f78aead|8aa8bdb9f76c,Sebastian|Vania,3|4,6.688|0.653,152,8,149
1790906406290306080,Nahim,92bbcdc51732,1.388,2,53215f78aead|8aa8bdb9f76c,Sebastian|Vania,3|4,6.888|0.853,152,8,149
1790906406490479584,Nahim,92bbcdc51732,1.588,2,53215f78aead|8aa8bdb9f76c,Sebastian|Vania,3|4,7.088|1.053,152,8,149
1790906406690375424,Nahim,92bbcdc51732,1.788,2,53215f78aead|8aa8bdb9f76c,Sebastian|Vania,3|4,7.288|1.253,152,8,149
1790906406890510816,Nahim,92bbcdc51732,1.988,2,53215f78aead|8aa8bdb9f76c,Sebastian|Vania,3|4,7.488|1.453,152,8,149
1790906407090337376,Nahim,92bbcdc51732,2.188,2,53215f78aead|8aa8bdb9f76c,Sebastian|Vania,3|4,7.688|1.653,152,8,149
1790906407290349952,Nahim,92bbcdc51732,2.388,2,53215f78aead|8aa8bdb9f76c,Sebastian|Vania,3|4,7.888|1.853,152,8,149
1790906407490374368,Nahim,92bbcdc51732,2.588,2,53215f78aead|8aa8bdb9f76c,Sebastian|Vania,3|4,8.088|2.053,152,8,149
1790906407690446048,Nahim,92bbcdc51732,2.788,2,53215f78aead|8aa8bdb9f76c,Sebastian|Vania,3|4,8.288|2.253,152,8,149
1790906407889868576,Nahim,92bbcdc51732,2.988,2,53215f78aead|8aa8bdb9f76c,Sebastian|Vania,3|4,8.488|2.453,152,8,149
1790906408090500736,Sebastian,53215f78aead,0.169,1,8aa8bdb9f76c,Vania,4,2.653,152,8,150
1790906408289877504,Sebastian,53215f78aead,0.369,1,8aa8bdb9f76c,Vania,4,2.853,152,8,150
1790906408490199872,Sebastian,53215f78aead,0.569,1,8aa8bdb9f76c,Vania,4,3.053,152,8,150
1790906408690059712,Sebastian,53215f78aead,0.769,1,8aa8bdb9f76c,Vania,4,3.253,152,8,150
1790906408889983264,Sebastian,53215f78aead,0.969,1,8aa8bdb9f76c,Vania,4,3.453,152,8,150
1790906409090294656,Sebastian,53215f78aead,1.169,1,8aa8bdb9f76c,Vania,4,3.653,152,8,150
1790906409290290528,Sebastian,53215f78aead,1.369,1,8aa8bdb9f76c,Vania,4,3.853,152,8,150
1790906409490056608,Sebastian,53215f78aead,1.569,1,8aa8bdb9f76c,Vania,4,4.053,152,8,150
1790906409689616192,Sebastian,53215f78aead,1.769,1,8aa8bdb9f76c,Vania,4,4.253,152,8,150
1790906409890179584,Sebastian,53215f78aead,1.969,1,8aa8bdb9f76c,Vania,4,4.453,152,8,150
1790906410090303424,Sebastian,53215f78aead,2.169,1,8aa8bdb9f76c,Vania,4,4.653,152,8,150
1790906410290403488,Sebastian,53215f78aead,2.369,1,8aa8bdb9f76c,Vania,4,4.853,152,8,150
1790906410489904960,Sebastian,53215f78aead,2.569,1,8aa8bdb9f76c,Vania,4,5.053,152,8,150
1790906410689984512,Sebastian,53215f78aead,2.769,1,8aa8bdb9f76c,Vania,4,5.253,152,8,150
1790906410889796032,Sebastian,53215f78aead,2.969,1,8aa8bdb9f76c,Vania,4,5.453,152,8,150
1790906411090145568,Vania,8aa8bdb9f76c,0.150,0,,,,,152,8,151
1790906411290181856,Vania,8aa8bdb9f76c,0.350,0,,,,,152,8,151
1790906411490246400,Vania,8aa8bdb9f76c,0.550,0,,,,,152,8,151
1790906411690494016,Vania,8aa8bdb9f76c,0.750,0,,,,,152,8,151
1790906411889990240,Vania,8aa8bdb9f76c,0.950,0,,,,,152,8,151
1790906412090293376,Vania,8aa8bdb9f76c,1.150,0,,,,,152,8,151
1790906412290154912,Vania,8aa8bdb9f76c,1.350,0,,,,,152,8,151
1790906412489994944,Vania,8aa8bdb9f76c,1.550,0,,,,,152,8,151
1790906412690011712,Vania,8aa8bdb9f76c,1.750,0,,,,,152,8,151
1790906412890299360,Vania,8aa8bdb9f76c,1.950,0,,,,,152,8,151
1790906413090215744,Vania,8aa8bdb9f76c,2.150,0,,,,,152,8,151
1790906413290316128,Vania,8aa8bdb9f76c,2.350,0,,,,,152,8,151
1790906413490229984,Vania,8aa8bdb9f76c,2.550,0,,,,,152,8,151
1790906413690102624,Vania,8aa8bdb9f76c,2.750,0,,,,,152,8,151
1790906413890353920,Vania,8aa8bdb9f76c,2.950,0,,,,,152,8,151
1790906414090163904,,,0.000,0,,,,,152,8,152
1790906414290289184,,,0.000,0,,,,,152,8,152
1790906414489919328,,,0.000,0,,,,,152,8,152
1790906414689674464,,,0.000,0,,,,,152,8,152
1790906414890061600,,,0.000,0,,,,,152,8,152
1790906415090477152,,,0.000,0,,,,,152,8,152
1790906415290385728,,,0.000,0,,,,,152,8,152
1790906415490193600,,,0.000,0,,,,,152,8,152
1790906415690224416,,,0.000,0,,,,,152,8,152
1790906415890313216,,,0.000,0,,,,,152,8,152
1790906416090146240,,,0.000,0,,,,,152,8,152
1790906416290166432,,,0.000,0,,,,,152,8,152
1790906416490261504,,,0.000,0,,,,,152,8,152
1790906416690214304,,,0.000,0,,,,,152,8,152
1790906416890406624,,,0.000,0,,,,,152,8,152
1790906417090340992,,,0.000,0,,,,,152,8,152
1790906417290010240,,,0.000,0,,,,,152,8,152
1790906417490264640,,,0.000,0,,,,,152,8,152
1790906417690095712,,,0.000,0,,,,,152,8,152
1790906417890276096,,,0.000,0,,,,,152,8,152
1790906418090070400,,,0.000,0,,,,,152,8,152
1790906418290378592,,,0.000,0,,,,,152,8,152
1790906418490024256,,,0.000,0,,,,,152,8,152
1790906418690594016,,,0.000,0,,,,,152,8,152
1790906418890336032,,,0.000,0,,,,,152,8,152
1790906419090336480,,,0.000,0,,,,,152,8,152
1790906419290253632,,,0.000,0,,,,,152,8,152
1790906419490337408,,,0.000,0,,,,,152,8,152
1790906419690312224,,,0.000,0,,,,,152,8,152
1790906419890226656,,,0.000,0,,,,,152,8,152
1790906420090232000,,,0.000,0,,,,,152,8,152
1790906420290253312,,,0.000,0,,,,,152,8,152
1790906420490214720,,,0.000,0,,,,,152,8,152
1790906420690048800,,,0.000,0,,,,,152,8,152
1790906420889788512,,,0.000,0,,,,,152,8,152
1790906421090154848,,,0.000,0,,,,,152,8,152
1790906421290524416,,,0.000,0,,,,,152,8,152
1790906421490229344,,,0.000,0,,,,,152,8,152
1790906421690215904,,,0.000,0,,,,,152,8,152
1790906421890163008,,,0.000,0,,,,,152,8,152
1790906422090000160,,,0.000,0,,,,,152,8,152
1790906422290305536,,,0.000,0,,,,,152,8,152
1790906422489567648,,,0.000,0,,,,,152,8,152
1790906422690154304,,,0.000,0,,,,,152,8,152
1790906422889953728,,,0.000,0,,,,,152,8,152
1790906423090394592,,,0.000,0,,,,,152,8,152
1790906423290244032,,,0.000,0,,,,,152,8,152
1790906423490326336,,,0.000,0,,,,,152,8,152
1790906423690224064,,,0.000,0,,,,,152,8,152
1790906423889952064,,,0.000,0,,,,,152,8,152
1790906424090582848,,,0.000,0,,,,,152,8,152
1790906424289829376,,,0.000,0,,,,,152,8,152
1790906424489852768,,,0.000,0,,,,,152,8,152
1790906424690216928,,,0.000,0,,,,,152,8,152
1790906424890231808,,,0.000,0,,,,,152,8,152
1790906425090461152,,,0.000,0,,,,,152,8,152
1790906425290011968,,,0.000,0,,,,,152,8,152
1790906425490317792,,,0.000,0,,,,,152,8,152
1790906425689978240,,,0.000,0,,,,,152,8,152
