t_ns,j1,j2,j3,j4,j5,j6
1790905954906972544,-0.02819,-0.08793,0.07207,-0.02565,0.00359,-0.01343
1790905955213958912,-0.05638,-0.17586,0.14414,-0.05130,0.00718,-0.02686
1790905955509619584,-0.08457,-0.26379,0.21621,-0.07695,0.01077,-0.04029
1790905955811050016,-0.11276,-0.35172,0.28828,-0.10260,0.01436,-0.05372
1790905956112338336,-0.14095,-0.43965,0.36035,-0.12825,0.01795,-0.06715
1790905956413591648,-0.16914,-0.52758,0.43242,-0.15390,0.02154,-0.08058
1790905956714913920,-0.19733,-0.61551,0.50449,-0.17955,0.02513,-0.09401
1790905957017874560,-0.22552,-0.70344,0.57656,-0.20520,0.02872,-0.10744
1790905957317402784,-0.25371,-0.79137,0.64863,-0.23085,0.03231,-0.12087
1790905957618404000,-0.28190,-0.87930,0.72070,-0.25650,0.03590,-0.13430
1790905957922807936,-0.28190,-0.87930,0.72070,-0.25650,0.03590,-0.13430
1790905958224279680,-0.28190,-0.87930,0.72070,-0.25650,0.03590,-0.13430
1790905958525498336,-0.28190,-0.87930,0.72070,-0.25650,0.03590,-0.13430
1790905958830635648,-0.28190,-0.87930,0.72070,-0.25650,0.03590,-0.13430
1790905959131725248,-0.28190,-0.87930,0.72070,-0.25650,0.03590,-0.13430
1790905959433235456,-0.28190,-0.87930,0.72070,-0.25650,0.03590,-0.13430
1790905959734704640,-0.28190,-0.87930,0.72070,-0.25650,0.03590,-0.13430
1790905960036296864,-0.28190,-0.87930,0.72070,-0.25650,0.03590,-0.13430
1790905960337843840,-0.28190,-0.87930,0.72070,-0.25650,0.03590,-0.13430
1790905960639653920,-0.28190,-0.87930,0.72070,-0.25650,0.03590,-0.13430
1790905960945306048,-0.28190,-0.87930,0.72070,-0.25650,0.03590,-0.13430
1790905961247444736,-0.28190,-0.87930,0.72070,-0.25650,0.03590,-0.13430
1790905961548930720,-0.28190,-0.87930,0.72070,-0.25650,0.03590,-0.13430
1790905961850404480,-0.28190,-0.87930,0.72070,-0.25650,0.03590,-0.13430
1790905962152191904,-0.28190,-0.87930,0.72070,-0.25650,0.03590,-0.13430
1790905962453670784,-0.28190,-0.87930,0.72070,-0.25650,0.03590,-0.13430
1790905962755491904,-0.28190,-0.87930,0.72070,-0.25650,0.03590,-0.13430
1790905963056977280,-0.28190,-0.87930,0.72070,-0.25650,0.03590,-0.13430
1790905963358532416,-0.28190,-0.87930,0.72070,-0.25650,0.03590,-0.13430
1790905963660073792,-0.28190,-0.87930,0.72070,-0.25650,0.03590,-0.13430
1790905963964690688,-0.32443,-0.85078,0.67163,-0.23483,-0.01070,-0.16180
1790905964266333024,-0.36696,-0.82226,0.62256,-0.21316,-0.05730,-0.18930
1790905964567969504,-0.40949,-0.79374,0.57349,-0.19149,-0.10390,-0.21680
1790905964869650688,-0.45202,-0.76522,0.52442,-0.16982,-0.15050,-0.24430
1790905965171505088,-0.49455,-0.73670,0.47535,-0.14815,-0.19710,-0.27180
1790905965473300608,-0.53708,-0.70818,0.42628,-0.12648,-0.24370,-0.29930
1790905965775049600,-0.57961,-0.67966,0.37721,-0.10481,-0.29030,-0.32680
1790905966076705856,-0.62214,-0.65114,0.32814,-0.08314,-0.33690,-0.35430
1790905966378419776,-0.66467,-0.62262,0.27907,-0.06147,-0.38350,-0.38180
1790905966679819072,-0.70720,-0.59410,0.23000,-0.03980,-0.43010,-0.40930
1790905966988765152,-0.66467,-0.62262,0.27907,-0.06147,-0.38350,-0.38180
1790905967292013280,-0.62214,-0.65114,0.32814,-0.08314,-0.33690,-0.35430
1790905967593618496,-0.57961,-0.67966,0.37721,-0.10481,-0.29030,-0.32680
1790905967894412064,-0.53708,-0.70818,0.42628,-0.12648,-0.24370,-0.29930
1790905968196474784,-0.49455,-0.73670,0.47535,-0.14815,-0.19710,-0.27180
1790905968497463872,-0.45202,-0.76522,0.52442,-0.16982,-0.15050,-0.24430
1790905968799112256,-0.40949,-0.79374,0.57349,-0.19149,-0.10390,-0.21680
1790905969100594528,-0.36696,-0.82226,0.62256,-0.21316,-0.05730,-0.18930
1790905969402019776,-0.32443,-0.85078,0.67163,-0.23483,-0.01070,-0.16180
1790905969703350688,-0.28190,-0.87930,0.72070,-0.25650,0.03590,-0.13430
1790905970009249280,-0.32443,-0.85078,0.67163,-0.23483,-0.01070,-0.16180
1790905970310593472,-0.36696,-0.82226,0.62256,-0.21316,-0.05730,-0.18930
1790905970612342688,-0.40949,-0.79374,0.57349,-0.19149,-0.10390,-0.21680
1790905970913947584,-0.45202,-0.76522,0.52442,-0.16982,-0.15050,-0.24430
1790905971215409312,-0.49455,-0.73670,0.47535,-0.14815,-0.19710,-0.27180
1790905971516957216,-0.53708,-0.70818,0.42628,-0.12648,-0.24370,-0.29930
1790905971818610240,-0.57961,-0.67966,0.37721,-0.10481,-0.29030,-0.32680
1790905972119974048,-0.62214,-0.65114,0.32814,-0.08314,-0.33690,-0.35430
1790905972421603424,-0.66467,-0.62262,0.27907,-0.06147,-0.38350,-0.38180
1790905972723207040,-0.70720,-0.59410,0.23000,-0.03980,-0.43010,-0.40930
1790905973029035744,-0.70720,-0.59410,0.23000,-0.03980,-0.43010,-0.40930
1790905973330845152,-0.70720,-0.59410,0.23000,-0.03980,-0.43010,-0.40930
1790905973632240640,-0.70720,-0.59410,0.23000,-0.03980,-0.43010,-0.40930
1790905973933864512,-0.70720,-0.59410,0.23000,-0.03980,-0.43010,-0.40930
1790905974235285600,-0.70720,-0.59410,0.23000,-0.03980,-0.43010,-0.40930
1790905974536794720,-0.70720,-0.59410,0.23000,-0.03980,-0.43010,-0.40930
1790905974838479840,-0.70720,-0.59410,0.23000,-0.03980,-0.43010,-0.40930
1790905975140114016,-0.70720,-0.59410,0.23000,-0.03980,-0.43010,-0.40930
1790905975441794176,-0.70720,-0.59410,0.23000,-0.03980,-0.43010,-0.40930
1790905975743686048,-0.70720,-0.59410,0.23000,-0.03980,-0.43010,-0.40930
1790905976048249344,-0.64856,-0.56854,0.23690,-0.05243,-0.37435,-0.32360
1790905976349993312,-0.58992,-0.54298,0.24380,-0.06506,-0.31860,-0.23790
1790905976651835264,-0.53128,-0.51742,0.25070,-0.07769,-0.26285,-0.15220
1790905976953301984,-0.47264,-0.49186,0.25760,-0.09032,-0.20710,-0.06650
1790905977254699072,-0.41400,-0.46630,0.26450,-0.10295,-0.15135,0.01920
1790905977556383264,-0.35536,-0.44074,0.27140,-0.11558,-0.09560,0.10490
1790905977858042368,-0.29672,-0.41518,0.27830,-0.12821,-0.03985,0.19060
1790905978159972128,-0.23808,-0.38962,0.28520,-0.14084,0.01590,0.27630
1790905978461697152,-0.17944,-0.36406,0.29210,-0.15347,0.07165,0.36200
1790905978763280640,-0.12080,-0.33850,0.29900,-0.16610,0.12740,0.44770
1790905979069216736,-0.17944,-0.36406,0.29210,-0.15347,0.07165,0.36200
1790905979370649600,-0.23808,-0.38962,0.28520,-0.14084,0.01590,0.27630
1790905979672160096,-0.29672,-0.41518,0.27830,-0.12821,-0.03985,0.19060
1790905979974691168,-0.35536,-0.44074,0.27140,-0.11558,-0.09560,0.10490
1790905980276432192,-0.41400,-0.46630,0.26450,-0.10295,-0.15135,0.01920
1790905980577563936,-0.47264,-0.49186,0.25760,-0.09032,-0.20710,-0.06650
1790905980879179744,-0.53128,-0.51742,0.25070,-0.07769,-0.26285,-0.15220
1790905981180869760,-0.58992,-0.54298,0.24380,-0.06506,-0.31860,-0.23790
1790905981482218816,-0.64856,-0.56854,0.23690,-0.05243,-0.37435,-0.32360
1790905981783991456,-0.70720,-0.59410,0.23000,-0.03980,-0.43010,-0.40930
1790905982090649920,-0.64856,-0.56854,0.23690,-0.05243,-0.37435,-0.32360
1790905982391536288,-0.58992,-0.54298,0.24380,-0.06506,-0.31860,-0.23790
1790905982692785344,-0.53128,-0.51742,0.25070,-0.07769,-0.26285,-0.15220
1790905982994266592,-0.47264,-0.49186,0.25760,-0.09032,-0.20710,-0.06650
1790905983295616800,-0.41400,-0.46630,0.26450,-0.10295,-0.15135,0.01920
1790905983597196928,-0.35536,-0.44074,0.27140,-0.11558,-0.09560,0.10490
1790905983898465248,-0.29672,-0.41518,0.27830,-0.12821,-0.03985,0.19060
1790905984199853408,-0.23808,-0.38962,0.28520,-0.14084,0.01590,0.27630
1790905984501251456,-0.17944,-0.36406,0.29210,-0.15347,0.07165,0.36200
1790905984802668096,-0.12080,-0.33850,0.29900,-0.16610,0.12740,0.44770
1790905985108421248,-0.12080,-0.33850,0.29900,-0.16610,0.12740,0.44770
1790905985410071776,-0.12080,-0.33850,0.29900,-0.16610,0.12740,0.44770
1790905985711509952,-0.12080,-0.33850,0.29900,-0.16610,0.12740,0.44770
1790905986012921856,-0.12080,-0.33850,0.29900,-0.16610,0.12740,0.44770
1790905986314678112,-0.12080,-0.33850,0.29900,-0.16610,0.12740,0.44770
1790905986616108416,-0.12080,-0.33850,0.29900,-0.16610,0.12740,0.44770
1790905986917636736,-0.12080,-0.33850,0.29900,-0.16610,0.12740,0.44770
1790905987219183392,-0.12080,-0.33850,0.29900,-0.16610,0.12740,0.44770
1790905987520763008,-0.12080,-0.33850,0.29900,-0.16610,0.12740,0.44770
1790905987822416832,-0.12080,-0.33850,0.29900,-0.16610,0.12740,0.44770
1790905988126748864,-0.09638,-0.37292,0.36720,-0.17670,0.15051,0.38189
1790905988428103936,-0.07196,-0.40734,0.43540,-0.18730,0.17362,0.31608
1790905988729745856,-0.04754,-0.44176,0.50360,-0.19790,0.19673,0.25027
1790905989031067840,-0.02312,-0.47618,0.57180,-0.20850,0.21984,0.18446
1790905989332567872,0.00130,-0.51060,0.64000,-0.21910,0.24295,0.11865
1790905989634228864,0.02572,-0.54502,0.70820,-0.22970,0.26606,0.05284
1790905989935622848,0.05014,-0.57944,0.77640,-0.24030,0.28917,-0.01297
1790905990237180672,0.07456,-0.61386,0.84460,-0.25090,0.31228,-0.07878
1790905990538809984,0.09898,-0.64828,0.91280,-0.26150,0.33539,-0.14459
1790905990840303424,0.12340,-0.68270,0.98100,-0.27210,0.35850,-0.21040
1790905991145802720,0.09898,-0.64828,0.91280,-0.26150,0.33539,-0.14459
1790905991446726752,0.07456,-0.61386,0.84460,-0.25090,0.31228,-0.07878
1790905991748242592,0.05014,-0.57944,0.77640,-0.24030,0.28917,-0.01297
1790905992050025088,0.02572,-0.54502,0.70820,-0.22970,0.26606,0.05284
1790905992351656224,0.00130,-0.51060,0.64000,-0.21910,0.24295,0.11865
1790905992653073280,-0.02312,-0.47618,0.57180,-0.20850,0.21984,0.18446
1790905992954752064,-0.04754,-0.44176,0.50360,-0.19790,0.19673,0.25027
1790905993256354432,-0.07196,-0.40734,0.43540,-0.18730,0.17362,0.31608
1790905993557944928,-0.09638,-0.37292,0.36720,-0.17670,0.15051,0.38189
1790905993859696224,-0.12080,-0.33850,0.29900,-0.16610,0.12740,0.44770
1790905994166415296,-0.09638,-0.37292,0.36720,-0.17670,0.15051,0.38189
1790905994467632288,-0.07196,-0.40734,0.43540,-0.18730,0.17362,0.31608
1790905994768985600,-0.04754,-0.44176,0.50360,-0.19790,0.19673,0.25027
1790905995070901024,-0.02312,-0.47618,0.57180,-0.20850,0.21984,0.18446
1790905995372281152,0.00130,-0.51060,0.64000,-0.21910,0.24295,0.11865
1790905995674022560,0.02572,-0.54502,0.70820,-0.22970,0.26606,0.05284
1790905995975448224,0.05014,-0.57944,0.77640,-0.24030,0.28917,-0.01297
1790905996276887040,0.07456,-0.61386,0.84460,-0.25090,0.31228,-0.07878
1790905996578328288,0.09898,-0.64828,0.91280,-0.26150,0.33539,-0.14459
1790905996879596000,0.12340,-0.68270,0.98100,-0.27210,0.35850,-0.21040
1790905997185999360,0.12340,-0.68270,0.98100,-0.27210,0.35850,-0.21040
1790905997487902080,0.12340,-0.68270,0.98100,-0.27210,0.35850,-0.21040
1790905997789711520,0.12340,-0.68270,0.98100,-0.27210,0.35850,-0.21040
1790905998093646048,0.12340,-0.68270,0.98100,-0.27210,0.35850,-0.21040
1790905998394635584,0.12340,-0.68270,0.98100,-0.27210,0.35850,-0.21040
1790905998696198528,0.12340,-0.68270,0.98100,-0.27210,0.35850,-0.21040
1790905998998118368,0.12340,-0.68270,0.98100,-0.27210,0.35850,-0.21040
1790905999299055296,0.12340,-0.68270,0.98100,-0.27210,0.35850,-0.21040
1790905999600715456,0.12340,-0.68270,0.98100,-0.27210,0.35850,-0.21040
1790905999902032672,0.12340,-0.68270,0.98100,-0.27210,0.35850,-0.21040
1790906000210483808,0.05414,-0.70501,0.92758,-0.22592,0.29072,-0.18120
1790906000511790688,-0.01512,-0.72732,0.87416,-0.17974,0.22294,-0.15200
1790906000813435040,-0.08438,-0.74963,0.82074,-0.13356,0.15516,-0.12280
1790906001115256256,-0.15364,-0.77194,0.76732,-0.08738,0.08738,-0.09360
1790906001416813600,-0.22290,-0.79425,0.71390,-0.04120,0.01960,-0.06440
1790906001718359360,-0.29216,-0.81656,0.66048,0.00498,-0.04818,-0.03520
1790906002019877856,-0.36142,-0.83887,0.60706,0.05116,-0.11596,-0.00600
1790906002321407584,-0.43068,-0.86118,0.55364,0.09734,-0.18374,0.02320
1790906002623082432,-0.49994,-0.88349,0.50022,0.14352,-0.25152,0.05240
1790906002924804608,-0.56920,-0.90580,0.44680,0.18970,-0.31930,0.08160
1790906003229188832,-0.49994,-0.88349,0.50022,0.14352,-0.25152,0.05240
1790906003530833664,-0.43068,-0.86118,0.55364,0.09734,-0.18374,0.02320
1790906003832138432,-0.36142,-0.83887,0.60706,0.05116,-0.11596,-0.00600
1790906004133940128,-0.29216,-0.81656,0.66048,0.00498,-0.04818,-0.03520
1790906004435477984,-0.22290,-0.79425,0.71390,-0.04120,0.01960,-0.06440
1790906004737290112,-0.15364,-0.77194,0.76732,-0.08738,0.08738,-0.09360
1790906005038811008,-0.08438,-0.74963,0.82074,-0.13356,0.15516,-0.12280
1790906005340248416,-0.01512,-0.72732,0.87416,-0.17974,0.22294,-0.15200
1790906005641751936,0.05414,-0.70501,0.92758,-0.22592,0.29072,-0.18120
1790906005943332160,0.12340,-0.68270,0.98100,-0.27210,0.35850,-0.21040
1790906006248849856,0.05414,-0.70501,0.92758,-0.22592,0.29072,-0.18120
1790906006550366464,-0.01512,-0.72732,0.87416,-0.17974,0.22294,-0.15200
1790906006851950240,-0.08438,-0.74963,0.82074,-0.13356,0.15516,-0.12280
1790906007153603808,-0.15364,-0.77194,0.76732,-0.08738,0.08738,-0.09360
1790906007455367168,-0.22290,-0.79425,0.71390,-0.04120,0.01960,-0.06440
1790906007756972224,-0.29216,-0.81656,0.66048,0.00498,-0.04818,-0.03520
1790906008058783360,-0.36142,-0.83887,0.60706,0.05116,-0.11596,-0.00600
1790906008360646912,-0.43068,-0.86118,0.55364,0.09734,-0.18374,0.02320
1790906008662451808,-0.49994,-0.88349,0.50022,0.14352,-0.25152,0.05240
1790906008964168192,-0.56920,-0.90580,0.44680,0.18970,-0.31930,0.08160
1790906009269428448,-0.56920,-0.90580,0.44680,0.18970,-0.31930,0.08160
1790906009570900480,-0.56920,-0.90580,0.44680,0.18970,-0.31930,0.08160
1790906009872078816,-0.56920,-0.90580,0.44680,0.18970,-0.31930,0.08160
1790906010173663360,-0.56920,-0.90580,0.44680,0.18970,-0.31930,0.08160
1790906010475538592,-0.56920,-0.90580,0.44680,0.18970,-0.31930,0.08160
1790906010777011552,-0.56920,-0.90580,0.44680,0.18970,-0.31930,0.08160
1790906011078738400,-0.56920,-0.90580,0.44680,0.18970,-0.31930,0.08160
1790906011380281856,-0.56920,-0.90580,0.44680,0.18970,-0.31930,0.08160
1790906011682022080,-0.56920,-0.90580,0.44680,0.18970,-0.31930,0.08160
1790906011983612640,-0.56920,-0.90580,0.44680,0.18970,-0.31930,0.08160
1790906012293827936,-0.49005,-0.88543,0.46594,0.14450,-0.33141,0.04404
1790906012593721504,-0.41090,-0.86506,0.48508,0.09930,-0.34352,0.00648
1790906012895288704,-0.33175,-0.84469,0.50422,0.05410,-0.35563,-0.03108
1790906013197045184,-0.25260,-0.82432,0.52336,0.00890,-0.36774,-0.06864
1790906013498558784,-0.17345,-0.80395,0.54250,-0.03630,-0.37985,-0.10620
1790906013800262816,-0.09430,-0.78358,0.56164,-0.08150,-0.39196,-0.14376
1790906014101841344,-0.01515,-0.76321,0.58078,-0.12670,-0.40407,-0.18132
1790906014403920480,0.06400,-0.74284,0.59992,-0.17190,-0.41618,-0.21888
1790906014705658976,0.14315,-0.72247,0.61906,-0.21710,-0.42829,-0.25644
1790906015007375008,0.22230,-0.70210,0.63820,-0.26230,-0.44040,-0.29400
1790906015314016256,0.14315,-0.72247,0.61906,-0.21710,-0.42829,-0.25644
1790906015615156096,0.06400,-0.74284,0.59992,-0.17190,-0.41618,-0.21888
1790906015916826560,-0.01515,-0.76321,0.58078,-0.12670,-0.40407,-0.18132
1790906016218912928,-0.09430,-0.78358,0.56164,-0.08150,-0.39196,-0.14376
1790906016520793376,-0.17345,-0.80395,0.54250,-0.03630,-0.37985,-0.10620
1790906016822615776,-0.25260,-0.82432,0.52336,0.00890,-0.36774,-0.06864
1790906017124044928,-0.33175,-0.84469,0.50422,0.05410,-0.35563,-0.03108
1790906017425674176,-0.41090,-0.86506,0.48508,0.09930,-0.34352,0.00648
1790906017727120032,-0.49005,-0.88543,0.46594,0.14450,-0.33141,0.04404
1790906018028816960,-0.56920,-0.90580,0.44680,0.18970,-0.31930,0.08160
1790906018334907808,-0.49005,-0.88543,0.46594,0.14450,-0.33141,0.04404
1790906018634699360,-0.41090,-0.86506,0.48508,0.09930,-0.34352,0.00648
1790906018936223328,-0.33175,-0.84469,0.50422,0.05410,-0.35563,-0.03108
1790906019237883360,-0.25260,-0.82432,0.52336,0.00890,-0.36774,-0.06864
1790906019539315104,-0.17345,-0.80395,0.54250,-0.03630,-0.37985,-0.10620
1790906019840888448,-0.09430,-0.78358,0.56164,-0.08150,-0.39196,-0.14376
1790906020142680320,-0.01515,-0.76321,0.58078,-0.12670,-0.40407,-0.18132
1790906020444696832,0.06400,-0.74284,0.59992,-0.17190,-0.41618,-0.21888
1790906020746282656,0.14315,-0.72247,0.61906,-0.21710,-0.42829,-0.25644
1790906021048016224,0.22230,-0.70210,0.63820,-0.26230,-0.44040,-0.29400
1790906021354293760,0.22230,-0.70210,0.63820,-0.26230,-0.44040,-0.29400
1790906021657625792,0.22230,-0.70210,0.63820,-0.26230,-0.44040,-0.29400
1790906021959118048,0.22230,-0.70210,0.63820,-0.26230,-0.44040,-0.29400
1790906022260570400,0.22230,-0.70210,0.63820,-0.26230,-0.44040,-0.29400
1790906022562305184,0.22230,-0.70210,0.63820,-0.26230,-0.44040,-0.29400
1790906022863950944,0.22230,-0.70210,0.63820,-0.26230,-0.44040,-0.29400
1790906023165426560,0.22230,-0.70210,0.63820,-0.26230,-0.44040,-0.29400
1790906023466720640,0.22230,-0.70210,0.63820,-0.26230,-0.44040,-0.29400
1790906023768286656,0.22230,-0.70210,0.63820,-0.26230,-0.44040,-0.29400
1790906024069925344,0.22230,-0.70210,0.63820,-0.26230,-0.44040,-0.29400
1790906024376020544,0.22893,-0.69768,0.61951,-0.23094,-0.40104,-0.28462
1790906024679163680,0.23556,-0.69326,0.60082,-0.19958,-0.36168,-0.27524
1790906024980542976,0.24219,-0.68884,0.58213,-0.16822,-0.32232,-0.26586
1790906025282261600,0.24882,-0.68442,0.56344,-0.13686,-0.28296,-0.25648
1790906025583940896,0.25545,-0.68000,0.54475,-0.10550,-0.24360,-0.24710
1790906025885591168,0.26208,-0.67558,0.52606,-0.07414,-0.20424,-0.23772
1790906026187498080,0.26871,-0.67116,0.50737,-0.04278,-0.16488,-0.22834
1790906026488892800,0.27534,-0.66674,0.48868,-0.01142,-0.12552,-0.21896
1790906026790502304,0.28197,-0.66232,0.46999,0.01994,-0.08616,-0.20958
1790906027092652512,0.28860,-0.65790,0.45130,0.05130,-0.04680,-0.20020
1790906027399312992,0.28197,-0.66232,0.46999,0.01994,-0.08616,-0.20958
1790906027700134624,0.27534,-0.66674,0.48868,-0.01142,-0.12552,-0.21896
1790906028001353344,0.26871,-0.67116,0.50737,-0.04278,-0.16488,-0.22834
1790906028302832192,0.26208,-0.67558,0.52606,-0.07414,-0.20424,-0.23772
1790906028604414368,0.25545,-0.68000,0.54475,-0.10550,-0.24360,-0.24710
1790906028905874368,0.24882,-0.68442,0.56344,-0.13686,-0.28296,-0.25648
1790906029207490304,0.24219,-0.68884,0.58213,-0.16822,-0.32232,-0.26586
1790906029508872640,0.23556,-0.69326,0.60082,-0.19958,-0.36168,-0.27524
1790906029810551072,0.22893,-0.69768,0.61951,-0.23094,-0.40104,-0.28462
1790906030112126816,0.22230,-0.70210,0.63820,-0.26230,-0.44040,-0.29400
1790906030416733408,0.22893,-0.69768,0.61951,-0.23094,-0.40104,-0.28462
1790906030718229920,0.23556,-0.69326,0.60082,-0.19958,-0.36168,-0.27524
1790906031019809664,0.24219,-0.68884,0.58213,-0.16822,-0.32232,-0.26586
1790906031321388160,0.24882,-0.68442,0.56344,-0.13686,-0.28296,-0.25648
1790906031623069440,0.25545,-0.68000,0.54475,-0.10550,-0.24360,-0.24710
1790906031924600352,0.26208,-0.67558,0.52606,-0.07414,-0.20424,-0.23772
1790906032226317184,0.26871,-0.67116,0.50737,-0.04278,-0.16488,-0.22834
1790906032527754560,0.27534,-0.66674,0.48868,-0.01142,-0.12552,-0.21896
1790906032829328800,0.28197,-0.66232,0.46999,0.01994,-0.08616,-0.20958
1790906033130492928,0.28860,-0.65790,0.45130,0.05130,-0.04680,-0.20020
1790906033439005632,0.28860,-0.65790,0.45130,0.05130,-0.04680,-0.20020
1790906033740545120,0.28860,-0.65790,0.45130,0.05130,-0.04680,-0.20020
1790906034042183392,0.28860,-0.65790,0.45130,0.05130,-0.04680,-0.20020
1790906034343858368,0.28860,-0.65790,0.45130,0.05130,-0.04680,-0.20020
1790906034645576704,0.28860,-0.65790,0.45130,0.05130,-0.04680,-0.20020
1790906034947195648,0.28860,-0.65790,0.45130,0.05130,-0.04680,-0.20020
1790906035248822848,0.28860,-0.65790,0.45130,0.05130,-0.04680,-0.20020
1790906035550313888,0.28860,-0.65790,0.45130,0.05130,-0.04680,-0.20020
1790906035851903648,0.28860,-0.65790,0.45130,0.05130,-0.04680,-0.20020
1790906036153440576,0.28860,-0.65790,0.45130,0.05130,-0.04680,-0.20020
1790906036459669792,0.30684,-0.63619,0.44570,0.05064,-0.03960,-0.14267
1790906036760775968,0.32508,-0.61448,0.44010,0.04998,-0.03240,-0.08514
1790906037062270592,0.34332,-0.59277,0.43450,0.04932,-0.02520,-0.02761
1790906037363616544,0.36156,-0.57106,0.42890,0.04866,-0.01800,0.02992
1790906037665222816,0.37980,-0.54935,0.42330,0.04800,-0.01080,0.08745
1790906037966612352,0.39804,-0.52764,0.41770,0.04734,-0.00360,0.14498
1790906038268267328,0.41628,-0.50593,0.41210,0.04668,0.00360,0.20251
1790906038569865920,0.43452,-0.48422,0.40650,0.04602,0.01080,0.26004
1790906038871679968,0.45276,-0.46251,0.40090,0.04536,0.01800,0.31757
1790906039173291008,0.47100,-0.44080,0.39530,0.04470,0.02520,0.37510
1790906039480302720,0.45276,-0.46251,0.40090,0.04536,0.01800,0.31757
1790906039781692704,0.43452,-0.48422,0.40650,0.04602,0.01080,0.26004
1790906040083592640,0.41628,-0.50593,0.41210,0.04668,0.00360,0.20251
1790906040385290656,0.39804,-0.52764,0.41770,0.04734,-0.00360,0.14498
1790906040686411456,0.37980,-0.54935,0.42330,0.04800,-0.01080,0.08745
1790906040988442784,0.36156,-0.57106,0.42890,0.04866,-0.01800,0.02992
1790906041292179456,0.34332,-0.59277,0.43450,0.04932,-0.02520,-0.02761
1790906041593742016,0.32508,-0.61448,0.44010,0.04998,-0.03240,-0.08514
1790906041895161600,0.30684,-0.63619,0.44570,0.05064,-0.03960,-0.14267
1790906042196628160,0.28860,-0.65790,0.45130,0.05130,-0.04680,-0.20020
1790906042502192192,0.30684,-0.63619,0.44570,0.05064,-0.03960,-0.14267
1790906042804049728,0.32508,-0.61448,0.44010,0.04998,-0.03240,-0.08514
1790906043105771680,0.34332,-0.59277,0.43450,0.04932,-0.02520,-0.02761
1790906043407229600,0.36156,-0.57106,0.42890,0.04866,-0.01800,0.02992
1790906043708556576,0.37980,-0.54935,0.42330,0.04800,-0.01080,0.08745
1790906044010295296,0.39804,-0.52764,0.41770,0.04734,-0.00360,0.14498
1790906044311826784,0.41628,-0.50593,0.41210,0.04668,0.00360,0.20251
1790906044613241568,0.43452,-0.48422,0.40650,0.04602,0.01080,0.26004
1790906044914547008,0.45276,-0.46251,0.40090,0.04536,0.01800,0.31757
1790906045215940512,0.47100,-0.44080,0.39530,0.04470,0.02520,0.37510
1790906045525462400,0.47100,-0.44080,0.39530,0.04470,0.02520,0.37510
1790906045824971200,0.47100,-0.44080,0.39530,0.04470,0.02520,0.37510
1790906046126747104,0.47100,-0.44080,0.39530,0.04470,0.02520,0.37510
1790906046428607392,0.47100,-0.44080,0.39530,0.04470,0.02520,0.37510
1790906046729923392,0.47100,-0.44080,0.39530,0.04470,0.02520,0.37510
1790906047031252896,0.47100,-0.44080,0.39530,0.04470,0.02520,0.37510
1790906047332666848,0.47100,-0.44080,0.39530,0.04470,0.02520,0.37510
1790906047634159232,0.47100,-0.44080,0.39530,0.04470,0.02520,0.37510
1790906047935410112,0.47100,-0.44080,0.39530,0.04470,0.02520,0.37510
1790906048236986880,0.47100,-0.44080,0.39530,0.04470,0.02520,0.37510
1790906048545575456,0.46061,-0.47368,0.45418,0.01731,0.01449,0.36330
1790906048847212896,0.45022,-0.50656,0.51306,-0.01008,0.00378,0.35150
1790906049148864864,0.43983,-0.53944,0.57194,-0.03747,-0.00693,0.33970
1790906049450538368,0.42944,-0.57232,0.63082,-0.06486,-0.01764,0.32790
1790906049752171136,0.41905,-0.60520,0.68970,-0.09225,-0.02835,0.31610
1790906050053813472,0.40866,-0.63808,0.74858,-0.11964,-0.03906,0.30430
1790906050355285696,0.39827,-0.67096,0.80746,-0.14703,-0.04977,0.29250
1790906050656865024,0.38788,-0.70384,0.86634,-0.17442,-0.06048,0.28070
1790906050958489120,0.37749,-0.73672,0.92522,-0.20181,-0.07119,0.26890
1790906051260128032,0.36710,-0.76960,0.98410,-0.22920,-0.08190,0.25710
1790906051565067712,0.37749,-0.73672,0.92522,-0.20181,-0.07119,0.26890
1790906051866549120,0.38788,-0.70384,0.86634,-0.17442,-0.06048,0.28070
1790906052168516512,0.39827,-0.67096,0.80746,-0.14703,-0.04977,0.29250
1790906052470176608,0.40866,-0.63808,0.74858,-0.11964,-0.03906,0.30430
1790906052771810944,0.41905,-0.60520,0.68970,-0.09225,-0.02835,0.31610
1790906053073633024,0.42944,-0.57232,0.63082,-0.06486,-0.01764,0.32790
1790906053375157248,0.43983,-0.53944,0.57194,-0.03747,-0.00693,0.33970
1790906053677090912,0.45022,-0.50656,0.51306,-0.01008,0.00378,0.35150
1790906053978468032,0.46061,-0.47368,0.45418,0.01731,0.01449,0.36330
1790906054279927712,0.47100,-0.44080,0.39530,0.04470,0.02520,0.37510
1790906054585342912,0.46061,-0.47368,0.45418,0.01731,0.01449,0.36330
1790906054886190816,0.45022,-0.50656,0.51306,-0.01008,0.00378,0.35150
1790906055187785792,0.43983,-0.53944,0.57194,-0.03747,-0.00693,0.33970
1790906055490486464,0.42944,-0.57232,0.63082,-0.06486,-0.01764,0.32790
1790906055792096256,0.41905,-0.60520,0.68970,-0.09225,-0.02835,0.31610
1790906056093577824,0.40866,-0.63808,0.74858,-0.11964,-0.03906,0.30430
1790906056394768672,0.39827,-0.67096,0.80746,-0.14703,-0.04977,0.29250
1790906056696368032,0.38788,-0.70384,0.86634,-0.17442,-0.06048,0.28070
1790906056998066048,0.37749,-0.73672,0.92522,-0.20181,-0.07119,0.26890
1790906057299478016,0.36710,-0.76960,0.98410,-0.22920,-0.08190,0.25710
1790906057603996288,0.36710,-0.76960,0.98410,-0.22920,-0.08190,0.25710
1790906057905165056,0.36710,-0.76960,0.98410,-0.22920,-0.08190,0.25710
1790906058206690112,0.36710,-0.76960,0.98410,-0.22920,-0.08190,0.25710
1790906058508390656,0.36710,-0.76960,0.98410,-0.22920,-0.08190,0.25710
1790906058809720480,0.36710,-0.76960,0.98410,-0.22920,-0.08190,0.25710
1790906059111416096,0.36710,-0.76960,0.98410,-0.22920,-0.08190,0.25710
1790906059413002304,0.36710,-0.76960,0.98410,-0.22920,-0.08190,0.25710
1790906059714598656,0.36710,-0.76960,0.98410,-0.22920,-0.08190,0.25710
1790906060016065280,0.36710,-0.76960,0.98410,-0.22920,-0.08190,0.25710
1790906060317358784,0.36710,-0.76960,0.98410,-0.22920,-0.08190,0.25710
1790906060624121728,0.27471,-0.75352,0.90883,-0.19619,-0.04725,0.23869
1790906060925699072,0.18232,-0.73744,0.83356,-0.16318,-0.01260,0.22028
1790906061227336032,0.08993,-0.72136,0.75829,-0.13017,0.02205,0.20187
1790906061528912928,-0.00246,-0.70528,0.68302,-0.09716,0.05670,0.18346
1790906061830559200,-0.09485,-0.68920,0.60775,-0.06415,0.09135,0.16505
1790906062132146592,-0.18724,-0.67312,0.53248,-0.03114,0.12600,0.14664
1790906062433939904,-0.27963,-0.65704,0.45721,0.00187,0.16065,0.12823
1790906062735501760,-0.37202,-0.64096,0.38194,0.03488,0.19530,0.10982
1790906063037144704,-0.46441,-0.62488,0.30667,0.06789,0.22995,0.09141
1790906063338681024,-0.55680,-0.60880,0.23140,0.10090,0.26460,0.07300
1790906063644767456,-0.46441,-0.62488,0.30667,0.06789,0.22995,0.09141
1790906063946500032,-0.37202,-0.64096,0.38194,0.03488,0.19530,0.10982
1790906064248094720,-0.27963,-0.65704,0.45721,0.00187,0.16065,0.12823
1790906064549777504,-0.18724,-0.67312,0.53248,-0.03114,0.12600,0.14664
1790906064851388480,-0.09485,-0.68920,0.60775,-0.06415,0.09135,0.16505
1790906065152987904,-0.00246,-0.70528,0.68302,-0.09716,0.05670,0.18346
1790906065454884928,0.08993,-0.72136,0.75829,-0.13017,0.02205,0.20187
1790906065756206816,0.18232,-0.73744,0.83356,-0.16318,-0.01260,0.22028
1790906066057949344,0.27471,-0.75352,0.90883,-0.19619,-0.04725,0.23869
1790906066359500480,0.36710,-0.76960,0.98410,-0.22920,-0.08190,0.25710
1790906066666100000,0.27471,-0.75352,0.90883,-0.19619,-0.04725,0.23869
1790906066967589952,0.18232,-0.73744,0.83356,-0.16318,-0.01260,0.22028
1790906067269236000,0.08993,-0.72136,0.75829,-0.13017,0.02205,0.20187
1790906067570784512,-0.00246,-0.70528,0.68302,-0.09716,0.05670,0.18346
1790906067872423552,-0.09485,-0.68920,0.60775,-0.06415,0.09135,0.16505
1790906068174124704,-0.18724,-0.67312,0.53248,-0.03114,0.12600,0.14664
1790906068475617216,-0.27963,-0.65704,0.45721,0.00187,0.16065,0.12823
1790906068777256032,-0.37202,-0.64096,0.38194,0.03488,0.19530,0.10982
1790906069078871648,-0.46441,-0.62488,0.30667,0.06789,0.22995,0.09141
1790906069380454176,-0.55680,-0.60880,0.23140,0.10090,0.26460,0.07300
1790906069685776928,-0.55680,-0.60880,0.23140,0.10090,0.26460,0.07300
1790906069987158400,-0.55680,-0.60880,0.23140,0.10090,0.26460,0.07300
1790906070288739616,-0.55680,-0.60880,0.23140,0.10090,0.26460,0.07300
1790906070590353280,-0.55680,-0.60880,0.23140,0.10090,0.26460,0.07300
1790906070892978720,-0.55680,-0.60880,0.23140,0.10090,0.26460,0.07300
1790906071194276512,-0.55680,-0.60880,0.23140,0.10090,0.26460,0.07300
1790906071495741920,-0.55680,-0.60880,0.23140,0.10090,0.26460,0.07300
1790906071797342176,-0.55680,-0.60880,0.23140,0.10090,0.26460,0.07300
1790906072098814496,-0.55680,-0.60880,0.23140,0.10090,0.26460,0.07300
1790906072400280800,-0.55680,-0.60880,0.23140,0.10090,0.26460,0.07300
1790906072706450112,-0.44104,-0.62282,0.28388,0.09647,0.24613,0.06132
1790906073007955232,-0.32528,-0.63684,0.33636,0.09204,0.22766,0.04964
1790906073309398080,-0.20952,-0.65086,0.38884,0.08761,0.20919,0.03796
1790906073611019808,-0.09376,-0.66488,0.44132,0.08318,0.19072,0.02628
1790906073912471936,0.02200,-0.67890,0.49380,0.07875,0.17225,0.01460
1790906074214065472,0.13776,-0.69292,0.54628,0.07432,0.15378,0.00292
1790906074515507872,0.25352,-0.70694,0.59876,0.06989,0.13531,-0.00876
1790906074817040640,0.36928,-0.72096,0.65124,0.06546,0.11684,-0.02044
1790906075118484192,0.48504,-0.73498,0.70372,0.06103,0.09837,-0.03212
1790906075420066304,0.60080,-0.74900,0.75620,0.05660,0.07990,-0.04380
1790906075726074976,0.48504,-0.73498,0.70372,0.06103,0.09837,-0.03212
1790906076027661312,0.36928,-0.72096,0.65124,0.06546,0.11684,-0.02044
1790906076329018272,0.25352,-0.70694,0.59876,0.06989,0.13531,-0.00876
1790906076630379424,0.13776,-0.69292,0.54628,0.07432,0.15378,0.00292
1790906076932032576,0.02200,-0.67890,0.49380,0.07875,0.17225,0.01460
1790906077233657280,-0.09376,-0.66488,0.44132,0.08318,0.19072,0.02628
1790906077535309376,-0.20952,-0.65086,0.38884,0.08761,0.20919,0.03796
1790906077836865600,-0.32528,-0.63684,0.33636,0.09204,0.22766,0.04964
1790906078138560448,-0.44104,-0.62282,0.28388,0.09647,0.24613,0.06132
1790906078440193344,-0.55680,-0.60880,0.23140,0.10090,0.26460,0.07300
1790906078748974848,-0.44104,-0.62282,0.28388,0.09647,0.24613,0.06132
1790906079048409696,-0.32528,-0.63684,0.33636,0.09204,0.22766,0.04964
1790906079350443136,-0.20952,-0.65086,0.38884,0.08761,0.20919,0.03796
1790906079651688896,-0.09376,-0.66488,0.44132,0.08318,0.19072,0.02628
1790906079953507840,0.02200,-0.67890,0.49380,0.07875,0.17225,0.01460
1790906080254452192,0.13776,-0.69292,0.54628,0.07432,0.15378,0.00292
1790906080555915040,0.25352,-0.70694,0.59876,0.06989,0.13531,-0.00876
1790906080857635040,0.36928,-0.72096,0.65124,0.06546,0.11684,-0.02044
1790906081159062688,0.48504,-0.73498,0.70372,0.06103,0.09837,-0.03212
1790906081460448384,0.60080,-0.74900,0.75620,0.05660,0.07990,-0.04380
1790906081767953248,0.60080,-0.74900,0.75620,0.05660,0.07990,-0.04380
1790906082070427104,0.60080,-0.74900,0.75620,0.05660,0.07990,-0.04380
1790906082371608192,0.60080,-0.74900,0.75620,0.05660,0.07990,-0.04380
1790906082672979712,0.60080,-0.74900,0.75620,0.05660,0.07990,-0.04380
1790906082974803584,0.60080,-0.74900,0.75620,0.05660,0.07990,-0.04380
1790906083276235488,0.60080,-0.74900,0.75620,0.05660,0.07990,-0.04380
1790906083577874176,0.60080,-0.74900,0.75620,0.05660,0.07990,-0.04380
1790906083879368640,0.60080,-0.74900,0.75620,0.05660,0.07990,-0.04380
1790906084181096128,0.60080,-0.74900,0.75620,0.05660,0.07990,-0.04380
1790906084482674240,0.60080,-0.74900,0.75620,0.05660,0.07990,-0.04380
1790906084789068512,0.59511,-0.69853,0.73851,0.06079,0.02798,-0.01927
1790906085091220384,0.58942,-0.64806,0.72082,0.06498,-0.02394,0.00526
1790906085392632640,0.58373,-0.59759,0.70313,0.06917,-0.07586,0.02979
1790906085694195616,0.57804,-0.54712,0.68544,0.07336,-0.12778,0.05432
1790906085995532608,0.57235,-0.49665,0.66775,0.07755,-0.17970,0.07885
1790906086296623232,0.56666,-0.44618,0.65006,0.08174,-0.23162,0.10338
1790906086598265440,0.56097,-0.39571,0.63237,0.08593,-0.28354,0.12791
1790906086900464960,0.55528,-0.34524,0.61468,0.09012,-0.33546,0.15244
1790906087202093344,0.54959,-0.29477,0.59699,0.09431,-0.38738,0.17697
1790906087503379616,0.54390,-0.24430,0.57930,0.09850,-0.43930,0.20150
1790906087808878272,0.54959,-0.29477,0.59699,0.09431,-0.38738,0.17697
1790906088110264544,0.55528,-0.34524,0.61468,0.09012,-0.33546,0.15244
1790906088411823104,0.56097,-0.39571,0.63237,0.08593,-0.28354,0.12791
1790906088713545888,0.56666,-0.44618,0.65006,0.08174,-0.23162,0.10338
1790906089015057024,0.57235,-0.49665,0.66775,0.07755,-0.17970,0.07885
1790906089316501856,0.57804,-0.54712,0.68544,0.07336,-0.12778,0.05432
1790906089618193536,0.58373,-0.59759,0.70313,0.06917,-0.07586,0.02979
1790906089920318976,0.58942,-0.64806,0.72082,0.06498,-0.02394,0.00526
1790906090222297920,0.59511,-0.69853,0.73851,0.06079,0.02798,-0.01927
1790906090523801984,0.60080,-0.74900,0.75620,0.05660,0.07990,-0.04380
1790906090832755840,0.59511,-0.69853,0.73851,0.06079,0.02798,-0.01927
1790906091131461536,0.58942,-0.64806,0.72082,0.06498,-0.02394,0.00526
1790906091433326624,0.58373,-0.59759,0.70313,0.06917,-0.07586,0.02979
1790906091734756320,0.57804,-0.54712,0.68544,0.07336,-0.12778,0.05432
1790906092036925920,0.57235,-0.49665,0.66775,0.07755,-0.17970,0.07885
1790906092338601856,0.56666,-0.44618,0.65006,0.08174,-0.23162,0.10338
1790906092640348896,0.56097,-0.39571,0.63237,0.08593,-0.28354,0.12791
1790906092942258016,0.55528,-0.34524,0.61468,0.09012,-0.33546,0.15244
1790906093244098304,0.54959,-0.29477,0.59699,0.09431,-0.38738,0.17697
1790906093546001216,0.54390,-0.24430,0.57930,0.09850,-0.43930,0.20150
1790906093852205344,0.54390,-0.24430,0.57930,0.09850,-0.43930,0.20150
1790906094153912064,0.54390,-0.24430,0.57930,0.09850,-0.43930,0.20150
1790906094455346080,0.54390,-0.24430,0.57930,0.09850,-0.43930,0.20150
1790906094756685024,0.54390,-0.24430,0.57930,0.09850,-0.43930,0.20150
1790906095058401600,0.54390,-0.24430,0.57930,0.09850,-0.43930,0.20150
1790906095359979840,0.54390,-0.24430,0.57930,0.09850,-0.43930,0.20150
1790906095661616832,0.54390,-0.24430,0.57930,0.09850,-0.43930,0.20150
1790906095963197728,0.54390,-0.24430,0.57930,0.09850,-0.43930,0.20150
1790906096264512384,0.54390,-0.24430,0.57930,0.09850,-0.43930,0.20150
1790906096565949824,0.54390,-0.24430,0.57930,0.09850,-0.43930,0.20150
1790906096871338016,0.51305,-0.24042,0.60712,0.07573,-0.40679,0.19822
1790906097172896288,0.48220,-0.23654,0.63494,0.05296,-0.37428,0.19494
1790906097474564128,0.45135,-0.23266,0.66276,0.03019,-0.34177,0.19166
1790906097776180896,0.42050,-0.22878,0.69058,0.00742,-0.30926,0.18838
1790906098077823392,0.38965,-0.22490,0.71840,-0.01535,-0.27675,0.18510
1790906098379517824,0.35880,-0.22102,0.74622,-0.03812,-0.24424,0.18182
1790906098681075584,0.32795,-0.21714,0.77404,-0.06089,-0.21173,0.17854
1790906098982646048,0.29710,-0.21326,0.80186,-0.08366,-0.17922,0.17526
1790906099284219264,0.26625,-0.20938,0.82968,-0.10643,-0.14671,0.17198
1790906099585887872,0.23540,-0.20550,0.85750,-0.12920,-0.11420,0.16870
1790906099893537440,0.26625,-0.20938,0.82968,-0.10643,-0.14671,0.17198
1790906100195062848,0.29710,-0.21326,0.80186,-0.08366,-0.17922,0.17526
1790906100496356512,0.32795,-0.21714,0.77404,-0.06089,-0.21173,0.17854
1790906100798212160,0.35880,-0.22102,0.74622,-0.03812,-0.24424,0.18182
1790906101099262720,0.38965,-0.22490,0.71840,-0.01535,-0.27675,0.18510
1790906101400893600,0.42050,-0.22878,0.69058,0.00742,-0.30926,0.18838
1790906101702010848,0.45135,-0.23266,0.66276,0.03019,-0.34177,0.19166
1790906102003415872,0.48220,-0.23654,0.63494,0.05296,-0.37428,0.19494
1790906102304748000,0.51305,-0.24042,0.60712,0.07573,-0.40679,0.19822
1790906102606750528,0.54390,-0.24430,0.57930,0.09850,-0.43930,0.20150
1790906102911714304,0.51305,-0.24042,0.60712,0.07573,-0.40679,0.19822
1790906103213182048,0.48220,-0.23654,0.63494,0.05296,-0.37428,0.19494
1790906103514319040,0.45135,-0.23266,0.66276,0.03019,-0.34177,0.19166
1790906103816105216,0.42050,-0.22878,0.69058,0.00742,-0.30926,0.18838
1790906104117633184,0.38965,-0.22490,0.71840,-0.01535,-0.27675,0.18510
1790906104419305568,0.35880,-0.22102,0.74622,-0.03812,-0.24424,0.18182
1790906104720750176,0.32795,-0.21714,0.77404,-0.06089,-0.21173,0.17854
1790906105022482784,0.29710,-0.21326,0.80186,-0.08366,-0.17922,0.17526
1790906105323794336,0.26625,-0.20938,0.82968,-0.10643,-0.14671,0.17198
1790906105625975840,0.23540,-0.20550,0.85750,-0.12920,-0.11420,0.16870
1790906105937138656,0.23540,-0.20550,0.85750,-0.12920,-0.11420,0.16870
1790906106236437664,0.23540,-0.20550,0.85750,-0.12920,-0.11420,0.16870
1790906106537755040,0.23540,-0.20550,0.85750,-0.12920,-0.11420,0.16870
1790906106839574912,0.23540,-0.20550,0.85750,-0.12920,-0.11420,0.16870
1790906107141078912,0.23540,-0.20550,0.85750,-0.12920,-0.11420,0.16870
1790906107442455616,0.23540,-0.20550,0.85750,-0.12920,-0.11420,0.16870
1790906107743961696,0.23540,-0.20550,0.85750,-0.12920,-0.11420,0.16870
1790906108045887136,0.23540,-0.20550,0.85750,-0.12920,-0.11420,0.16870
1790906108347237824,0.23540,-0.20550,0.85750,-0.12920,-0.11420,0.16870
1790906108648992480,0.23540,-0.20550,0.85750,-0.12920,-0.11420,0.16870
1790906108954276352,0.13547,-0.24801,0.80519,-0.13925,-0.14688,0.17865
1790906109255568800,0.03554,-0.29052,0.75288,-0.14930,-0.17956,0.18860
1790906109556844384,-0.06439,-0.33303,0.70057,-0.15935,-0.21224,0.19855
1790906109858491552,-0.16432,-0.37554,0.64826,-0.16940,-0.24492,0.20850
1790906110159936352,-0.26425,-0.41805,0.59595,-0.17945,-0.27760,0.21845
1790906110461436672,-0.36418,-0.46056,0.54364,-0.18950,-0.31028,0.22840
1790906110762947840,-0.46411,-0.50307,0.49133,-0.19955,-0.34296,0.23835
1790906111064432512,-0.56404,-0.54558,0.43902,-0.20960,-0.37564,0.24830
1790906111366093344,-0.66397,-0.58809,0.38671,-0.21965,-0.40832,0.25825
1790906111667626432,-0.76390,-0.63060,0.33440,-0.22970,-0.44100,0.26820
1790906111973704736,-0.66397,-0.58809,0.38671,-0.21965,-0.40832,0.25825
1790906112273677312,-0.56404,-0.54558,0.43902,-0.20960,-0.37564,0.24830
1790906112575193952,-0.46411,-0.50307,0.49133,-0.19955,-0.34296,0.23835
1790906112876682176,-0.36418,-0.46056,0.54364,-0.18950,-0.31028,0.22840
1790906113178323584,-0.26425,-0.41805,0.59595,-0.17945,-0.27760,0.21845
1790906113479963168,-0.16432,-0.37554,0.64826,-0.16940,-0.24492,0.20850
1790906113781696192,-0.06439,-0.33303,0.70057,-0.15935,-0.21224,0.19855
1790906114083223872,0.03554,-0.29052,0.75288,-0.14930,-0.17956,0.18860
1790906114384907552,0.13547,-0.24801,0.80519,-0.13925,-0.14688,0.17865
1790906114686519488,0.23540,-0.20550,0.85750,-0.12920,-0.11420,0.16870
1790906114992097504,0.13547,-0.24801,0.80519,-0.13925,-0.14688,0.17865
1790906115293243008,0.03554,-0.29052,0.75288,-0.14930,-0.17956,0.18860
1790906115594646016,-0.06439,-0.33303,0.70057,-0.15935,-0.21224,0.19855
1790906115895921408,-0.16432,-0.37554,0.64826,-0.16940,-0.24492,0.20850
1790906116197592704,-0.26425,-0.41805,0.59595,-0.17945,-0.27760,0.21845
1790906116498970272,-0.36418,-0.46056,0.54364,-0.18950,-0.31028,0.22840
1790906116800534144,-0.46411,-0.50307,0.49133,-0.19955,-0.34296,0.23835
1790906117102143456,-0.56404,-0.54558,0.43902,-0.20960,-0.37564,0.24830
1790906117403735616,-0.66397,-0.58809,0.38671,-0.21965,-0.40832,0.25825
1790906117705213760,-0.76390,-0.63060,0.33440,-0.22970,-0.44100,0.26820
1790906118011485568,-0.76390,-0.63060,0.33440,-0.22970,-0.44100,0.26820
1790906118312567872,-0.76390,-0.63060,0.33440,-0.22970,-0.44100,0.26820
1790906118614184032,-0.76390,-0.63060,0.33440,-0.22970,-0.44100,0.26820
1790906118915728608,-0.76390,-0.63060,0.33440,-0.22970,-0.44100,0.26820
1790906119217375808,-0.76390,-0.63060,0.33440,-0.22970,-0.44100,0.26820
1790906119518837440,-0.76390,-0.63060,0.33440,-0.22970,-0.44100,0.26820
1790906119820558496,-0.76390,-0.63060,0.33440,-0.22970,-0.44100,0.26820
1790906120122160896,-0.76390,-0.63060,0.33440,-0.22970,-0.44100,0.26820
1790906120423505504,-0.76390,-0.63060,0.33440,-0.22970,-0.44100,0.26820
1790906120724991168,-0.76390,-0.63060,0.33440,-0.22970,-0.44100,0.26820
1790906121030539744,-0.74682,-0.64773,0.35224,-0.18444,-0.43884,0.23630
1790906121332618976,-0.72974,-0.66486,0.37008,-0.13918,-0.43668,0.20440
1790906121634320576,-0.71266,-0.68199,0.38792,-0.09392,-0.43452,0.17250
1790906121935760064,-0.69558,-0.69912,0.40576,-0.04866,-0.43236,0.14060
1790906122237394048,-0.67850,-0.71625,0.42360,-0.00340,-0.43020,0.10870
1790906122539089472,-0.66142,-0.73338,0.44144,0.04186,-0.42804,0.07680
1790906122840653184,-0.64434,-0.75051,0.45928,0.08712,-0.42588,0.04490
1790906123142261344,-0.62726,-0.76764,0.47712,0.13238,-0.42372,0.01300
1790906123443646912,-0.61018,-0.78477,0.49496,0.17764,-0.42156,-0.01890
1790906123745293216,-0.59310,-0.80190,0.51280,0.22290,-0.41940,-0.05080
1790906124049693760,-0.61018,-0.78477,0.49496,0.17764,-0.42156,-0.01890
1790906124351133312,-0.62726,-0.76764,0.47712,0.13238,-0.42372,0.01300
1790906124652663136,-0.64434,-0.75051,0.45928,0.08712,-0.42588,0.04490
1790906124954139648,-0.66142,-0.73338,0.44144,0.04186,-0.42804,0.07680
1790906125255713184,-0.67850,-0.71625,0.42360,-0.00340,-0.43020,0.10870
1790906125557007968,-0.69558,-0.69912,0.40576,-0.04866,-0.43236,0.14060
1790906125858685984,-0.71266,-0.68199,0.38792,-0.09392,-0.43452,0.17250
1790906126159993344,-0.72974,-0.66486,0.37008,-0.13918,-0.43668,0.20440
1790906126461639744,-0.74682,-0.64773,0.35224,-0.18444,-0.43884,0.23630
1790906126763117120,-0.76390,-0.63060,0.33440,-0.22970,-0.44100,0.26820
1790906127068534464,-0.74682,-0.64773,0.35224,-0.18444,-0.43884,0.23630
1790906127370179616,-0.72974,-0.66486,0.37008,-0.13918,-0.43668,0.20440
1790906127671641920,-0.71266,-0.68199,0.38792,-0.09392,-0.43452,0.17250
1790906127973031200,-0.69558,-0.69912,0.40576,-0.04866,-0.43236,0.14060
1790906128274707744,-0.67850,-0.71625,0.42360,-0.00340,-0.43020,0.10870
1790906128576048320,-0.66142,-0.73338,0.44144,0.04186,-0.42804,0.07680
1790906128877647776,-0.64434,-0.75051,0.45928,0.08712,-0.42588,0.04490
1790906129179066560,-0.62726,-0.76764,0.47712,0.13238,-0.42372,0.01300
1790906129480543808,-0.61018,-0.78477,0.49496,0.17764,-0.42156,-0.01890
1790906129782206816,-0.59310,-0.80190,0.51280,0.22290,-0.41940,-0.05080
1790906130088083744,-0.59310,-0.80190,0.51280,0.22290,-0.41940,-0.05080
1790906130390072544,-0.59310,-0.80190,0.51280,0.22290,-0.41940,-0.05080
1790906130692417056,-0.59310,-0.80190,0.51280,0.22290,-0.41940,-0.05080
1790906130994110560,-0.59310,-0.80190,0.51280,0.22290,-0.41940,-0.05080
1790906131295184352,-0.59310,-0.80190,0.51280,0.22290,-0.41940,-0.05080
1790906131596730432,-0.59310,-0.80190,0.51280,0.22290,-0.41940,-0.05080
1790906131898197696,-0.59310,-0.80190,0.51280,0.22290,-0.41940,-0.05080
1790906132199775840,-0.59310,-0.80190,0.51280,0.22290,-0.41940,-0.05080
1790906132501100352,-0.59310,-0.80190,0.51280,0.22290,-0.41940,-0.05080
1790906132803121984,-0.59310,-0.80190,0.51280,0.22290,-0.41940,-0.05080
1790906133107774144,-0.52588,-0.75104,0.54706,0.22245,-0.39962,-0.05419
1790906133409022976,-0.45866,-0.70018,0.58132,0.22200,-0.37984,-0.05758
1790906133710665920,-0.39144,-0.64932,0.61558,0.22155,-0.36006,-0.06097
1790906134012022144,-0.32422,-0.59846,0.64984,0.22110,-0.34028,-0.06436
1790906134313694400,-0.25700,-0.54760,0.68410,0.22065,-0.32050,-0.06775
1790906134615264000,-0.18978,-0.49674,0.71836,0.22020,-0.30072,-0.07114
1790906134916975328,-0.12256,-0.44588,0.75262,0.21975,-0.28094,-0.07453
1790906135218267968,-0.05534,-0.39502,0.78688,0.21930,-0.26116,-0.07792
1790906135519781408,0.01188,-0.34416,0.82114,0.21885,-0.24138,-0.08131
1790906135821226368,0.07910,-0.29330,0.85540,0.21840,-0.22160,-0.08470
1790906136126993984,0.01188,-0.34416,0.82114,0.21885,-0.24138,-0.08131
1790906136429763520,-0.05534,-0.39502,0.78688,0.21930,-0.26116,-0.07792
1790906136731346912,-0.12256,-0.44588,0.75262,0.21975,-0.28094,-0.07453
1790906137033014304,-0.18978,-0.49674,0.71836,0.22020,-0.30072,-0.07114
1790906137334618848,-0.25700,-0.54760,0.68410,0.22065,-0.32050,-0.06775
1790906137636213184,-0.32422,-0.59846,0.64984,0.22110,-0.34028,-0.06436
1790906137937455584,-0.39144,-0.64932,0.61558,0.22155,-0.36006,-0.06097
1790906138239016704,-0.45866,-0.70018,0.58132,0.22200,-0.37984,-0.05758
1790906138540608288,-0.52588,-0.75104,0.54706,0.22245,-0.39962,-0.05419
1790906138842276512,-0.59310,-0.80190,0.51280,0.22290,-0.41940,-0.05080
1790906139148810944,-0.52588,-0.75104,0.54706,0.22245,-0.39962,-0.05419
1790906139449776384,-0.45866,-0.70018,0.58132,0.22200,-0.37984,-0.05758
1790906139751685568,-0.39144,-0.64932,0.61558,0.22155,-0.36006,-0.06097
1790906140053190816,-0.32422,-0.59846,0.64984,0.22110,-0.34028,-0.06436
1790906140354676416,-0.25700,-0.54760,0.68410,0.22065,-0.32050,-0.06775
1790906140656701120,-0.18978,-0.49674,0.71836,0.22020,-0.30072,-0.07114
1790906140958133184,-0.12256,-0.44588,0.75262,0.21975,-0.28094,-0.07453
1790906141259518752,-0.05534,-0.39502,0.78688,0.21930,-0.26116,-0.07792
1790906141561049920,0.01188,-0.34416,0.82114,0.21885,-0.24138,-0.08131
1790906141862648928,0.07910,-0.29330,0.85540,0.21840,-0.22160,-0.08470
1790906142168009408,0.07910,-0.29330,0.85540,0.21840,-0.22160,-0.08470
1790906142469269536,0.07910,-0.29330,0.85540,0.21840,-0.22160,-0.08470
1790906142771915360,0.07910,-0.29330,0.85540,0.21840,-0.22160,-0.08470
1790906143073644512,0.07910,-0.29330,0.85540,0.21840,-0.22160,-0.08470
1790906143375411104,0.07910,-0.29330,0.85540,0.21840,-0.22160,-0.08470
1790906143676749376,0.07910,-0.29330,0.85540,0.21840,-0.22160,-0.08470
1790906143978468608,0.07910,-0.29330,0.85540,0.21840,-0.22160,-0.08470
1790906144280403104,0.07910,-0.29330,0.85540,0.21840,-0.22160,-0.08470
1790906144581905952,0.07910,-0.29330,0.85540,0.21840,-0.22160,-0.08470
1790906144884286144,0.07910,-0.29330,0.85540,0.21840,-0.22160,-0.08470
1790906145191411040,0.04859,-0.29323,0.86648,0.17562,-0.23182,-0.10303
1790906145493215808,0.01808,-0.29316,0.87756,0.13284,-0.24204,-0.12136
1790906145794474624,-0.01243,-0.29309,0.88864,0.09006,-0.25226,-0.13969
1790906146095582432,-0.04294,-0.29302,0.89972,0.04728,-0.26248,-0.15802
1790906146397399744,-0.07345,-0.29295,0.91080,0.00450,-0.27270,-0.17635
1790906146698869600,-0.10396,-0.29288,0.92188,-0.03828,-0.28292,-0.19468
1790906147000362912,-0.13447,-0.29281,0.93296,-0.08106,-0.29314,-0.21301
1790906147301853344,-0.16498,-0.29274,0.94404,-0.12384,-0.30336,-0.23134
1790906147603621504,-0.19549,-0.29267,0.95512,-0.16662,-0.31358,-0.24967
1790906147905074976,-0.22600,-0.29260,0.96620,-0.20940,-0.32380,-0.26800
1790906148210194432,-0.19549,-0.29267,0.95512,-0.16662,-0.31358,-0.24967
1790906148511579200,-0.16498,-0.29274,0.94404,-0.12384,-0.30336,-0.23134
1790906148813193888,-0.13447,-0.29281,0.93296,-0.08106,-0.29314,-0.21301
1790906149114763232,-0.10396,-0.29288,0.92188,-0.03828,-0.28292,-0.19468
1790906149416292352,-0.07345,-0.29295,0.91080,0.00450,-0.27270,-0.17635
1790906149718121568,-0.04294,-0.29302,0.89972,0.04728,-0.26248,-0.15802
1790906150019411328,-0.01243,-0.29309,0.88864,0.09006,-0.25226,-0.13969
1790906150320998912,0.01808,-0.29316,0.87756,0.13284,-0.24204,-0.12136
1790906150622860608,0.04859,-0.29323,0.86648,0.17562,-0.23182,-0.10303
1790906150924155008,0.07910,-0.29330,0.85540,0.21840,-0.22160,-0.08470
1790906151229764224,0.04859,-0.29323,0.86648,0.17562,-0.23182,-0.10303
1790906151531861568,0.01808,-0.29316,0.87756,0.13284,-0.24204,-0.12136
1790906151833279424,-0.01243,-0.29309,0.88864,0.09006,-0.25226,-0.13969
1790906152134633152,-0.04294,-0.29302,0.89972,0.04728,-0.26248,-0.15802
1790906152436263136,-0.07345,-0.29295,0.91080,0.00450,-0.27270,-0.17635
1790906152737719232,-0.10396,-0.29288,0.92188,-0.03828,-0.28292,-0.19468
1790906153039081056,-0.13447,-0.29281,0.93296,-0.08106,-0.29314,-0.21301
1790906153340589408,-0.16498,-0.29274,0.94404,-0.12384,-0.30336,-0.23134
1790906153642351296,-0.19549,-0.29267,0.95512,-0.16662,-0.31358,-0.24967
1790906153943937216,-0.22600,-0.29260,0.96620,-0.20940,-0.32380,-0.26800
1790906154249905248,-0.22600,-0.29260,0.96620,-0.20940,-0.32380,-0.26800
1790906154551354176,-0.22600,-0.29260,0.96620,-0.20940,-0.32380,-0.26800
1790906154853109760,-0.22600,-0.29260,0.96620,-0.20940,-0.32380,-0.26800
1790906155154642048,-0.22600,-0.29260,0.96620,-0.20940,-0.32380,-0.26800
1790906155456165568,-0.22600,-0.29260,0.96620,-0.20940,-0.32380,-0.26800
1790906155757747040,-0.22600,-0.29260,0.96620,-0.20940,-0.32380,-0.26800
1790906156059310016,-0.22600,-0.29260,0.96620,-0.20940,-0.32380,-0.26800
1790906156360882144,-0.22600,-0.29260,0.96620,-0.20940,-0.32380,-0.26800
1790906156662484160,-0.22600,-0.29260,0.96620,-0.20940,-0.32380,-0.26800
1790906156964079424,-0.22600,-0.29260,0.96620,-0.20940,-0.32380,-0.26800
1790906157270189120,-0.24607,-0.32454,0.93671,-0.20270,-0.34101,-0.24931
1790906157571520320,-0.26614,-0.35648,0.90722,-0.19600,-0.35822,-0.23062
1790906157873294592,-0.28621,-0.38842,0.87773,-0.18930,-0.37543,-0.21193
1790906158176569888,-0.30628,-0.42036,0.84824,-0.18260,-0.39264,-0.19324
1790906158477829824,-0.32635,-0.45230,0.81875,-0.17590,-0.40985,-0.17455
1790906158779454304,-0.34642,-0.48424,0.78926,-0.16920,-0.42706,-0.15586
1790906159081027264,-0.36649,-0.51618,0.75977,-0.16250,-0.44427,-0.13717
1790906159382660224,-0.38656,-0.54812,0.73028,-0.15580,-0.46148,-0.11848
1790906159684297120,-0.40663,-0.58006,0.70079,-0.14910,-0.47869,-0.09979
1790906159985956736,-0.42670,-0.61200,0.67130,-0.14240,-0.49590,-0.08110
1790906160291202048,-0.40663,-0.58006,0.70079,-0.14910,-0.47869,-0.09979
1790906160592522880,-0.38656,-0.54812,0.73028,-0.15580,-0.46148,-0.11848
1790906160894072704,-0.36649,-0.51618,0.75977,-0.16250,-0.44427,-0.13717
1790906161195635680,-0.34642,-0.48424,0.78926,-0.16920,-0.42706,-0.15586
1790906161497151136,-0.32635,-0.45230,0.81875,-0.17590,-0.40985,-0.17455
1790906161798998624,-0.30628,-0.42036,0.84824,-0.18260,-0.39264,-0.19324
1790906162100266464,-0.28621,-0.38842,0.87773,-0.18930,-0.37543,-0.21193
1790906162402173856,-0.26614,-0.35648,0.90722,-0.19600,-0.35822,-0.23062
1790906162703634912,-0.24607,-0.32454,0.93671,-0.20270,-0.34101,-0.24931
1790906163005314464,-0.22600,-0.29260,0.96620,-0.20940,-0.32380,-0.26800
1790906163311654080,-0.24607,-0.32454,0.93671,-0.20270,-0.34101,-0.24931
1790906163612862400,-0.26614,-0.35648,0.90722,-0.19600,-0.35822,-0.23062
1790906163914513600,-0.28621,-0.38842,0.87773,-0.18930,-0.37543,-0.21193
1790906164216146816,-0.30628,-0.42036,0.84824,-0.18260,-0.39264,-0.19324
1790906164517796608,-0.32635,-0.45230,0.81875,-0.17590,-0.40985,-0.17455
1790906164819398080,-0.34642,-0.48424,0.78926,-0.16920,-0.42706,-0.15586
1790906165120959360,-0.36649,-0.51618,0.75977,-0.16250,-0.44427,-0.13717
1790906165422665088,-0.38656,-0.54812,0.73028,-0.15580,-0.46148,-0.11848
1790906165724270784,-0.40663,-0.58006,0.70079,-0.14910,-0.47869,-0.09979
1790906166025954752,-0.42670,-0.61200,0.67130,-0.14240,-0.49590,-0.08110
1790906166334449952,-0.42670,-0.61200,0.67130,-0.14240,-0.49590,-0.08110
1790906166636011936,-0.42670,-0.61200,0.67130,-0.14240,-0.49590,-0.08110
1790906166937525184,-0.42670,-0.61200,0.67130,-0.14240,-0.49590,-0.08110
1790906167239157152,-0.42670,-0.61200,0.67130,-0.14240,-0.49590,-0.08110
1790906167540813440,-0.42670,-0.61200,0.67130,-0.14240,-0.49590,-0.08110
1790906167842511392,-0.42670,-0.61200,0.67130,-0.14240,-0.49590,-0.08110
1790906168144079072,-0.42670,-0.61200,0.67130,-0.14240,-0.49590,-0.08110
1790906168445734592,-0.42670,-0.61200,0.67130,-0.14240,-0.49590,-0.08110
1790906168747327200,-0.42670,-0.61200,0.67130,-0.14240,-0.49590,-0.08110
1790906169048990368,-0.42670,-0.61200,0.67130,-0.14240,-0.49590,-0.08110
1790906169355165024,-0.40495,-0.60549,0.70042,-0.11673,-0.44476,-0.06123
1790906169656828928,-0.38320,-0.59898,0.72954,-0.09106,-0.39362,-0.04136
1790906169958517056,-0.36145,-0.59247,0.75866,-0.06539,-0.34248,-0.02149
1790906170260143232,-0.33970,-0.58596,0.78778,-0.03972,-0.29134,-0.00162
1790906170561557376,-0.31795,-0.57945,0.81690,-0.01405,-0.24020,0.01825
1790906170863090144,-0.29620,-0.57294,0.84602,0.01162,-0.18906,0.03812
1790906171164809408,-0.27445,-0.56643,0.87514,0.03729,-0.13792,0.05799
1790906171466513312,-0.25270,-0.55992,0.90426,0.06296,-0.08678,0.07786
1790906171767819712,-0.23095,-0.55341,0.93338,0.08863,-0.03564,0.09773
1790906172069298656,-0.20920,-0.54690,0.96250,0.11430,0.01550,0.11760
1790906172374720288,-0.23095,-0.55341,0.93338,0.08863,-0.03564,0.09773
1790906172676587840,-0.25270,-0.55992,0.90426,0.06296,-0.08678,0.07786
1790906172977878464,-0.27445,-0.56643,0.87514,0.03729,-0.13792,0.05799
1790906173279634752,-0.29620,-0.57294,0.84602,0.01162,-0.18906,0.03812
1790906173581012288,-0.31795,-0.57945,0.81690,-0.01405,-0.24020,0.01825
1790906173882630560,-0.33970,-0.58596,0.78778,-0.03972,-0.29134,-0.00162
1790906174184168448,-0.36145,-0.59247,0.75866,-0.06539,-0.34248,-0.02149
1790906174485750368,-0.38320,-0.59898,0.72954,-0.09106,-0.39362,-0.04136
1790906174787283840,-0.40495,-0.60549,0.70042,-0.11673,-0.44476,-0.06123
1790906175088867488,-0.42670,-0.61200,0.67130,-0.14240,-0.49590,-0.08110
1790906175393754624,-0.40495,-0.60549,0.70042,-0.11673,-0.44476,-0.06123
1790906175695388032,-0.38320,-0.59898,0.72954,-0.09106,-0.39362,-0.04136
1790906175996482528,-0.36145,-0.59247,0.75866,-0.06539,-0.34248,-0.02149
1790906176298322048,-0.33970,-0.58596,0.78778,-0.03972,-0.29134,-0.00162
1790906176599651680,-0.31795,-0.57945,0.81690,-0.01405,-0.24020,0.01825
1790906176901074720,-0.29620,-0.57294,0.84602,0.01162,-0.18906,0.03812
1790906177202593120,-0.27445,-0.56643,0.87514,0.03729,-0.13792,0.05799
1790906177504204448,-0.25270,-0.55992,0.90426,0.06296,-0.08678,0.07786
1790906177805827744,-0.23095,-0.55341,0.93338,0.08863,-0.03564,0.09773
1790906178107154464,-0.20920,-0.54690,0.96250,0.11430,0.01550,0.11760
1790906178412253344,-0.20920,-0.54690,0.96250,0.11430,0.01550,0.11760
1790906178713720960,-0.20920,-0.54690,0.96250,0.11430,0.01550,0.11760
1790906179015355744,-0.20920,-0.54690,0.96250,0.11430,0.01550,0.11760
1790906179316688864,-0.20920,-0.54690,0.96250,0.11430,0.01550,0.11760
1790906179618338464,-0.20920,-0.54690,0.96250,0.11430,0.01550,0.11760
1790906179919914272,-0.20920,-0.54690,0.96250,0.11430,0.01550,0.11760
1790906180221626624,-0.20920,-0.54690,0.96250,0.11430,0.01550,0.11760
1790906180523289728,-0.20920,-0.54690,0.96250,0.11430,0.01550,0.11760
1790906180825022912,-0.20920,-0.54690,0.96250,0.11430,0.01550,0.11760
1790906181126570176,-0.20920,-0.54690,0.96250,0.11430,0.01550,0.11760
1790906181431461696,-0.16009,-0.58789,0.95821,0.11967,0.05140,0.13563
1790906181732933664,-0.11098,-0.62888,0.95392,0.12504,0.08730,0.15366
1790906182034236896,-0.06187,-0.66987,0.94963,0.13041,0.12320,0.17169
1790906182335822592,-0.01276,-0.71086,0.94534,0.13578,0.15910,0.18972
1790906182637530176,0.03635,-0.75185,0.94105,0.14115,0.19500,0.20775
1790906182939108960,0.08546,-0.79284,0.93676,0.14652,0.23090,0.22578
1790906183240782272,0.13457,-0.83383,0.93247,0.15189,0.26680,0.24381
1790906183542500288,0.18368,-0.87482,0.92818,0.15726,0.30270,0.26184
1790906183844195680,0.23279,-0.91581,0.92389,0.16263,0.33860,0.27987
1790906184145751616,0.28190,-0.95680,0.91960,0.16800,0.37450,0.29790
1790906184450887520,0.23279,-0.91581,0.92389,0.16263,0.33860,0.27987
1790906184752343520,0.18368,-0.87482,0.92818,0.15726,0.30270,0.26184
1790906185054272896,0.13457,-0.83383,0.93247,0.15189,0.26680,0.24381
1790906185355527872,0.08546,-0.79284,0.93676,0.14652,0.23090,0.22578
1790906185657188064,0.03635,-0.75185,0.94105,0.14115,0.19500,0.20775
1790906185958664864,-0.01276,-0.71086,0.94534,0.13578,0.15910,0.18972
1790906186260568576,-0.06187,-0.66987,0.94963,0.13041,0.12320,0.17169
1790906186561842976,-0.11098,-0.62888,0.95392,0.12504,0.08730,0.15366
1790906186863516448,-0.16009,-0.58789,0.95821,0.11967,0.05140,0.13563
1790906187165215520,-0.20920,-0.54690,0.96250,0.11430,0.01550,0.11760
1790906187471061024,-0.16009,-0.58789,0.95821,0.11967,0.05140,0.13563
1790906187772636768,-0.11098,-0.62888,0.95392,0.12504,0.08730,0.15366
1790906188074239360,-0.06187,-0.66987,0.94963,0.13041,0.12320,0.17169
1790906188375820256,-0.01276,-0.71086,0.94534,0.13578,0.15910,0.18972
1790906188677432640,0.03635,-0.75185,0.94105,0.14115,0.19500,0.20775
1790906188979100192,0.08546,-0.79284,0.93676,0.14652,0.23090,0.22578
1790906189280770528,0.13457,-0.83383,0.93247,0.15189,0.26680,0.24381
1790906189582460320,0.18368,-0.87482,0.92818,0.15726,0.30270,0.26184
1790906189884206176,0.23279,-0.91581,0.92389,0.16263,0.33860,0.27987
1790906190185898080,0.28190,-0.95680,0.91960,0.16800,0.37450,0.29790
1790906190491770112,0.28190,-0.95680,0.91960,0.16800,0.37450,0.29790
1790906190792957280,0.28190,-0.95680,0.91960,0.16800,0.37450,0.29790
1790906191093983136,0.28190,-0.95680,0.91960,0.16800,0.37450,0.29790
1790906191395828768,0.28190,-0.95680,0.91960,0.16800,0.37450,0.29790
1790906191696995040,0.28190,-0.95680,0.91960,0.16800,0.37450,0.29790
1790906191998481152,0.28190,-0.95680,0.91960,0.16800,0.37450,0.29790
1790906192300054176,0.28190,-0.95680,0.91960,0.16800,0.37450,0.29790
1790906192601366464,0.28190,-0.95680,0.91960,0.16800,0.37450,0.29790
1790906192902849280,0.28190,-0.95680,0.91960,0.16800,0.37450,0.29790
1790906193204283744,0.28190,-0.95680,0.91960,0.16800,0.37450,0.29790
1790906193509351840,0.23649,-0.92920,0.85592,0.15926,0.29327,0.22484
1790906193809191232,0.19108,-0.90160,0.79224,0.15052,0.21204,0.15178
1790906194110303328,0.14567,-0.87400,0.72856,0.14178,0.13081,0.07872
1790906194411878464,0.10026,-0.84640,0.66488,0.13304,0.04958,0.00566
1790906194713225952,0.05485,-0.81880,0.60120,0.12430,-0.03165,-0.06740
1790906195014423488,0.00944,-0.79120,0.53752,0.11556,-0.11288,-0.14046
1790906195315883136,-0.03597,-0.76360,0.47384,0.10682,-0.19411,-0.21352
1790906195617537280,-0.08138,-0.73600,0.41016,0.09808,-0.27534,-0.28658
1790906195918993888,-0.12679,-0.70840,0.34648,0.08934,-0.35657,-0.35964
1790906196220565984,-0.17220,-0.68080,0.28280,0.08060,-0.43780,-0.43270
1790906196527099552,-0.12679,-0.70840,0.34648,0.08934,-0.35657,-0.35964
1790906196828830496,-0.08138,-0.73600,0.41016,0.09808,-0.27534,-0.28658
1790906197130846752,-0.03597,-0.76360,0.47384,0.10682,-0.19411,-0.21352
1790906197431976096,0.00944,-0.79120,0.53752,0.11556,-0.11288,-0.14046
1790906197733555168,0.05485,-0.81880,0.60120,0.12430,-0.03165,-0.06740
1790906198035162688,0.10026,-0.84640,0.66488,0.13304,0.04958,0.00566
1790906198336648288,0.14567,-0.87400,0.72856,0.14178,0.13081,0.07872
1790906198637983744,0.19108,-0.90160,0.79224,0.15052,0.21204,0.15178
1790906198939472896,0.23649,-0.92920,0.85592,0.15926,0.29327,0.22484
1790906199241129280,0.28190,-0.95680,0.91960,0.16800,0.37450,0.29790
1790906199544701440,0.23649,-0.92920,0.85592,0.15926,0.29327,0.22484
1790906199846537472,0.19108,-0.90160,0.79224,0.15052,0.21204,0.15178
1790906200147844384,0.14567,-0.87400,0.72856,0.14178,0.13081,0.07872
1790906200449441888,0.10026,-0.84640,0.66488,0.13304,0.04958,0.00566
1790906200751106848,0.05485,-0.81880,0.60120,0.12430,-0.03165,-0.06740
1790906201052729632,0.00944,-0.79120,0.53752,0.11556,-0.11288,-0.14046
1790906201354373184,-0.03597,-0.76360,0.47384,0.10682,-0.19411,-0.21352
1790906201655966304,-0.08138,-0.73600,0.41016,0.09808,-0.27534,-0.28658
1790906201957459136,-0.12679,-0.70840,0.34648,0.08934,-0.35657,-0.35964
1790906202259268352,-0.17220,-0.68080,0.28280,0.08060,-0.43780,-0.43270
1790906202565421856,-0.17220,-0.68080,0.28280,0.08060,-0.43780,-0.43270
1790906202866936576,-0.17220,-0.68080,0.28280,0.08060,-0.43780,-0.43270
1790906203168288288,-0.17220,-0.68080,0.28280,0.08060,-0.43780,-0.43270
1790906203469917408,-0.17220,-0.68080,0.28280,0.08060,-0.43780,-0.43270
1790906203771502176,-0.17220,-0.68080,0.28280,0.08060,-0.43780,-0.43270
1790906204072954336,-0.17220,-0.68080,0.28280,0.08060,-0.43780,-0.43270
1790906204374685056,-0.17220,-0.68080,0.28280,0.08060,-0.43780,-0.43270
1790906204676331136,-0.17220,-0.68080,0.28280,0.08060,-0.43780,-0.43270
1790906204977992128,-0.17220,-0.68080,0.28280,0.08060,-0.43780,-0.43270
1790906205279612416,-0.17220,-0.68080,0.28280,0.08060,-0.43780,-0.43270
1790906205584652928,-0.20158,-0.69974,0.30172,0.04569,-0.44400,-0.42430
1790906205885854848,-0.23096,-0.71868,0.32064,0.01078,-0.45020,-0.41590
1790906206187405600,-0.26034,-0.73762,0.33956,-0.02413,-0.45640,-0.40750
1790906206488885376,-0.28972,-0.75656,0.35848,-0.05904,-0.46260,-0.39910
1790906206790319776,-0.31910,-0.77550,0.37740,-0.09395,-0.46880,-0.39070
1790906207093436960,-0.34848,-0.79444,0.39632,-0.12886,-0.47500,-0.38230
1790906207394739040,-0.37786,-0.81338,0.41524,-0.16377,-0.48120,-0.37390
1790906207696164096,-0.40724,-0.83232,0.43416,-0.19868,-0.48740,-0.36550
1790906207997855776,-0.43662,-0.85126,0.45308,-0.23359,-0.49360,-0.35710
1790906208299399680,-0.46600,-0.87020,0.47200,-0.26850,-0.49980,-0.34870
1790906208603956640,-0.43662,-0.85126,0.45308,-0.23359,-0.49360,-0.35710
1790906208904993920,-0.40724,-0.83232,0.43416,-0.19868,-0.48740,-0.36550
1790906209206601248,-0.37786,-0.81338,0.41524,-0.16377,-0.48120,-0.37390
1790906209508358528,-0.34848,-0.79444,0.39632,-0.12886,-0.47500,-0.38230
1790906209810012640,-0.31910,-0.77550,0.37740,-0.09395,-0.46880,-0.39070
1790906210111812704,-0.28972,-0.75656,0.35848,-0.05904,-0.46260,-0.39910
1790906210413233472,-0.26034,-0.73762,0.33956,-0.02413,-0.45640,-0.40750
1790906210714530976,-0.23096,-0.71868,0.32064,0.01078,-0.45020,-0.41590
1790906211016135584,-0.20158,-0.69974,0.30172,0.04569,-0.44400,-0.42430
1790906211317954080,-0.17220,-0.68080,0.28280,0.08060,-0.43780,-0.43270
1790906211624250048,-0.20158,-0.69974,0.30172,0.04569,-0.44400,-0.42430
1790906211924904480,-0.23096,-0.71868,0.32064,0.01078,-0.45020,-0.41590
1790906212226314208,-0.26034,-0.73762,0.33956,-0.02413,-0.45640,-0.40750
1790906212527744960,-0.28972,-0.75656,0.35848,-0.05904,-0.46260,-0.39910
1790906212829198208,-0.31910,-0.77550,0.37740,-0.09395,-0.46880,-0.39070
1790906213130845312,-0.34848,-0.79444,0.39632,-0.12886,-0.47500,-0.38230
1790906213432108320,-0.37786,-0.81338,0.41524,-0.16377,-0.48120,-0.37390
1790906213733637536,-0.40724,-0.83232,0.43416,-0.19868,-0.48740,-0.36550
1790906214035127904,-0.43662,-0.85126,0.45308,-0.23359,-0.49360,-0.35710
1790906214336737664,-0.46600,-0.87020,0.47200,-0.26850,-0.49980,-0.34870
1790906214642562656,-0.46600,-0.87020,0.47200,-0.26850,-0.49980,-0.34870
1790906214944188672,-0.46600,-0.87020,0.47200,-0.26850,-0.49980,-0.34870
1790906215245753120,-0.46600,-0.87020,0.47200,-0.26850,-0.49980,-0.34870
1790906215547309984,-0.46600,-0.87020,0.47200,-0.26850,-0.49980,-0.34870
1790906215848956928,-0.46600,-0.87020,0.47200,-0.26850,-0.49980,-0.34870
1790906216150489792,-0.46600,-0.87020,0.47200,-0.26850,-0.49980,-0.34870
1790906216452056384,-0.46600,-0.87020,0.47200,-0.26850,-0.49980,-0.34870
1790906216753642176,-0.46600,-0.87020,0.47200,-0.26850,-0.49980,-0.34870
1790906217055084800,-0.46600,-0.87020,0.47200,-0.26850,-0.49980,-0.34870
1790906217356723296,-0.46600,-0.87020,0.47200,-0.26850,-0.49980,-0.34870
1790906217662324192,-0.48317,-0.85409,0.44684,-0.21919,-0.43841,-0.34897
1790906217963824224,-0.50034,-0.83798,0.42168,-0.16988,-0.37702,-0.34924
1790906218265507040,-0.51751,-0.82187,0.39652,-0.12057,-0.31563,-0.34951
1790906218566923136,-0.53468,-0.80576,0.37136,-0.07126,-0.25424,-0.34978
1790906218868514912,-0.55185,-0.78965,0.34620,-0.02195,-0.19285,-0.35005
1790906219170439904,-0.56902,-0.77354,0.32104,0.02736,-0.13146,-0.35032
1790906219471665216,-0.58619,-0.75743,0.29588,0.07667,-0.07007,-0.35059
1790906219773197088,-0.60336,-0.74132,0.27072,0.12598,-0.00868,-0.35086
1790906220074813760,-0.62053,-0.72521,0.24556,0.17529,0.05271,-0.35113
1790906220376690016,-0.63770,-0.70910,0.22040,0.22460,0.11410,-0.35140
1790906220682379328,-0.62053,-0.72521,0.24556,0.17529,0.05271,-0.35113
1790906220983928864,-0.60336,-0.74132,0.27072,0.12598,-0.00868,-0.35086
1790906221285410016,-0.58619,-0.75743,0.29588,0.07667,-0.07007,-0.35059
1790906221586927872,-0.56902,-0.77354,0.32104,0.02736,-0.13146,-0.35032
1790906221888657088,-0.55185,-0.78965,0.34620,-0.02195,-0.19285,-0.35005
1790906222190322560,-0.53468,-0.80576,0.37136,-0.07126,-0.25424,-0.34978
1790906222492922272,-0.51751,-0.82187,0.39652,-0.12057,-0.31563,-0.34951
1790906222794578912,-0.50034,-0.83798,0.42168,-0.16988,-0.37702,-0.34924
1790906223096428288,-0.48317,-0.85409,0.44684,-0.21919,-0.43841,-0.34897
1790906223398134784,-0.46600,-0.87020,0.47200,-0.26850,-0.49980,-0.34870
1790906223704193440,-0.48317,-0.85409,0.44684,-0.21919,-0.43841,-0.34897
1790906224005282912,-0.50034,-0.83798,0.42168,-0.16988,-0.37702,-0.34924
1790906224306342752,-0.51751,-0.82187,0.39652,-0.12057,-0.31563,-0.34951
1790906224607997184,-0.53468,-0.80576,0.37136,-0.07126,-0.25424,-0.34978
1790906224909461472,-0.55185,-0.78965,0.34620,-0.02195,-0.19285,-0.35005
1790906225211120320,-0.56902,-0.77354,0.32104,0.02736,-0.13146,-0.35032
1790906225512643584,-0.58619,-0.75743,0.29588,0.07667,-0.07007,-0.35059
1790906225814592640,-0.60336,-0.74132,0.27072,0.12598,-0.00868,-0.35086
1790906226115787968,-0.62053,-0.72521,0.24556,0.17529,0.05271,-0.35113
1790906226417411360,-0.63770,-0.70910,0.22040,0.22460,0.11410,-0.35140
1790906226723117792,-0.63770,-0.70910,0.22040,0.22460,0.11410,-0.35140
1790906227024582432,-0.63770,-0.70910,0.22040,0.22460,0.11410,-0.35140
1790906227326211712,-0.63770,-0.70910,0.22040,0.22460,0.11410,-0.35140
1790906227627834080,-0.63770,-0.70910,0.22040,0.22460,0.11410,-0.35140
1790906227929395296,-0.63770,-0.70910,0.22040,0.22460,0.11410,-0.35140
1790906228231063232,-0.63770,-0.70910,0.22040,0.22460,0.11410,-0.35140
1790906228532690944,-0.63770,-0.70910,0.22040,0.22460,0.11410,-0.35140
1790906228834325504,-0.63770,-0.70910,0.22040,0.22460,0.11410,-0.35140
1790906229135890048,-0.63770,-0.70910,0.22040,0.22460,0.11410,-0.35140
1790906229437547776,-0.63770,-0.70910,0.22040,0.22460,0.11410,-0.35140
1790906229745738784,-0.61357,-0.71040,0.24749,0.17951,0.13758,-0.26695
1790906230044821696,-0.58944,-0.71170,0.27458,0.13442,0.16106,-0.18250
1790906230346491808,-0.56531,-0.71300,0.30167,0.08933,0.18454,-0.09805
1790906230648158272,-0.54118,-0.71430,0.32876,0.04424,0.20802,-0.01360
1790906230949738752,-0.51705,-0.71560,0.35585,-0.00085,0.23150,0.07085
1790906231251372192,-0.49292,-0.71690,0.38294,-0.04594,0.25498,0.15530
1790906231553101440,-0.46879,-0.71820,0.41003,-0.09103,0.27846,0.23975
1790906231854611776,-0.44466,-0.71950,0.43712,-0.13612,0.30194,0.32420
1790906232156230720,-0.42053,-0.72080,0.46421,-0.18121,0.32542,0.40865
1790906232457805952,-0.39640,-0.72210,0.49130,-0.22630,0.34890,0.49310
1790906232762140704,-0.42053,-0.72080,0.46421,-0.18121,0.32542,0.40865
1790906233063935008,-0.44466,-0.71950,0.43712,-0.13612,0.30194,0.32420
1790906233365458272,-0.46879,-0.71820,0.41003,-0.09103,0.27846,0.23975
1790906233667512640,-0.49292,-0.71690,0.38294,-0.04594,0.25498,0.15530
1790906233969173408,-0.51705,-0.71560,0.35585,-0.00085,0.23150,0.07085
1790906234270722432,-0.54118,-0.71430,0.32876,0.04424,0.20802,-0.01360
1790906234572482112,-0.56531,-0.71300,0.30167,0.08933,0.18454,-0.09805
1790906234874435808,-0.58944,-0.71170,0.27458,0.13442,0.16106,-0.18250
1790906235176104832,-0.61357,-0.71040,0.24749,0.17951,0.13758,-0.26695
1790906235477779136,-0.63770,-0.70910,0.22040,0.22460,0.11410,-0.35140
1790906235789672768,-0.61357,-0.71040,0.24749,0.17951,0.13758,-0.26695
1790906236088229888,-0.58944,-0.71170,0.27458,0.13442,0.16106,-0.18250
1790906236389686464,-0.56531,-0.71300,0.30167,0.08933,0.18454,-0.09805
1790906236693028512,-0.54118,-0.71430,0.32876,0.04424,0.20802,-0.01360
1790906236996212224,-0.51705,-0.71560,0.35585,-0.00085,0.23150,0.07085
1790906237297627520,-0.49292,-0.71690,0.38294,-0.04594,0.25498,0.15530
1790906237599087008,-0.46879,-0.71820,0.41003,-0.09103,0.27846,0.23975
1790906237900170496,-0.44466,-0.71950,0.43712,-0.13612,0.30194,0.32420
1790906238201797248,-0.42053,-0.72080,0.46421,-0.18121,0.32542,0.40865
1790906238503371904,-0.39640,-0.72210,0.49130,-0.22630,0.34890,0.49310
1790906238808806560,-0.39640,-0.72210,0.49130,-0.22630,0.34890,0.49310
1790906239109880352,-0.39640,-0.72210,0.49130,-0.22630,0.34890,0.49310
1790906239411717824,-0.39640,-0.72210,0.49130,-0.22630,0.34890,0.49310
1790906239712706880,-0.39640,-0.72210,0.49130,-0.22630,0.34890,0.49310
1790906240014368192,-0.39640,-0.72210,0.49130,-0.22630,0.34890,0.49310
1790906240315899904,-0.39640,-0.72210,0.49130,-0.22630,0.34890,0.49310
1790906240617822240,-0.39640,-0.72210,0.49130,-0.22630,0.34890,0.49310
1790906240919624832,-0.39640,-0.72210,0.49130,-0.22630,0.34890,0.49310
1790906241221164512,-0.39640,-0.72210,0.49130,-0.22630,0.34890,0.49310
1790906241522788512,-0.39640,-0.72210,0.49130,-0.22630,0.34890,0.49310
1790906241829618592,-0.36220,-0.71118,0.46904,-0.22754,0.29827,0.42027
1790906242129033472,-0.32800,-0.70026,0.44678,-0.22878,0.24764,0.34744
1790906242430526496,-0.29380,-0.68934,0.42452,-0.23002,0.19701,0.27461
1790906242731972224,-0.25960,-0.67842,0.40226,-0.23126,0.14638,0.20178
1790906243033779776,-0.22540,-0.66750,0.38000,-0.23250,0.09575,0.12895
1790906243335056416,-0.19120,-0.65658,0.35774,-0.23374,0.04512,0.05612
1790906243636480608,-0.15700,-0.64566,0.33548,-0.23498,-0.00551,-0.01671
1790906243938143616,-0.12280,-0.63474,0.31322,-0.23622,-0.05614,-0.08954
1790906244239919872,-0.08860,-0.62382,0.29096,-0.23746,-0.10677,-0.16237
1790906244541822400,-0.05440,-0.61290,0.26870,-0.23870,-0.15740,-0.23520
1790906244848571008,-0.08860,-0.62382,0.29096,-0.23746,-0.10677,-0.16237
1790906245149278464,-0.12280,-0.63474,0.31322,-0.23622,-0.05614,-0.08954
1790906245450710144,-0.15700,-0.64566,0.33548,-0.23498,-0.00551,-0.01671
1790906245752073152,-0.19120,-0.65658,0.35774,-0.23374,0.04512,0.05612
1790906246053719968,-0.22540,-0.66750,0.38000,-0.23250,0.09575,0.12895
1790906246355273952,-0.25960,-0.67842,0.40226,-0.23126,0.14638,0.20178
1790906246656823552,-0.29380,-0.68934,0.42452,-0.23002,0.19701,0.27461
1790906246958655392,-0.32800,-0.70026,0.44678,-0.22878,0.24764,0.34744
1790906247260014816,-0.36220,-0.71118,0.46904,-0.22754,0.29827,0.42027
1790906247561584192,-0.39640,-0.72210,0.49130,-0.22630,0.34890,0.49310
1790906247866480896,-0.36220,-0.71118,0.46904,-0.22754,0.29827,0.42027
1790906248167894560,-0.32800,-0.70026,0.44678,-0.22878,0.24764,0.34744
1790906248469343008,-0.29380,-0.68934,0.42452,-0.23002,0.19701,0.27461
1790906248770895648,-0.25960,-0.67842,0.40226,-0.23126,0.14638,0.20178
1790906249072576480,-0.22540,-0.66750,0.38000,-0.23250,0.09575,0.12895
1790906249374198400,-0.19120,-0.65658,0.35774,-0.23374,0.04512,0.05612
1790906249675488800,-0.15700,-0.64566,0.33548,-0.23498,-0.00551,-0.01671
1790906249976989408,-0.12280,-0.63474,0.31322,-0.23622,-0.05614,-0.08954
1790906250278861632,-0.08860,-0.62382,0.29096,-0.23746,-0.10677,-0.16237
1790906250580310432,-0.05440,-0.61290,0.26870,-0.23870,-0.15740,-0.23520
1790906250885272992,-0.05440,-0.61290,0.26870,-0.23870,-0.15740,-0.23520
1790906251186561728,-0.05440,-0.61290,0.26870,-0.23870,-0.15740,-0.23520
1790906251487840352,-0.05440,-0.61290,0.26870,-0.23870,-0.15740,-0.23520
1790906251789275360,-0.05440,-0.61290,0.26870,-0.23870,-0.15740,-0.23520
1790906252094831840,-0.05440,-0.61290,0.26870,-0.23870,-0.15740,-0.23520
1790906252396388320,-0.05440,-0.61290,0.26870,-0.23870,-0.15740,-0.23520
1790906252697809888,-0.05440,-0.61290,0.26870,-0.23870,-0.15740,-0.23520
1790906252999375776,-0.05440,-0.61290,0.26870,-0.23870,-0.15740,-0.23520
1790906253300836608,-0.05440,-0.61290,0.26870,-0.23870,-0.15740,-0.23520
1790906253602493312,-0.05440,-0.61290,0.26870,-0.23870,-0.15740,-0.23520
1790906253907455104,0.00366,-0.63869,0.26368,-0.18777,-0.13883,-0.24702
1790906254208928160,0.06172,-0.66448,0.25866,-0.13684,-0.12026,-0.25884
1790906254510366336,0.11978,-0.69027,0.25364,-0.08591,-0.10169,-0.27066
1790906254811944544,0.17784,-0.71606,0.24862,-0.03498,-0.08312,-0.28248
1790906255113523840,0.23590,-0.74185,0.24360,0.01595,-0.06455,-0.29430
1790906255415015136,0.29396,-0.76764,0.23858,0.06688,-0.04598,-0.30612
1790906255716586912,0.35202,-0.79343,0.23356,0.11781,-0.02741,-0.31794
1790906256018115296,0.41008,-0.81922,0.22854,0.16874,-0.00884,-0.32976
1790906256319588256,0.46814,-0.84501,0.22352,0.21967,0.00973,-0.34158
1790906256621197664,0.52620,-0.87080,0.21850,0.27060,0.02830,-0.35340
1790906256926029344,0.46814,-0.84501,0.22352,0.21967,0.00973,-0.34158
1790906257227632320,0.41008,-0.81922,0.22854,0.16874,-0.00884,-0.32976
1790906257529041856,0.35202,-0.79343,0.23356,0.11781,-0.02741,-0.31794
1790906257830753344,0.29396,-0.76764,0.23858,0.06688,-0.04598,-0.30612
1790906258132150176,0.23590,-0.74185,0.24360,0.01595,-0.06455,-0.29430
1790906258433740832,0.17784,-0.71606,0.24862,-0.03498,-0.08312,-0.28248
1790906258735155680,0.11978,-0.69027,0.25364,-0.08591,-0.10169,-0.27066
1790906259036874112,0.06172,-0.66448,0.25866,-0.13684,-0.12026,-0.25884
1790906259338306816,0.00366,-0.63869,0.26368,-0.18777,-0.13883,-0.24702
1790906259639866336,-0.05440,-0.61290,0.26870,-0.23870,-0.15740,-0.23520
1790906259944640320,0.00366,-0.63869,0.26368,-0.18777,-0.13883,-0.24702
1790906260246299904,0.06172,-0.66448,0.25866,-0.13684,-0.12026,-0.25884
1790906260547917952,0.11978,-0.69027,0.25364,-0.08591,-0.10169,-0.27066
1790906260849616192,0.17784,-0.71606,0.24862,-0.03498,-0.08312,-0.28248
1790906261151241344,0.23590,-0.74185,0.24360,0.01595,-0.06455,-0.29430
1790906261452815008,0.29396,-0.76764,0.23858,0.06688,-0.04598,-0.30612
1790906261754512928,0.35202,-0.79343,0.23356,0.11781,-0.02741,-0.31794
1790906262056093152,0.41008,-0.81922,0.22854,0.16874,-0.00884,-0.32976
1790906262357584960,0.46814,-0.84501,0.22352,0.21967,0.00973,-0.34158
1790906262659587456,0.52620,-0.87080,0.21850,0.27060,0.02830,-0.35340
1790906262964444544,0.52620,-0.87080,0.21850,0.27060,0.02830,-0.35340
1790906263265805600,0.52620,-0.87080,0.21850,0.27060,0.02830,-0.35340
1790906263567341344,0.52620,-0.87080,0.21850,0.27060,0.02830,-0.35340
1790906263869014912,0.52620,-0.87080,0.21850,0.27060,0.02830,-0.35340
1790906264170362464,0.52620,-0.87080,0.21850,0.27060,0.02830,-0.35340
1790906264471908448,0.52620,-0.87080,0.21850,0.27060,0.02830,-0.35340
1790906264773522720,0.52620,-0.87080,0.21850,0.27060,0.02830,-0.35340
1790906265075843264,0.52620,-0.87080,0.21850,0.27060,0.02830,-0.35340
1790906265377706464,0.52620,-0.87080,0.21850,0.27060,0.02830,-0.35340
1790906265679392768,0.52620,-0.87080,0.21850,0.27060,0.02830,-0.35340
1790906265987913024,0.48049,-0.88156,0.25890,0.27225,0.06180,-0.29844
1790906266291892576,0.43478,-0.89232,0.29930,0.27390,0.09530,-0.24348
1790906266593447904,0.38907,-0.90308,0.33970,0.27555,0.12880,-0.18852
1790906266894788192,0.34336,-0.91384,0.38010,0.27720,0.16230,-0.13356
1790906267196402816,0.29765,-0.92460,0.42050,0.27885,0.19580,-0.07860
1790906267497823872,0.25194,-0.93536,0.46090,0.28050,0.22930,-0.02364
1790906267799460832,0.20623,-0.94612,0.50130,0.28215,0.26280,0.03132
1790906268100824000,0.16052,-0.95688,0.54170,0.28380,0.29630,0.08628
1790906268402479104,0.11481,-0.96764,0.58210,0.28545,0.32980,0.14124
1790906268703840928,0.06910,-0.97840,0.62250,0.28710,0.36330,0.19620
1790906269010778592,0.11481,-0.96764,0.58210,0.28545,0.32980,0.14124
1790906269311297632,0.16052,-0.95688,0.54170,0.28380,0.29630,0.08628
1790906269612714656,0.20623,-0.94612,0.50130,0.28215,0.26280,0.03132
1790906269914341152,0.25194,-0.93536,0.46090,0.28050,0.22930,-0.02364
1790906270215679296,0.29765,-0.92460,0.42050,0.27885,0.19580,-0.07860
1790906270517225312,0.34336,-0.91384,0.38010,0.27720,0.16230,-0.13356
1790906270818731872,0.38907,-0.90308,0.33970,0.27555,0.12880,-0.18852
1790906271120094080,0.43478,-0.89232,0.29930,0.27390,0.09530,-0.24348
1790906271421681152,0.48049,-0.88156,0.25890,0.27225,0.06180,-0.29844
1790906271723084608,0.52620,-0.87080,0.21850,0.27060,0.02830,-0.35340
1790906272031794912,0.48049,-0.88156,0.25890,0.27225,0.06180,-0.29844
1790906272333162080,0.43478,-0.89232,0.29930,0.27390,0.09530,-0.24348
1790906272634568736,0.38907,-0.90308,0.33970,0.27555,0.12880,-0.18852
1790906272936009376,0.34336,-0.91384,0.38010,0.27720,0.16230,-0.13356
1790906273237575808,0.29765,-0.92460,0.42050,0.27885,0.19580,-0.07860
1790906273539133504,0.25194,-0.93536,0.46090,0.28050,0.22930,-0.02364
1790906273841169216,0.20623,-0.94612,0.50130,0.28215,0.26280,0.03132
1790906274142523584,0.16052,-0.95688,0.54170,0.28380,0.29630,0.08628
1790906274443928320,0.11481,-0.96764,0.58210,0.28545,0.32980,0.14124
1790906274745654112,0.06910,-0.97840,0.62250,0.28710,0.36330,0.19620
1790906275052307776,0.06910,-0.97840,0.62250,0.28710,0.36330,0.19620
1790906275353691232,0.06910,-0.97840,0.62250,0.28710,0.36330,0.19620
1790906275655168544,0.06910,-0.97840,0.62250,0.28710,0.36330,0.19620
1790906275956653664,0.06910,-0.97840,0.62250,0.28710,0.36330,0.19620
1790906276258362592,0.06910,-0.97840,0.62250,0.28710,0.36330,0.19620
1790906276559892544,0.06910,-0.97840,0.62250,0.28710,0.36330,0.19620
1790906276861398080,0.06910,-0.97840,0.62250,0.28710,0.36330,0.19620
1790906277162599424,0.06910,-0.97840,0.62250,0.28710,0.36330,0.19620
1790906277464086176,0.06910,-0.97840,0.62250,0.28710,0.36330,0.19620
1790906277765560512,0.06910,-0.97840,0.62250,0.28710,0.36330,0.19620
1790906278071575360,0.02397,-0.95122,0.59361,0.27471,0.33023,0.20449
1790906278373122656,-0.02116,-0.92404,0.56472,0.26232,0.29716,0.21278
1790906278674579840,-0.06629,-0.89686,0.53583,0.24993,0.26409,0.22107
1790906278976105088,-0.11142,-0.86968,0.50694,0.23754,0.23102,0.22936
1790906279277723616,-0.15655,-0.84250,0.47805,0.22515,0.19795,0.23765
1790906279579324672,-0.20168,-0.81532,0.44916,0.21276,0.16488,0.24594
1790906279880928768,-0.24681,-0.78814,0.42027,0.20037,0.13181,0.25423
1790906280182657120,-0.29194,-0.76096,0.39138,0.18798,0.09874,0.26252
1790906280484149824,-0.33707,-0.73378,0.36249,0.17559,0.06567,0.27081
1790906280785748704,-0.38220,-0.70660,0.33360,0.16320,0.03260,0.27910
1790906281091379488,-0.33707,-0.73378,0.36249,0.17559,0.06567,0.27081
1790906281393084640,-0.29194,-0.76096,0.39138,0.18798,0.09874,0.26252
1790906281695828576,-0.24681,-0.78814,0.42027,0.20037,0.13181,0.25423
1790906281997964512,-0.20168,-0.81532,0.44916,0.21276,0.16488,0.24594
1790906282299421600,-0.15655,-0.84250,0.47805,0.22515,0.19795,0.23765
1790906282601338912,-0.11142,-0.86968,0.50694,0.23754,0.23102,0.22936
1790906282902883680,-0.06629,-0.89686,0.53583,0.24993,0.26409,0.22107
1790906283204391744,-0.02116,-0.92404,0.56472,0.26232,0.29716,0.21278
1790906283506035808,0.02397,-0.95122,0.59361,0.27471,0.33023,0.20449
1790906283807717856,0.06910,-0.97840,0.62250,0.28710,0.36330,0.19620
1790906284114356896,0.02397,-0.95122,0.59361,0.27471,0.33023,0.20449
1790906284415895584,-0.02116,-0.92404,0.56472,0.26232,0.29716,0.21278
1790906284717366048,-0.06629,-0.89686,0.53583,0.24993,0.26409,0.22107
1790906285018772640,-0.11142,-0.86968,0.50694,0.23754,0.23102,0.22936
1790906285320141952,-0.15655,-0.84250,0.47805,0.22515,0.19795,0.23765
1790906285621724032,-0.20168,-0.81532,0.44916,0.21276,0.16488,0.24594
1790906285923304256,-0.24681,-0.78814,0.42027,0.20037,0.13181,0.25423
1790906286225275104,-0.29194,-0.76096,0.39138,0.18798,0.09874,0.26252
1790906286526331840,-0.33707,-0.73378,0.36249,0.17559,0.06567,0.27081
1790906286827677376,-0.38220,-0.70660,0.33360,0.16320,0.03260,0.27910
1790906287133350560,-0.38220,-0.70660,0.33360,0.16320,0.03260,0.27910
1790906287434877600,-0.38220,-0.70660,0.33360,0.16320,0.03260,0.27910
1790906287736483104,-0.38220,-0.70660,0.33360,0.16320,0.03260,0.27910
1790906288038375808,-0.38220,-0.70660,0.33360,0.16320,0.03260,0.27910
1790906288340073888,-0.38220,-0.70660,0.33360,0.16320,0.03260,0.27910
1790906288641624256,-0.38220,-0.70660,0.33360,0.16320,0.03260,0.27910
1790906288943482976,-0.38220,-0.70660,0.33360,0.16320,0.03260,0.27910
1790906289245126720,-0.38220,-0.70660,0.33360,0.16320,0.03260,0.27910
1790906289546438656,-0.38220,-0.70660,0.33360,0.16320,0.03260,0.27910
1790906289847996416,-0.38220,-0.70660,0.33360,0.16320,0.03260,0.27910
1790906290152812768,-0.37123,-0.71810,0.38516,0.17598,0.06460,0.28180
1790906290454456864,-0.36026,-0.72960,0.43672,0.18876,0.09660,0.28450
1790906290755989824,-0.34929,-0.74110,0.48828,0.20154,0.12860,0.28720
1790906291057543424,-0.33832,-0.75260,0.53984,0.21432,0.16060,0.28990
1790906291359212928,-0.32735,-0.76410,0.59140,0.22710,0.19260,0.29260
1790906291660853184,-0.31638,-0.77560,0.64296,0.23988,0.22460,0.29530
1790906291962438176,-0.30541,-0.78710,0.69452,0.25266,0.25660,0.29800
1790906292263922752,-0.29444,-0.79860,0.74608,0.26544,0.28860,0.30070
1790906292565624160,-0.28347,-0.81010,0.79764,0.27822,0.32060,0.30340
1790906292867308960,-0.27250,-0.82160,0.84920,0.29100,0.35260,0.30610
1790906293173494368,-0.28347,-0.81010,0.79764,0.27822,0.32060,0.30340
1790906293474913344,-0.29444,-0.79860,0.74608,0.26544,0.28860,0.30070
1790906293776443744,-0.30541,-0.78710,0.69452,0.25266,0.25660,0.29800
1790906294078493376,-0.31638,-0.77560,0.64296,0.23988,0.22460,0.29530
1790906294380361728,-0.32735,-0.76410,0.59140,0.22710,0.19260,0.29260
1790906294681832512,-0.33832,-0.75260,0.53984,0.21432,0.16060,0.28990
1790906294983490016,-0.34929,-0.74110,0.48828,0.20154,0.12860,0.28720
1790906295285134944,-0.36026,-0.72960,0.43672,0.18876,0.09660,0.28450
1790906295586692640,-0.37123,-0.71810,0.38516,0.17598,0.06460,0.28180
1790906295888680128,-0.38220,-0.70660,0.33360,0.16320,0.03260,0.27910
1790906296193846752,-0.37123,-0.71810,0.38516,0.17598,0.06460,0.28180
1790906296495092640,-0.36026,-0.72960,0.43672,0.18876,0.09660,0.28450
1790906296796872416,-0.34929,-0.74110,0.48828,0.20154,0.12860,0.28720
1790906297098321440,-0.33832,-0.75260,0.53984,0.21432,0.16060,0.28990
1790906297399856544,-0.32735,-0.76410,0.59140,0.22710,0.19260,0.29260
1790906297701319200,-0.31638,-0.77560,0.64296,0.23988,0.22460,0.29530
1790906298002662720,-0.30541,-0.78710,0.69452,0.25266,0.25660,0.29800
1790906298304153024,-0.29444,-0.79860,0.74608,0.26544,0.28860,0.30070
1790906298605875104,-0.28347,-0.81010,0.79764,0.27822,0.32060,0.30340
1790906298907414176,-0.27250,-0.82160,0.84920,0.29100,0.35260,0.30610
1790906299214330944,-0.27250,-0.82160,0.84920,0.29100,0.35260,0.30610
1790906299513541184,-0.27250,-0.82160,0.84920,0.29100,0.35260,0.30610
1790906299814687648,-0.27250,-0.82160,0.84920,0.29100,0.35260,0.30610
1790906300116291712,-0.27250,-0.82160,0.84920,0.29100,0.35260,0.30610
1790906300417859360,-0.27250,-0.82160,0.84920,0.29100,0.35260,0.30610
1790906300719730368,-0.27250,-0.82160,0.84920,0.29100,0.35260,0.30610
1790906301020969024,-0.27250,-0.82160,0.84920,0.29100,0.35260,0.30610
1790906301322762688,-0.27250,-0.82160,0.84920,0.29100,0.35260,0.30610
1790906301624375360,-0.27250,-0.82160,0.84920,0.29100,0.35260,0.30610
1790906301925859392,-0.27250,-0.82160,0.84920,0.29100,0.35260,0.30610
1790906302231534720,-0.19432,-0.78025,0.80242,0.26296,0.30290,0.22839
1790906302533047680,-0.11614,-0.73890,0.75564,0.23492,0.25320,0.15068
1790906302834424704,-0.03796,-0.69755,0.70886,0.20688,0.20350,0.07297
1790906303135935488,0.04022,-0.65620,0.66208,0.17884,0.15380,-0.00474
1790906303437519936,0.11840,-0.61485,0.61530,0.15080,0.10410,-0.08245
1790906303739031232,0.19658,-0.57350,0.56852,0.12276,0.05440,-0.16016
1790906304040779520,0.27476,-0.53215,0.52174,0.09472,0.00470,-0.23787
1790906304342081152,0.35294,-0.49080,0.47496,0.06668,-0.04500,-0.31558
1790906304643672512,0.43112,-0.44945,0.42818,0.03864,-0.09470,-0.39329
1790906304945397728,0.50930,-0.40810,0.38140,0.01060,-0.14440,-0.47100
1790906305250532480,0.43112,-0.44945,0.42818,0.03864,-0.09470,-0.39329
1790906305552169824,0.35294,-0.49080,0.47496,0.06668,-0.04500,-0.31558
1790906305853776160,0.27476,-0.53215,0.52174,0.09472,0.00470,-0.23787
1790906306155405504,0.19658,-0.57350,0.56852,0.12276,0.05440,-0.16016
1790906306457081856,0.11840,-0.61485,0.61530,0.15080,0.10410,-0.08245
1790906306759746208,0.04022,-0.65620,0.66208,0.17884,0.15380,-0.00474
1790906307061404384,-0.03796,-0.69755,0.70886,0.20688,0.20350,0.07297
1790906307363215424,-0.11614,-0.73890,0.75564,0.23492,0.25320,0.15068
1790906307665794368,-0.19432,-0.78025,0.80242,0.26296,0.30290,0.22839
1790906307966646496,-0.27250,-0.82160,0.84920,0.29100,0.35260,0.30610
1790906308271591232,-0.19432,-0.78025,0.80242,0.26296,0.30290,0.22839
1790906308573317728,-0.11614,-0.73890,0.75564,0.23492,0.25320,0.15068
1790906308874808448,-0.03796,-0.69755,0.70886,0.20688,0.20350,0.07297
1790906309176757984,0.04022,-0.65620,0.66208,0.17884,0.15380,-0.00474
1790906309478240064,0.11840,-0.61485,0.61530,0.15080,0.10410,-0.08245
1790906309779607360,0.19658,-0.57350,0.56852,0.12276,0.05440,-0.16016
1790906310081415328,0.27476,-0.53215,0.52174,0.09472,0.00470,-0.23787
1790906310382485088,0.35294,-0.49080,0.47496,0.06668,-0.04500,-0.31558
1790906310684203904,0.43112,-0.44945,0.42818,0.03864,-0.09470,-0.39329
1790906310985581440,0.50930,-0.40810,0.38140,0.01060,-0.14440,-0.47100
1790906311291197792,0.50930,-0.40810,0.38140,0.01060,-0.14440,-0.47100
1790906311592714016,0.50930,-0.40810,0.38140,0.01060,-0.14440,-0.47100
1790906311894233760,0.50930,-0.40810,0.38140,0.01060,-0.14440,-0.47100
1790906312195946752,0.50930,-0.40810,0.38140,0.01060,-0.14440,-0.47100
1790906312497101568,0.50930,-0.40810,0.38140,0.01060,-0.14440,-0.47100
1790906312798647328,0.50930,-0.40810,0.38140,0.01060,-0.14440,-0.47100
1790906313100072064,0.50930,-0.40810,0.38140,0.01060,-0.14440,-0.47100
1790906313401710592,0.50930,-0.40810,0.38140,0.01060,-0.14440,-0.47100
1790906313703274176,0.50930,-0.40810,0.38140,0.01060,-0.14440,-0.47100
1790906314004813536,0.50930,-0.40810,0.38140,0.01060,-0.14440,-0.47100
1790906314310460480,0.38284,-0.44494,0.38399,0.02109,-0.08431,-0.42918
1790906314611838624,0.25638,-0.48178,0.38658,0.03158,-0.02422,-0.38736
1790906314913158016,0.12992,-0.51862,0.38917,0.04207,0.03587,-0.34554
1790906315214618912,0.00346,-0.55546,0.39176,0.05256,0.09596,-0.30372
1790906315515987808,-0.12300,-0.59230,0.39435,0.06305,0.15605,-0.26190
1790906315817635776,-0.24946,-0.62914,0.39694,0.07354,0.21614,-0.22008
1790906316118986816,-0.37592,-0.66598,0.39953,0.08403,0.27623,-0.17826
1790906316420536096,-0.50238,-0.70282,0.40212,0.09452,0.33632,-0.13644
1790906316722178880,-0.62884,-0.73966,0.40471,0.10501,0.39641,-0.09462
1790906317023803936,-0.75530,-0.77650,0.40730,0.11550,0.45650,-0.05280
1790906317332060352,-0.62884,-0.73966,0.40471,0.10501,0.39641,-0.09462
1790906317633299744,-0.50238,-0.70282,0.40212,0.09452,0.33632,-0.13644
1790906317934620096,-0.37592,-0.66598,0.39953,0.08403,0.27623,-0.17826
1790906318236186624,-0.24946,-0.62914,0.39694,0.07354,0.21614,-0.22008
1790906318537843264,-0.12300,-0.59230,0.39435,0.06305,0.15605,-0.26190
1790906318839515712,0.00346,-0.55546,0.39176,0.05256,0.09596,-0.30372
1790906319141044512,0.12992,-0.51862,0.38917,0.04207,0.03587,-0.34554
1790906319442553152,0.25638,-0.48178,0.38658,0.03158,-0.02422,-0.38736
1790906319744356672,0.38284,-0.44494,0.38399,0.02109,-0.08431,-0.42918
1790906320045821888,0.50930,-0.40810,0.38140,0.01060,-0.14440,-0.47100
1790906320350712192,0.52829,-0.38825,0.43966,0.00142,-0.15791,-0.45122
1790906320652320960,0.54728,-0.36840,0.49792,-0.00776,-0.17142,-0.43144
1790906320953874016,0.56627,-0.34855,0.55618,-0.01694,-0.18493,-0.41166
1790906321255345024,0.58526,-0.32870,0.61444,-0.02612,-0.19844,-0.39188
1790906321556893984,0.60425,-0.30885,0.67270,-0.03530,-0.21195,-0.37210
1790906321858353472,0.62324,-0.28900,0.73096,-0.04448,-0.22546,-0.35232
1790906322160226976,0.64223,-0.26915,0.78922,-0.05366,-0.23897,-0.33254
1790906322461447872,0.66122,-0.24930,0.84748,-0.06284,-0.25248,-0.31276
1790906322763047040,0.68021,-0.22945,0.90574,-0.07202,-0.26599,-0.29298
1790906323064682560,0.69920,-0.20960,0.96400,-0.08120,-0.27950,-0.27320
1790906323371189504,0.55375,-0.26629,0.90833,-0.06153,-0.20590,-0.25116
1790906323672517728,0.40830,-0.32298,0.85266,-0.04186,-0.13230,-0.22912
1790906323974080320,0.26285,-0.37967,0.79699,-0.02219,-0.05870,-0.20708
1790906324275674304,0.11740,-0.43636,0.74132,-0.00252,0.01490,-0.18504
1790906324577312832,-0.02805,-0.49305,0.68565,0.01715,0.08850,-0.16300
1790906324878655296,-0.17350,-0.54974,0.62998,0.03682,0.16210,-0.14096
1790906325180344352,-0.31895,-0.60643,0.57431,0.05649,0.23570,-0.11892
1790906325481966752,-0.46440,-0.66312,0.51864,0.07616,0.30930,-0.09688
1790906325783623680,-0.60985,-0.71981,0.46297,0.09583,0.38290,-0.07484
1790906326085288864,-0.75530,-0.77650,0.40730,0.11550,0.45650,-0.05280
1790906326393337824,-0.72830,-0.78250,0.43650,0.12797,0.44489,-0.04957
1790906326694588800,-0.70130,-0.78850,0.46570,0.14044,0.43328,-0.04634
1790906326996265920,-0.67430,-0.79450,0.49490,0.15291,0.42167,-0.04311
1790906327297814432,-0.64730,-0.80050,0.52410,0.16538,0.41006,-0.03988
1790906327600002560,-0.62030,-0.80650,0.55330,0.17785,0.39845,-0.03665
1790906327901282560,-0.59330,-0.81250,0.58250,0.19032,0.38684,-0.03342
1790906328202452960,-0.56630,-0.81850,0.61170,0.20279,0.37523,-0.03019
1790906328503876416,-0.53930,-0.82450,0.64090,0.21526,0.36362,-0.02696
1790906328805556480,-0.51230,-0.83050,0.67010,0.22773,0.35201,-0.02373
1790906329107230816,-0.48530,-0.83650,0.69930,0.24020,0.34040,-0.02050
1790906329413995008,-0.36685,-0.77381,0.72577,0.20806,0.27841,-0.04577
1790906329715480544,-0.24840,-0.71112,0.75224,0.17592,0.21642,-0.07104
1790906330016871424,-0.12995,-0.64843,0.77871,0.14378,0.15443,-0.09631
1790906330318254304,-0.01150,-0.58574,0.80518,0.11164,0.09244,-0.12158
1790906330619805920,0.10695,-0.52305,0.83165,0.07950,0.03045,-0.14685
1790906330921869536,0.22540,-0.46036,0.85812,0.04736,-0.03154,-0.17212
1790906331222890912,0.34385,-0.39767,0.88459,0.01522,-0.09353,-0.19739
1790906331524227008,0.46230,-0.33498,0.91106,-0.01692,-0.15552,-0.22266
1790906331825801440,0.58075,-0.27229,0.93753,-0.04906,-0.21751,-0.24793
1790906332127387456,0.69920,-0.20960,0.96400,-0.08120,-0.27950,-0.27320
1790906332433236416,0.58075,-0.27229,0.93753,-0.04906,-0.21751,-0.24793
1790906332734281408,0.46230,-0.33498,0.91106,-0.01692,-0.15552,-0.22266
1790906333035573504,0.34385,-0.39767,0.88459,0.01522,-0.09353,-0.19739
1790906333337345632,0.22540,-0.46036,0.85812,0.04736,-0.03154,-0.17212
1790906333638690432,0.10695,-0.52305,0.83165,0.07950,0.03045,-0.14685
1790906333940070560,-0.01150,-0.58574,0.80518,0.11164,0.09244,-0.12158
1790906334241652352,-0.12995,-0.64843,0.77871,0.14378,0.15443,-0.09631
1790906334543254624,-0.24840,-0.71112,0.75224,0.17592,0.21642,-0.07104
1790906334844889984,-0.36685,-0.77381,0.72577,0.20806,0.27841,-0.04577
1790906335146211616,-0.48530,-0.83650,0.69930,0.24020,0.34040,-0.02050
1790906335452351520,-0.48530,-0.83650,0.69930,0.24020,0.34040,-0.02050
1790906335753221472,-0.48530,-0.83650,0.69930,0.24020,0.34040,-0.02050
1790906336054809024,-0.48530,-0.83650,0.69930,0.24020,0.34040,-0.02050
1790906336356246592,-0.48530,-0.83650,0.69930,0.24020,0.34040,-0.02050
1790906336657562272,-0.48530,-0.83650,0.69930,0.24020,0.34040,-0.02050
1790906336959104960,-0.48530,-0.83650,0.69930,0.24020,0.34040,-0.02050
1790906337260735744,-0.48530,-0.83650,0.69930,0.24020,0.34040,-0.02050
1790906337562322688,-0.48530,-0.83650,0.69930,0.24020,0.34040,-0.02050
1790906337863955840,-0.48530,-0.83650,0.69930,0.24020,0.34040,-0.02050
1790906338165577472,-0.48530,-0.83650,0.69930,0.24020,0.34040,-0.02050
1790906338471238880,-0.41229,-0.78888,0.65615,0.22582,0.34734,0.00978
1790906338772805504,-0.33928,-0.74126,0.61300,0.21144,0.35428,0.04006
1790906339074410624,-0.26627,-0.69364,0.56985,0.19706,0.36122,0.07034
1790906339375888704,-0.19326,-0.64602,0.52670,0.18268,0.36816,0.10062
1790906339677594528,-0.12025,-0.59840,0.48355,0.16830,0.37510,0.13090
1790906339979158368,-0.04724,-0.55078,0.44040,0.15392,0.38204,0.16118
1790906340280762272,0.02577,-0.50316,0.39725,0.13954,0.38898,0.19146
1790906340582257056,0.09878,-0.45554,0.35410,0.12516,0.39592,0.22174
1790906340883848160,0.17179,-0.40792,0.31095,0.11078,0.40286,0.25202
1790906341185206624,0.24480,-0.36030,0.26780,0.09640,0.40980,0.28230
1790906341492100896,0.17179,-0.40792,0.31095,0.11078,0.40286,0.25202
1790906341793875008,0.09878,-0.45554,0.35410,0.12516,0.39592,0.22174
1790906342094954784,0.02577,-0.50316,0.39725,0.13954,0.38898,0.19146
1790906342396511552,-0.04724,-0.55078,0.44040,0.15392,0.38204,0.16118
1790906342697950528,-0.12025,-0.59840,0.48355,0.16830,0.37510,0.13090
1790906342999746656,-0.19326,-0.64602,0.52670,0.18268,0.36816,0.10062
1790906343300883584,-0.26627,-0.69364,0.56985,0.19706,0.36122,0.07034
1790906343602543808,-0.33928,-0.74126,0.61300,0.21144,0.35428,0.04006
1790906343903892768,-0.41229,-0.78888,0.65615,0.22582,0.34734,0.00978
1790906344205566336,-0.48530,-0.83650,0.69930,0.24020,0.34040,-0.02050
1790906344510461632,-0.41229,-0.78888,0.65615,0.22582,0.34734,0.00978
1790906344811964480,-0.33928,-0.74126,0.61300,0.21144,0.35428,0.04006
1790906345113529568,-0.26627,-0.69364,0.56985,0.19706,0.36122,0.07034
1790906345415152096,-0.19326,-0.64602,0.52670,0.18268,0.36816,0.10062
1790906345716796256,-0.12025,-0.59840,0.48355,0.16830,0.37510,0.13090
1790906346018218784,-0.04724,-0.55078,0.44040,0.15392,0.38204,0.16118
1790906346319661088,0.02577,-0.50316,0.39725,0.13954,0.38898,0.19146
1790906346621199456,0.09878,-0.45554,0.35410,0.12516,0.39592,0.22174
1790906346923061568,0.17179,-0.40792,0.31095,0.11078,0.40286,0.25202
1790906347224377344,0.24480,-0.36030,0.26780,0.09640,0.40980,0.28230
1790906347530351104,0.24480,-0.36030,0.26780,0.09640,0.40980,0.28230
1790906347831972256,0.24480,-0.36030,0.26780,0.09640,0.40980,0.28230
1790906348133534176,0.24480,-0.36030,0.26780,0.09640,0.40980,0.28230
1790906348435048416,0.24480,-0.36030,0.26780,0.09640,0.40980,0.28230
1790906348736659488,0.24480,-0.36030,0.26780,0.09640,0.40980,0.28230
1790906349038282400,0.24480,-0.36030,0.26780,0.09640,0.40980,0.28230
1790906349340416288,0.24480,-0.36030,0.26780,0.09640,0.40980,0.28230
1790906349641506464,0.24480,-0.36030,0.26780,0.09640,0.40980,0.28230
1790906349943019968,0.24480,-0.36030,0.26780,0.09640,0.40980,0.28230
1790906350244644352,0.24480,-0.36030,0.26780,0.09640,0.40980,0.28230
1790906350553005792,0.26034,-0.38603,0.27530,0.10411,0.35207,0.28415
1790906350852244544,0.27588,-0.41176,0.28280,0.11182,0.29434,0.28600
1790906351153849152,0.29142,-0.43749,0.29030,0.11953,0.23661,0.28785
1790906351455303328,0.30696,-0.46322,0.29780,0.12724,0.17888,0.28970
1790906351756822400,0.32250,-0.48895,0.30530,0.13495,0.12115,0.29155
1790906352058425280,0.33804,-0.51468,0.31280,0.14266,0.06342,0.29340
1790906352360078848,0.35358,-0.54041,0.32030,0.15037,0.00569,0.29525
1790906352661697120,0.36912,-0.56614,0.32780,0.15808,-0.05204,0.29710
1790906352963142848,0.38466,-0.59187,0.33530,0.16579,-0.10977,0.29895
1790906353264677952,0.40020,-0.61760,0.34280,0.17350,-0.16750,0.30080
1790906353568945248,0.38466,-0.59187,0.33530,0.16579,-0.10977,0.29895
1790906353870510368,0.36912,-0.56614,0.32780,0.15808,-0.05204,0.29710
1790906354172200448,0.35358,-0.54041,0.32030,0.15037,0.00569,0.29525
1790906354473416000,0.33804,-0.51468,0.31280,0.14266,0.06342,0.29340
1790906354774971968,0.32250,-0.48895,0.30530,0.13495,0.12115,0.29155
1790906355076632256,0.30696,-0.46322,0.29780,0.12724,0.17888,0.28970
1790906355378803936,0.29142,-0.43749,0.29030,0.11953,0.23661,0.28785
1790906355679980352,0.27588,-0.41176,0.28280,0.11182,0.29434,0.28600
1790906355981535360,0.26034,-0.38603,0.27530,0.10411,0.35207,0.28415
1790906356283140992,0.24480,-0.36030,0.26780,0.09640,0.40980,0.28230
1790906356587634880,0.26034,-0.38603,0.27530,0.10411,0.35207,0.28415
1790906356888497120,0.27588,-0.41176,0.28280,0.11182,0.29434,0.28600
1790906357190256992,0.29142,-0.43749,0.29030,0.11953,0.23661,0.28785
1790906357493584896,0.30696,-0.46322,0.29780,0.12724,0.17888,0.28970
1790906357794515680,0.32250,-0.48895,0.30530,0.13495,0.12115,0.29155
1790906358095898656,0.33804,-0.51468,0.31280,0.14266,0.06342,0.29340
1790906358397435584,0.35358,-0.54041,0.32030,0.15037,0.00569,0.29525
1790906358698850368,0.36912,-0.56614,0.32780,0.15808,-0.05204,0.29710
1790906359000279648,0.38466,-0.59187,0.33530,0.16579,-0.10977,0.29895
1790906359301693184,0.40020,-0.61760,0.34280,0.17350,-0.16750,0.30080
1790906359606113696,0.40020,-0.61760,0.34280,0.17350,-0.16750,0.30080
1790906359906804832,0.40020,-0.61760,0.34280,0.17350,-0.16750,0.30080
1790906360208341696,0.40020,-0.61760,0.34280,0.17350,-0.16750,0.30080
1790906360509873472,0.40020,-0.61760,0.34280,0.17350,-0.16750,0.30080
1790906360811467680,0.40020,-0.61760,0.34280,0.17350,-0.16750,0.30080
1790906361112930656,0.40020,-0.61760,0.34280,0.17350,-0.16750,0.30080
1790906361414310784,0.40020,-0.61760,0.34280,0.17350,-0.16750,0.30080
1790906361715599040,0.40020,-0.61760,0.34280,0.17350,-0.16750,0.30080
1790906362017162240,0.40020,-0.61760,0.34280,0.17350,-0.16750,0.30080
1790906362318476768,0.40020,-0.61760,0.34280,0.17350,-0.16750,0.30080
1790906362623292224,0.43565,-0.62417,0.36063,0.18296,-0.12827,0.23772
1790906362924562496,0.47110,-0.63074,0.37846,0.19242,-0.08904,0.17464
1790906363226102784,0.50655,-0.63731,0.39629,0.20188,-0.04981,0.11156
1790906363527630944,0.54200,-0.64388,0.41412,0.21134,-0.01058,0.04848
1790906363829222272,0.57745,-0.65045,0.43195,0.22080,0.02865,-0.01460
1790906364130601120,0.61290,-0.65702,0.44978,0.23026,0.06788,-0.07768
1790906364432291232,0.64835,-0.66359,0.46761,0.23972,0.10711,-0.14076
1790906364733893664,0.68380,-0.67016,0.48544,0.24918,0.14634,-0.20384
1790906365035227648,0.71925,-0.67673,0.50327,0.25864,0.18557,-0.26692
1790906365336813632,0.75470,-0.68330,0.52110,0.26810,0.22480,-0.33000
1790906365643173184,0.71925,-0.67673,0.50327,0.25864,0.18557,-0.26692
1790906365944111232,0.68380,-0.67016,0.48544,0.24918,0.14634,-0.20384
1790906366245791264,0.64835,-0.66359,0.46761,0.23972,0.10711,-0.14076
1790906366547442048,0.61290,-0.65702,0.44978,0.23026,0.06788,-0.07768
1790906366848732288,0.57745,-0.65045,0.43195,0.22080,0.02865,-0.01460
1790906367150319200,0.54200,-0.64388,0.41412,0.21134,-0.01058,0.04848
1790906367451941536,0.50655,-0.63731,0.39629,0.20188,-0.04981,0.11156
1790906367753282336,0.47110,-0.63074,0.37846,0.19242,-0.08904,0.17464
1790906368054716960,0.43565,-0.62417,0.36063,0.18296,-0.12827,0.23772
1790906368356435424,0.40020,-0.61760,0.34280,0.17350,-0.16750,0.30080
1790906368664506048,0.43565,-0.62417,0.36063,0.18296,-0.12827,0.23772
1790906368963212224,0.47110,-0.63074,0.37846,0.19242,-0.08904,0.17464
1790906369266867104,0.50655,-0.63731,0.39629,0.20188,-0.04981,0.11156
1790906369566403808,0.54200,-0.64388,0.41412,0.21134,-0.01058,0.04848
1790906369868078656,0.57745,-0.65045,0.43195,0.22080,0.02865,-0.01460
1790906370169756256,0.61290,-0.65702,0.44978,0.23026,0.06788,-0.07768
1790906370471250912,0.64835,-0.66359,0.46761,0.23972,0.10711,-0.14076
1790906370773067936,0.68380,-0.67016,0.48544,0.24918,0.14634,-0.20384
1790906371074647552,0.71925,-0.67673,0.50327,0.25864,0.18557,-0.26692
1790906371375968704,0.75470,-0.68330,0.52110,0.26810,0.22480,-0.33000
1790906371682882304,0.75470,-0.68330,0.52110,0.26810,0.22480,-0.33000
1790906371984921792,0.75470,-0.68330,0.52110,0.26810,0.22480,-0.33000
1790906372286215968,0.75470,-0.68330,0.52110,0.26810,0.22480,-0.33000
1790906372587730240,0.75470,-0.68330,0.52110,0.26810,0.22480,-0.33000
1790906372890147136,0.75470,-0.68330,0.52110,0.26810,0.22480,-0.33000
1790906373191685792,0.75470,-0.68330,0.52110,0.26810,0.22480,-0.33000
1790906373493831936,0.75470,-0.68330,0.52110,0.26810,0.22480,-0.33000
1790906373795226592,0.75470,-0.68330,0.52110,0.26810,0.22480,-0.33000
1790906374096753952,0.75470,-0.68330,0.52110,0.26810,0.22480,-0.33000
1790906374398306176,0.75470,-0.68330,0.52110,0.26810,0.22480,-0.33000
1790906374709143104,0.75608,-0.66239,0.51702,0.24421,0.16542,-0.34558
1790906375008934624,0.75746,-0.64148,0.51294,0.22032,0.10604,-0.36116
1790906375310695744,0.75884,-0.62057,0.50886,0.19643,0.04666,-0.37674
1790906375611806720,0.76022,-0.59966,0.50478,0.17254,-0.01272,-0.39232
1790906375913118912,0.76160,-0.57875,0.50070,0.14865,-0.07210,-0.40790
1790906376214692128,0.76298,-0.55784,0.49662,0.12476,-0.13148,-0.42348
1790906376516273440,0.76436,-0.53693,0.49254,0.10087,-0.19086,-0.43906
1790906376817616992,0.76574,-0.51602,0.48846,0.07698,-0.25024,-0.45464
1790906377119231712,0.76712,-0.49511,0.48438,0.05309,-0.30962,-0.47022
1790906377420866336,0.76850,-0.47420,0.48030,0.02920,-0.36900,-0.48580
1790906377727707328,0.76712,-0.49511,0.48438,0.05309,-0.30962,-0.47022
1790906378028614720,0.76574,-0.51602,0.48846,0.07698,-0.25024,-0.45464
1790906378330335328,0.76436,-0.53693,0.49254,0.10087,-0.19086,-0.43906
1790906378631731872,0.76298,-0.55784,0.49662,0.12476,-0.13148,-0.42348
1790906378933303968,0.76160,-0.57875,0.50070,0.14865,-0.07210,-0.40790
1790906379234729504,0.76022,-0.59966,0.50478,0.17254,-0.01272,-0.39232
1790906379536321664,0.75884,-0.62057,0.50886,0.19643,0.04666,-0.37674
1790906379837765664,0.75746,-0.64148,0.51294,0.22032,0.10604,-0.36116
1790906380139424128,0.75608,-0.66239,0.51702,0.24421,0.16542,-0.34558
1790906380440999616,0.75470,-0.68330,0.52110,0.26810,0.22480,-0.33000
1790906380747148224,0.75608,-0.66239,0.51702,0.24421,0.16542,-0.34558
1790906381048743776,0.75746,-0.64148,0.51294,0.22032,0.10604,-0.36116
1790906381350350592,0.75884,-0.62057,0.50886,0.19643,0.04666,-0.37674
1790906381651776800,0.76022,-0.59966,0.50478,0.17254,-0.01272,-0.39232
1790906381953365088,0.76160,-0.57875,0.50070,0.14865,-0.07210,-0.40790
1790906382254967136,0.76298,-0.55784,0.49662,0.12476,-0.13148,-0.42348
1790906382556873504,0.76436,-0.53693,0.49254,0.10087,-0.19086,-0.43906
1790906382858046336,0.76574,-0.51602,0.48846,0.07698,-0.25024,-0.45464
1790906383159579872,0.76712,-0.49511,0.48438,0.05309,-0.30962,-0.47022
1790906383461159520,0.76850,-0.47420,0.48030,0.02920,-0.36900,-0.48580
1790906383767225632,0.76850,-0.47420,0.48030,0.02920,-0.36900,-0.48580
1790906384068309760,0.76850,-0.47420,0.48030,0.02920,-0.36900,-0.48580
1790906384369948512,0.76850,-0.47420,0.48030,0.02920,-0.36900,-0.48580
1790906384671453024,0.76850,-0.47420,0.48030,0.02920,-0.36900,-0.48580
1790906384973258208,0.76850,-0.47420,0.48030,0.02920,-0.36900,-0.48580
1790906385274685184,0.76850,-0.47420,0.48030,0.02920,-0.36900,-0.48580
1790906385577041248,0.76850,-0.47420,0.48030,0.02920,-0.36900,-0.48580
1790906385878319712,0.76850,-0.47420,0.48030,0.02920,-0.36900,-0.48580
1790906386180173216,0.76850,-0.47420,0.48030,0.02920,-0.36900,-0.48580
1790906386481873472,0.76850,-0.47420,0.48030,0.02920,-0.36900,-0.48580
1790906386787393152,0.76699,-0.47481,0.49440,0.05230,-0.33872,-0.40005
1790906387089067040,0.76548,-0.47542,0.50850,0.07540,-0.30844,-0.31430
1790906387390463392,0.76397,-0.47603,0.52260,0.09850,-0.27816,-0.22855
1790906387692497696,0.76246,-0.47664,0.53670,0.12160,-0.24788,-0.14280
1790906387994121376,0.76095,-0.47725,0.55080,0.14470,-0.21760,-0.05705
1790906388296127040,0.75944,-0.47786,0.56490,0.16780,-0.18732,0.02870
1790906388597066080,0.75793,-0.47847,0.57900,0.19090,-0.15704,0.11445
1790906388898472448,0.75642,-0.47908,0.59310,0.21400,-0.12676,0.20020
1790906389199994496,0.75491,-0.47969,0.60720,0.23710,-0.09648,0.28595
1790906389501561216,0.75340,-0.48030,0.62130,0.26020,-0.06620,0.37170
1790906389806792896,0.75491,-0.47969,0.60720,0.23710,-0.09648,0.28595
1790906390107714176,0.75642,-0.47908,0.59310,0.21400,-0.12676,0.20020
1790906390409431232,0.75793,-0.47847,0.57900,0.19090,-0.15704,0.11445
1790906390710983616,0.75944,-0.47786,0.56490,0.16780,-0.18732,0.02870
1790906391012493696,0.76095,-0.47725,0.55080,0.14470,-0.21760,-0.05705
1790906391313805088,0.76246,-0.47664,0.53670,0.12160,-0.24788,-0.14280
1790906391615472864,0.76397,-0.47603,0.52260,0.09850,-0.27816,-0.22855
1790906391917214368,0.76548,-0.47542,0.50850,0.07540,-0.30844,-0.31430
1790906392218415200,0.76699,-0.47481,0.49440,0.05230,-0.33872,-0.40005
1790906392519988832,0.76850,-0.47420,0.48030,0.02920,-0.36900,-0.48580
1790906392825903424,0.76699,-0.47481,0.49440,0.05230,-0.33872,-0.40005
1790906393127348800,0.76548,-0.47542,0.50850,0.07540,-0.30844,-0.31430
1790906393429073408,0.76397,-0.47603,0.52260,0.09850,-0.27816,-0.22855
1790906393730392352,0.76246,-0.47664,0.53670,0.12160,-0.24788,-0.14280
1790906394031894304,0.76095,-0.47725,0.55080,0.14470,-0.21760,-0.05705
1790906394333407968,0.75944,-0.47786,0.56490,0.16780,-0.18732,0.02870
1790906394634989568,0.75793,-0.47847,0.57900,0.19090,-0.15704,0.11445
1790906394936609152,0.75642,-0.47908,0.59310,0.21400,-0.12676,0.20020
1790906395238249824,0.75491,-0.47969,0.60720,0.23710,-0.09648,0.28595
1790906395539797952,0.75340,-0.48030,0.62130,0.26020,-0.06620,0.37170
1790906395846139104,0.75340,-0.48030,0.62130,0.26020,-0.06620,0.37170
1790906396147749600,0.75340,-0.48030,0.62130,0.26020,-0.06620,0.37170
1790906396449305408,0.75340,-0.48030,0.62130,0.26020,-0.06620,0.37170
1790906396750989984,0.75340,-0.48030,0.62130,0.26020,-0.06620,0.37170
1790906397052484800,0.75340,-0.48030,0.62130,0.26020,-0.06620,0.37170
1790906397354112672,0.75340,-0.48030,0.62130,0.26020,-0.06620,0.37170
1790906397655819296,0.75340,-0.48030,0.62130,0.26020,-0.06620,0.37170
1790906397957391104,0.75340,-0.48030,0.62130,0.26020,-0.06620,0.37170
1790906398258940480,0.75340,-0.48030,0.62130,0.26020,-0.06620,0.37170
1790906398560477120,0.75340,-0.48030,0.62130,0.26020,-0.06620,0.37170
1790906398866398272,0.73024,-0.51539,0.59932,0.22176,-0.08553,0.34317
1790906399168009824,0.70708,-0.55048,0.57734,0.18332,-0.10486,0.31464
1790906399469497728,0.68392,-0.58557,0.55536,0.14488,-0.12419,0.28611
1790906399770924032,0.66076,-0.62066,0.53338,0.10644,-0.14352,0.25758
1790906400072568512,0.63760,-0.65575,0.51140,0.06800,-0.16285,0.22905
1790906400374293088,0.61444,-0.69084,0.48942,0.02956,-0.18218,0.20052
1790906400675648384,0.59128,-0.72593,0.46744,-0.00888,-0.20151,0.17199
1790906400977204160,0.56812,-0.76102,0.44546,-0.04732,-0.22084,0.14346
1790906401278640800,0.54496,-0.79611,0.42348,-0.08576,-0.24017,0.11493
1790906401580299360,0.52180,-0.83120,0.40150,-0.12420,-0.25950,0.08640
1790906401884748320,0.54496,-0.79611,0.42348,-0.08576,-0.24017,0.11493
1790906402186357952,0.56812,-0.76102,0.44546,-0.04732,-0.22084,0.14346
1790906402487550304,0.59128,-0.72593,0.46744,-0.00888,-0.20151,0.17199
1790906402789379328,0.61444,-0.69084,0.48942,0.02956,-0.18218,0.20052
1790906403091980928,0.63760,-0.65575,0.51140,0.06800,-0.16285,0.22905
1790906403393551744,0.66076,-0.62066,0.53338,0.10644,-0.14352,0.25758
1790906403695023072,0.68392,-0.58557,0.55536,0.14488,-0.12419,0.28611
1790906403996592640,0.70708,-0.55048,0.57734,0.18332,-0.10486,0.31464
1790906404300052000,0.73024,-0.51539,0.59932,0.22176,-0.08553,0.34317
1790906404599588672,0.75340,-0.48030,0.62130,0.26020,-0.06620,0.37170
1790906404904693216,0.73024,-0.51539,0.59932,0.22176,-0.08553,0.34317
1790906405205664512,0.70708,-0.55048,0.57734,0.18332,-0.10486,0.31464
1790906405507173472,0.68392,-0.58557,0.55536,0.14488,-0.12419,0.28611
1790906405808840032,0.66076,-0.62066,0.53338,0.10644,-0.14352,0.25758
1790906406110188768,0.63760,-0.65575,0.51140,0.06800,-0.16285,0.22905
1790906406411766112,0.61444,-0.69084,0.48942,0.02956,-0.18218,0.20052
1790906406713277184,0.59128,-0.72593,0.46744,-0.00888,-0.20151,0.17199
1790906407014626336,0.56812,-0.76102,0.44546,-0.04732,-0.22084,0.14346
1790906407316079072,0.54496,-0.79611,0.42348,-0.08576,-0.24017,0.11493
1790906407617637216,0.52180,-0.83120,0.40150,-0.12420,-0.25950,0.08640
1790906407923307200,0.52180,-0.83120,0.40150,-0.12420,-0.25950,0.08640
1790906408225059808,0.52180,-0.83120,0.40150,-0.12420,-0.25950,0.08640
1790906408526765952,0.52180,-0.83120,0.40150,-0.12420,-0.25950,0.08640
1790906408828301568,0.52180,-0.83120,0.40150,-0.12420,-0.25950,0.08640
1790906409129435840,0.52180,-0.83120,0.40150,-0.12420,-0.25950,0.08640
1790906409431358656,0.52180,-0.83120,0.40150,-0.12420,-0.25950,0.08640
1790906409732548704,0.52180,-0.83120,0.40150,-0.12420,-0.25950,0.08640
1790906410034155744,0.52180,-0.83120,0.40150,-0.12420,-0.25950,0.08640
1790906410335450560,0.52180,-0.83120,0.40150,-0.12420,-0.25950,0.08640
1790906410637078048,0.52180,-0.83120,0.40150,-0.12420,-0.25950,0.08640
1790906410942268288,0.52180,-0.83120,0.40150,-0.12420,-0.25950,0.08640
1790906411243838880,0.52180,-0.83120,0.40150,-0.12420,-0.25950,0.08640
1790906411545395520,0.52180,-0.83120,0.40150,-0.12420,-0.25950,0.08640
1790906411847107040,0.52180,-0.83120,0.40150,-0.12420,-0.25950,0.08640
1790906412148245024,0.52180,-0.83120,0.40150,-0.12420,-0.25950,0.08640
1790906412450012288,0.52180,-0.83120,0.40150,-0.12420,-0.25950,0.08640
1790906412751492800,0.52180,-0.83120,0.40150,-0.12420,-0.25950,0.08640
1790906413052917952,0.52180,-0.83120,0.40150,-0.12420,-0.25950,0.08640
1790906413354445792,0.52180,-0.83120,0.40150,-0.12420,-0.25950,0.08640
1790906413656061152,0.52180,-0.83120,0.40150,-0.12420,-0.25950,0.08640
