t_ns,executing_client,executing_goal_id,executing_elapsed_s,queue_length,queued_goal_ids,queued_clients,queued_priorities,queued_wait_s,total_accepted,total_rejected,total_completed
1790904074447884768,,,0.000,0,,,,,0,0,0
1790904074647806720,,,0.000,0,,,,,0,0,0
1790904074847545120,,,0.000,0,,,,,0,0,0
1790904075047728704,,,0.000,0,,,,,0,0,0
1790904075247566752,,,0.000,0,,,,,0,0,0
1790904075447832288,,,0.000,0,,,,,0,0,0
1790904075647605984,,,0.000,0,,,,,0,0,0
1790904075847439360,,,0.000,0,,,,,0,0,0
1790904076047999424,,,0.000,0,,,,,0,0,0
1790904076247895232,,,0.000,0,,,,,0,0,0
1790904076447539776,,,0.000,0,,,,,0,0,0
1790904076648025728,,,0.000,0,,,,,0,0,0
1790904076847561248,,,0.000,0,,,,,0,0,0
1790904077047814720,,,0.000,0,,,,,0,0,0
1790904077247749984,,,0.000,0,,,,,0,0,0
1790904077447934816,,,0.000,0,,,,,0,0,0
1790904077647593344,,,0.000,0,,,,,0,0,0
1790904077847496384,,,0.000,0,,,,,0,0,0
1790904078047804064,,,0.000,0,,,,,0,0,0
1790904078247564416,,,0.000,0,,,,,0,0,0
1790904078447750912,,,0.000,0,,,,,0,0,0
1790904078647822080,,,0.000,0,,,,,0,0,0
1790904078848178912,,,0.000,0,,,,,0,0,0
1790904079047764256,,,0.000,0,,,,,0,0,0
1790904079248082144,,,0.000,0,,,,,0,0,0
1790904079447792768,,,0.000,0,,,,,0,0,0
1790904079647766496,,,0.000,0,,,,,0,0,0
1790904079847838784,,,0.000,0,,,,,0,0,0
1790904080047524672,,,0.000,0,,,,,0,0,0
1790904080247499104,,,0.000,0,,,,,0,0,0
1790904080447788704,,,0.000,0,,,,,0,0,0
1790904080647876448,,,0.000,0,,,,,0,0,0
1790904080847847040,,,0.000,0,,,,,0,0,0
1790904081047795808,,,0.000,0,,,,,0,0,0
1790904081247888288,,,0.000,0,,,,,0,0,0
1790904081447751104,,,0.000,0,,,,,0,0,0
1790904081647729888,,,0.000,0,,,,,0,0,0
1790904081847908640,,,0.000,0,,,,,0,0,0
1790904082047284096,,,0.000,0,,,,,0,0,0
1790904082247102592,,,0.000,0,,,,,0,0,0
1790904082447915424,,,0.000,0,,,,,0,0,0
1790904082647387616,,,0.000,0,,,,,0,0,0
1790904082847377056,,,0.000,0,,,,,0,0,0
1790904083047224320,,,0.000,0,,,,,0,0,0
1790904083247170272,,,0.000,0,,,,,0,0,0
1790904083447610368,,,0.000,0,,,,,0,0,0
1790904083647562112,,,0.000,0,,,,,0,0,0
1790904083847868288,,,0.000,0,,,,,0,0,0
1790904084047770528,,,0.000,0,,,,,0,0,0
1790904084247713664,,,0.000,0,,,,,0,0,0
1790904084447934400,,,0.000,0,,,,,0,0,0
1790904084647853536,,,0.000,0,,,,,0,0,0
1790904084847630432,Nicolas,a05c52a39152,0.163,0,,,,,1,0,0
1790904085047928704,Nicolas,a05c52a39152,0.364,0,,,,,1,0,0
1790904085247506976,Nicolas,a05c52a39152,0.563,0,,,,,1,0,0
1790904085447489120,Nicolas,a05c52a39152,0.763,0,,,,,1,0,0
1790904085647374080,Nicolas,a05c52a39152,0.963,0,,,,,1,0,0
1790904085847773472,Nicolas,a05c52a39152,1.164,0,,,,,1,0,0
1790904086047825152,Nicolas,a05c52a39152,1.364,0,,,,,1,0,0
1790904086247780096,Nicolas,a05c52a39152,1.564,0,,,,,1,0,0
1790904086447515840,Nicolas,a05c52a39152,1.763,0,,,,,1,0,0
1790904086647777440,Nicolas,a05c52a39152,1.964,0,,,,,1,0,0
1790904086847859872,Nicolas,a05c52a39152,2.164,0,,,,,1,0,0
1790904087047879296,Nicolas,a05c52a39152,2.364,0,,,,,1,0,0
1790904087247897440,Nicolas,a05c52a39152,2.564,1,3c18aa965b44,Nahim,2,0.182,2,0,0
1790904087447745696,Nicolas,a05c52a39152,2.764,1,3c18aa965b44,Nahim,2,0.382,2,0,0
1790904087647825984,Nicolas,a05c52a39152,2.964,1,3c18aa965b44,Nahim,2,0.582,2,0,0
1790904087847569856,Nahim,3c18aa965b44,0.146,0,,,,,2,0,1
1790904088047291232,Nahim,3c18aa965b44,0.346,0,,,,,2,0,1
1790904088247504512,Nahim,3c18aa965b44,0.546,1,12416b1a227e,Nicolas,1,0.035,3,0,1
1790904088447887584,Nahim,3c18aa965b44,0.746,1,12416b1a227e,Nicolas,1,0.235,3,0,1
1790904088647792032,Nahim,3c18aa965b44,0.946,1,12416b1a227e,Nicolas,1,0.435,3,0,1
1790904088847497984,Nahim,3c18aa965b44,1.146,1,12416b1a227e,Nicolas,1,0.635,3,0,1
1790904089048041152,Nahim,3c18aa965b44,1.347,1,12416b1a227e,Nicolas,1,0.835,3,0,1
1790904089247553120,Nahim,3c18aa965b44,1.546,2,12416b1a227e|1108f88583b7,Nicolas|Sebastian,1|3,1.035|0.131,4,0,1
1790904089447967136,Nahim,3c18aa965b44,1.747,2,12416b1a227e|1108f88583b7,Nicolas|Sebastian,1|3,1.235|0.331,4,0,1
1790904089648120160,Nahim,3c18aa965b44,1.947,2,12416b1a227e|1108f88583b7,Nicolas|Sebastian,1|3,1.435|0.531,4,0,1
1790904089847773344,Nahim,3c18aa965b44,2.146,2,12416b1a227e|1108f88583b7,Nicolas|Sebastian,1|3,1.635|0.731,4,0,1
1790904090047300896,Nahim,3c18aa965b44,2.346,2,12416b1a227e|1108f88583b7,Nicolas|Sebastian,1|3,1.835|0.931,4,0,1
1790904090247249120,Nahim,3c18aa965b44,2.546,2,12416b1a227e|1108f88583b7,Nicolas|Sebastian,1|3,2.034|1.131,4,0,1
1790904090447221696,Nahim,3c18aa965b44,2.746,2,12416b1a227e|1108f88583b7,Nicolas|Sebastian,1|3,2.234|1.331,4,0,1
1790904090647842336,Nahim,3c18aa965b44,2.946,2,12416b1a227e|1108f88583b7,Nicolas|Sebastian,1|3,2.435|1.531,4,0,1
1790904090847930720,Sebastian,1108f88583b7,0.128,1,12416b1a227e,Nicolas,1,2.635,4,0,2
1790904091047164928,Sebastian,1108f88583b7,0.327,1,12416b1a227e,Nicolas,1,2.834,4,0,2
1790904091246783360,Sebastian,1108f88583b7,0.527,2,12416b1a227e|1910712e0a10,Nicolas|Nahim,1|2,3.034|0.019,5,0,2
1790904091447588672,Sebastian,1108f88583b7,0.728,3,12416b1a227e|1910712e0a10|641e4cd4f92d,Nicolas|Nahim|Vania,1|2|4,3.235|0.220|0.073,6,0,2
1790904091647868928,Sebastian,1108f88583b7,0.928,3,12416b1a227e|1910712e0a10|641e4cd4f92d,Nicolas|Nahim|Vania,1|2|4,3.435|0.420|0.273,6,0,2
1790904091847939904,Sebastian,1108f88583b7,1.128,3,12416b1a227e|1910712e0a10|641e4cd4f92d,Nicolas|Nahim|Vania,1|2|4,3.635|0.620|0.473,6,0,2
1790904092048005472,Sebastian,1108f88583b7,1.328,3,12416b1a227e|1910712e0a10|641e4cd4f92d,Nicolas|Nahim|Vania,1|2|4,3.835|0.820|0.673,6,0,2
1790904092247909216,Sebastian,1108f88583b7,1.528,3,12416b1a227e|1910712e0a10|641e4cd4f92d,Nicolas|Nahim|Vania,1|2|4,4.035|1.020|0.873,6,0,2
1790904092447304096,Sebastian,1108f88583b7,1.728,3,12416b1a227e|1910712e0a10|641e4cd4f92d,Nicolas|Nahim|Vania,1|2|4,4.235|1.220|1.073,6,0,2
1790904092648013952,Sebastian,1108f88583b7,1.928,3,12416b1a227e|1910712e0a10|641e4cd4f92d,Nicolas|Nahim|Vania,1|2|4,4.435|1.420|1.273,6,0,2
1790904092847758144,Sebastian,1108f88583b7,2.128,3,12416b1a227e|1910712e0a10|641e4cd4f92d,Nicolas|Nahim|Vania,1|2|4,4.635|1.620|1.473,6,0,2
1790904093047970944,Sebastian,1108f88583b7,2.328,3,12416b1a227e|1910712e0a10|641e4cd4f92d,Nicolas|Nahim|Vania,1|2|4,4.835|1.820|1.673,6,0,2
1790904093247744000,Sebastian,1108f88583b7,2.528,3,12416b1a227e|1910712e0a10|641e4cd4f92d,Nicolas|Nahim|Vania,1|2|4,5.035|2.020|1.873,6,0,2
1790904093447608192,Sebastian,1108f88583b7,2.728,3,12416b1a227e|1910712e0a10|641e4cd4f92d,Nicolas|Nahim|Vania,1|2|4,5.235|2.220|2.073,6,0,2
1790904093647450880,Sebastian,1108f88583b7,2.928,3,12416b1a227e|1910712e0a10|641e4cd4f92d,Nicolas|Nahim|Vania,1|2|4,5.435|2.420|2.273,6,0,2
1790904093847900480,Vania,641e4cd4f92d,0.105,2,12416b1a227e|1910712e0a10,Nicolas|Nahim,1|2,5.635|2.620,6,0,3
1790904094048298784,Vania,641e4cd4f92d,0.306,2,12416b1a227e|1910712e0a10,Nicolas|Nahim,1|2,5.835|2.821,6,0,3
1790904094247937376,Vania,641e4cd4f92d,0.505,2,12416b1a227e|1910712e0a10,Nicolas|Nahim,1|2,6.035|3.020,6,0,3
1790904094447865824,Vania,641e4cd4f92d,0.705,3,12416b1a227e|1910712e0a10|354031756947,Nicolas|Nahim|Sebastian,1|2|3,6.235|3.220|0.195,7,0,3
1790904094648441888,Vania,641e4cd4f92d,0.906,3,12416b1a227e|1910712e0a10|354031756947,Nicolas|Nahim|Sebastian,1|2|3,6.436|3.421|0.395,7,0,3
1790904094848111424,Vania,641e4cd4f92d,1.106,3,12416b1a227e|1910712e0a10|354031756947,Nicolas|Nahim|Sebastian,1|2|3,6.635|3.620|0.595,7,0,3
1790904095048010720,Vania,641e4cd4f92d,1.306,3,12416b1a227e|1910712e0a10|354031756947,Nicolas|Nahim|Sebastian,1|2|3,6.835|3.820|0.795,7,0,3
1790904095247912640,Vania,641e4cd4f92d,1.505,3,12416b1a227e|1910712e0a10|354031756947,Nicolas|Nahim|Sebastian,1|2|3,7.035|4.020|0.995,7,0,3
1790904095448010592,Vania,641e4cd4f92d,1.706,3,12416b1a227e|1910712e0a10|354031756947,Nicolas|Nahim|Sebastian,1|2|3,7.235|4.220|1.195,7,0,3
1790904095647961728,Vania,641e4cd4f92d,1.905,3,12416b1a227e|1910712e0a10|354031756947,Nicolas|Nahim|Sebastian,1|2|3,7.435|4.420|1.395,7,0,3
1790904095847313056,Vania,641e4cd4f92d,2.105,3,12416b1a227e|1910712e0a10|354031756947,Nicolas|Nahim|Sebastian,1|2|3,7.635|4.620|1.594,7,0,3
1790904096048057824,Vania,641e4cd4f92d,2.306,3,12416b1a227e|1910712e0a10|354031756947,Nicolas|Nahim|Sebastian,1|2|3,7.835|4.820|1.795,7,0,3
1790904096247519744,Vania,641e4cd4f92d,2.505,3,12416b1a227e|1910712e0a10|354031756947,Nicolas|Nahim|Sebastian,1|2|3,8.035|5.020|1.994,7,0,3
1790904096447990688,Vania,641e4cd4f92d,2.705,3,12416b1a227e|1910712e0a10|354031756947,Nicolas|Nahim|Sebastian,1|2|3,8.235|5.220|2.195,7,0,3
1790904096648393408,Vania,641e4cd4f92d,2.906,3,12416b1a227e|1910712e0a10|354031756947,Nicolas|Nahim|Sebastian,1|2|3,8.435|5.421|2.395,7,0,3
1790904096847891936,Sebastian,354031756947,0.084,2,12416b1a227e|1910712e0a10,Nicolas|Nahim,1|2,8.635|5.620,7,0,4
1790904097047853376,Sebastian,354031756947,0.284,2,12416b1a227e|1910712e0a10,Nicolas|Nahim,1|2,8.835|5.820,7,0,4
1790904097248068992,Sebastian,354031756947,0.484,2,12416b1a227e|1910712e0a10,Nicolas|Nahim,1|2,9.035|6.020,7,0,4
1790904097447877472,Sebastian,354031756947,0.684,3,12416b1a227e|1910712e0a10|2f3676bb1785,Nicolas|Nahim|Vania,1|2|4,9.235|6.220|0.175,8,0,4
1790904097647624864,Sebastian,354031756947,0.884,3,12416b1a227e|1910712e0a10|2f3676bb1785,Nicolas|Nahim|Vania,1|2|4,9.435|6.420|0.374,8,0,4
1790904097848072768,Sebastian,354031756947,1.085,3,12416b1a227e|1910712e0a10|2f3676bb1785,Nicolas|Nahim|Vania,1|2|4,9.635|6.620|0.575,8,0,4
1790904098047964928,Sebastian,354031756947,1.284,3,12416b1a227e|1910712e0a10|2f3676bb1785,Nicolas|Nahim|Vania,1|2|4,9.835|6.820|0.775,8,0,4
1790904098247889024,Sebastian,354031756947,1.484,3,12416b1a227e|1910712e0a10|2f3676bb1785,Nicolas|Nahim|Vania,1|2|4,10.035|7.020|0.975,8,0,4
1790904098447748672,Sebastian,354031756947,1.684,3,12416b1a227e|1910712e0a10|2f3676bb1785,Nicolas|Nahim|Vania,1|2|4,10.235|7.220|1.175,8,0,4
1790904098647985760,Sebastian,354031756947,1.884,3,12416b1a227e|1910712e0a10|2f3676bb1785,Nicolas|Nahim|Vania,1|2|4,10.435|7.420|1.375,8,0,4
1790904098847882560,Sebastian,354031756947,2.085,3,12416b1a227e|1910712e0a10|2f3676bb1785,Nicolas|Nahim|Vania,1|2|4,10.635|7.620|1.575,8,0,4
1790904099047986784,Sebastian,354031756947,2.284,3,12416b1a227e|1910712e0a10|2f3676bb1785,Nicolas|Nahim|Vania,1|2|4,10.835|7.820|1.775,8,0,4
1790904099247588320,Sebastian,354031756947,2.484,3,12416b1a227e|1910712e0a10|2f3676bb1785,Nicolas|Nahim|Vania,1|2|4,11.035|8.020|1.975,8,0,4
1790904099447641024,Sebastian,354031756947,2.684,3,12416b1a227e|1910712e0a10|2f3676bb1785,Nicolas|Nahim|Vania,1|2|4,11.235|8.220|2.175,8,0,4
1790904099648113344,Sebastian,354031756947,2.885,3,12416b1a227e|1910712e0a10|2f3676bb1785,Nicolas|Nahim|Vania,1|2|4,11.435|8.421|2.375,8,0,4
1790904099847890496,Vania,2f3676bb1785,0.066,2,12416b1a227e|1910712e0a10,Nicolas|Nahim,1|2,11.635|8.620,8,0,5
1790904100047986880,Vania,2f3676bb1785,0.266,2,12416b1a227e|1910712e0a10,Nicolas|Nahim,1|2,11.835|8.820,8,0,5
1790904100247456640,Vania,2f3676bb1785,0.466,2,12416b1a227e|1910712e0a10,Nicolas|Nahim,1|2,12.035|9.020,8,0,5
1790904100447883648,Vania,2f3676bb1785,0.666,3,12416b1a227e|1910712e0a10|e46f4d57677d,Nicolas|Nahim|Sebastian,1|2|3,12.235|9.220|0.154,9,0,5
1790904100647748000,Vania,2f3676bb1785,0.866,3,12416b1a227e|1910712e0a10|e46f4d57677d,Nicolas|Nahim|Sebastian,1|2|3,12.435|9.420|0.354,9,0,5
1790904100847951584,Vania,2f3676bb1785,1.066,3,12416b1a227e|1910712e0a10|e46f4d57677d,Nicolas|Nahim|Sebastian,1|2|3,12.635|9.620|0.554,9,0,5
1790904101048038240,Vania,2f3676bb1785,1.266,3,12416b1a227e|1910712e0a10|e46f4d57677d,Nicolas|Nahim|Sebastian,1|2|3,12.835|9.821|0.755,9,0,5
1790904101247942272,Vania,2f3676bb1785,1.466,3,12416b1a227e|1910712e0a10|e46f4d57677d,Nicolas|Nahim|Sebastian,1|2|3,13.035|10.020|0.954,9,0,5
1790904101448036000,Vania,2f3676bb1785,1.666,3,12416b1a227e|1910712e0a10|e46f4d57677d,Nicolas|Nahim|Sebastian,1|2|3,13.235|10.220|1.155,9,0,5
1790904101647896896,Vania,2f3676bb1785,1.866,3,12416b1a227e|1910712e0a10|e46f4d57677d,Nicolas|Nahim|Sebastian,1|2|3,13.435|10.420|1.354,9,0,5
1790904101847491232,Vania,2f3676bb1785,2.066,3,12416b1a227e|1910712e0a10|e46f4d57677d,Nicolas|Nahim|Sebastian,1|2|3,13.635|10.620|1.554,9,0,5
1790904102047973536,Vania,2f3676bb1785,2.266,3,12416b1a227e|1910712e0a10|e46f4d57677d,Nicolas|Nahim|Sebastian,1|2|3,13.835|10.820|1.754,9,0,5
1790904102247884448,Vania,2f3676bb1785,2.466,3,12416b1a227e|1910712e0a10|e46f4d57677d,Nicolas|Nahim|Sebastian,1|2|3,14.035|11.020|1.954,9,0,5
1790904102447610496,Vania,2f3676bb1785,2.666,3,12416b1a227e|1910712e0a10|e46f4d57677d,Nicolas|Nahim|Sebastian,1|2|3,14.235|11.220|2.154,9,0,5
1790904102647985312,Vania,2f3676bb1785,2.866,3,12416b1a227e|1910712e0a10|e46f4d57677d,Nicolas|Nahim|Sebastian,1|2|3,14.435|11.420|2.354,9,0,5
1790904102847804256,Nahim,1910712e0a10,0.047,2,12416b1a227e|e46f4d57677d,Nicolas|Sebastian,1|3,14.635|2.554,9,0,6
1790904103047693216,Nahim,1910712e0a10,0.247,2,12416b1a227e|e46f4d57677d,Nicolas|Sebastian,1|3,14.835|2.754,9,0,6
1790904103247816864,Nahim,1910712e0a10,0.447,2,12416b1a227e|e46f4d57677d,Nicolas|Sebastian,1|3,15.035|2.954,9,0,6
1790904103447651072,Nahim,1910712e0a10,0.647,3,12416b1a227e|e46f4d57677d|c9d9f07dda0d,Nicolas|Sebastian|Vania,1|3|4,15.235|3.154|0.135,10,0,6
1790904103647798272,Nahim,1910712e0a10,0.847,3,12416b1a227e|e46f4d57677d|c9d9f07dda0d,Nicolas|Sebastian|Vania,1|3|4,15.435|3.354|0.335,10,0,6
1790904103847847616,Nahim,1910712e0a10,1.047,3,12416b1a227e|e46f4d57677d|c9d9f07dda0d,Nicolas|Sebastian|Vania,1|3|4,15.635|3.554|0.535,10,0,6
1790904104047823904,Nahim,1910712e0a10,1.247,3,12416b1a227e|e46f4d57677d|c9d9f07dda0d,Nicolas|Sebastian|Vania,1|3|4,15.835|3.754|0.735,10,0,6
1790904104247685632,Nahim,1910712e0a10,1.447,3,12416b1a227e|e46f4d57677d|c9d9f07dda0d,Nicolas|Sebastian|Vania,1|3|4,16.035|3.954|0.935,10,0,6
1790904104448053312,Nahim,1910712e0a10,1.647,3,12416b1a227e|e46f4d57677d|c9d9f07dda0d,Nicolas|Sebastian|Vania,1|3|4,16.235|4.155|1.135,10,0,6
1790904104647829088,Nahim,1910712e0a10,1.847,3,12416b1a227e|e46f4d57677d|c9d9f07dda0d,Nicolas|Sebastian|Vania,1|3|4,16.435|4.354|1.335,10,0,6
1790904104847875232,Nahim,1910712e0a10,2.047,3,12416b1a227e|e46f4d57677d|c9d9f07dda0d,Nicolas|Sebastian|Vania,1|3|4,16.635|4.554|1.535,10,0,6
1790904105048094336,Nahim,1910712e0a10,2.247,3,12416b1a227e|e46f4d57677d|c9d9f07dda0d,Nicolas|Sebastian|Vania,1|3|4,16.835|4.755|1.735,10,0,6
1790904105247925184,Nahim,1910712e0a10,2.447,3,12416b1a227e|e46f4d57677d|c9d9f07dda0d,Nicolas|Sebastian|Vania,1|3|4,17.035|4.954|1.935,10,0,6
1790904105447455360,Nahim,1910712e0a10,2.646,3,12416b1a227e|e46f4d57677d|c9d9f07dda0d,Nicolas|Sebastian|Vania,1|3|4,17.235|5.154|2.135,10,0,6
1790904105647973600,Nahim,1910712e0a10,2.847,3,12416b1a227e|e46f4d57677d|c9d9f07dda0d,Nicolas|Sebastian|Vania,1|3|4,17.435|5.354|2.335,10,0,6
1790904105847491968,Vania,c9d9f07dda0d,0.025,2,12416b1a227e|e46f4d57677d,Nicolas|Sebastian,1|3,17.635|5.554,10,0,7
1790904106048238560,Vania,c9d9f07dda0d,0.226,2,12416b1a227e|e46f4d57677d,Nicolas|Sebastian,1|3,17.835|5.755,10,0,7
1790904106247353312,Vania,c9d9f07dda0d,0.425,2,12416b1a227e|e46f4d57677d,Nicolas|Sebastian,1|3,18.035|5.954,10,0,7
1790904106448209152,Vania,c9d9f07dda0d,0.626,3,12416b1a227e|e46f4d57677d|2ef2156f9ac0,Nicolas|Sebastian|Nahim,1|3|2,18.235|6.155|0.115,11,0,7
1790904106647412736,Vania,c9d9f07dda0d,0.825,3,12416b1a227e|e46f4d57677d|2ef2156f9ac0,Nicolas|Sebastian|Nahim,1|3|2,18.435|6.354|0.314,11,0,7
1790904106847961440,Vania,c9d9f07dda0d,1.025,3,12416b1a227e|e46f4d57677d|2ef2156f9ac0,Nicolas|Sebastian|Nahim,1|3|2,18.635|6.554|0.514,11,0,7
1790904107047968544,Vania,c9d9f07dda0d,1.225,3,12416b1a227e|e46f4d57677d|2ef2156f9ac0,Nicolas|Sebastian|Nahim,1|3|2,18.835|6.755|0.715,11,0,7
1790904107247982144,Vania,c9d9f07dda0d,1.425,3,12416b1a227e|e46f4d57677d|2ef2156f9ac0,Nicolas|Sebastian|Nahim,1|3|2,19.035|6.954|0.914,11,0,7
1790904107447982432,Vania,c9d9f07dda0d,1.625,3,12416b1a227e|e46f4d57677d|2ef2156f9ac0,Nicolas|Sebastian|Nahim,1|3|2,19.235|7.155|1.114,11,0,7
1790904107647805216,Vania,c9d9f07dda0d,1.825,3,12416b1a227e|e46f4d57677d|2ef2156f9ac0,Nicolas|Sebastian|Nahim,1|3|2,19.435|7.354|1.314,11,0,7
1790904107847306496,Vania,c9d9f07dda0d,2.025,3,12416b1a227e|e46f4d57677d|2ef2156f9ac0,Nicolas|Sebastian|Nahim,1|3|2,19.635|7.554|1.514,11,0,7
1790904108047933152,Vania,c9d9f07dda0d,2.226,3,12416b1a227e|e46f4d57677d|2ef2156f9ac0,Nicolas|Sebastian|Nahim,1|3|2,19.835|7.755|1.715,11,0,7
1790904108248150336,Vania,c9d9f07dda0d,2.426,3,12416b1a227e|e46f4d57677d|2ef2156f9ac0,Nicolas|Sebastian|Nahim,1|3|2,20.035|7.955|1.915,11,0,7
1790904108447281024,Vania,c9d9f07dda0d,2.625,3,12416b1a227e|e46f4d57677d|2ef2156f9ac0,Nicolas|Sebastian|Nahim,1|3|2,20.235|8.154|2.114,11,0,7
1790904108648007296,Vania,c9d9f07dda0d,2.825,3,12416b1a227e|e46f4d57677d|2ef2156f9ac0,Nicolas|Sebastian|Nahim,1|3|2,20.435|8.354|2.314,11,0,7
1790904108849153760,Sebastian,e46f4d57677d,0.005,2,12416b1a227e|2ef2156f9ac0,Nicolas|Nahim,1|2,20.636|2.516,11,0,8
1790904109047278976,Sebastian,e46f4d57677d,0.203,2,12416b1a227e|2ef2156f9ac0,Nicolas|Nahim,1|2,20.835|2.714,11,0,8
1790904109247938848,Sebastian,e46f4d57677d,0.403,2,12416b1a227e|2ef2156f9ac0,Nicolas|Nahim,1|2,21.035|2.914,11,0,8
1790904109448240704,Sebastian,e46f4d57677d,0.604,3,12416b1a227e|2ef2156f9ac0|d3b593075f9d,Nicolas|Nahim|Vania,1|2|4,21.235|3.115|0.092,12,0,8
1790904109647974080,Sebastian,e46f4d57677d,0.803,3,12416b1a227e|2ef2156f9ac0|d3b593075f9d,Nicolas|Nahim|Vania,1|2|4,21.435|3.314|0.292,12,0,8
1790904109847959520,Sebastian,e46f4d57677d,1.003,3,12416b1a227e|2ef2156f9ac0|d3b593075f9d,Nicolas|Nahim|Vania,1|2|4,21.635|3.514|0.492,12,0,8
1790904110048044960,Sebastian,e46f4d57677d,1.204,3,12416b1a227e|2ef2156f9ac0|d3b593075f9d,Nicolas|Nahim|Vania,1|2|4,21.835|3.715|0.692,12,0,8
1790904110247293440,Sebastian,e46f4d57677d,1.403,3,12416b1a227e|2ef2156f9ac0|d3b593075f9d,Nicolas|Nahim|Vania,1|2|4,22.035|3.914|0.891,12,0,8
1790904110447897376,Sebastian,e46f4d57677d,1.603,3,12416b1a227e|2ef2156f9ac0|d3b593075f9d,Nicolas|Nahim|Vania,1|2|4,22.235|4.114|1.092,12,0,8
1790904110648000288,Sebastian,e46f4d57677d,1.803,3,12416b1a227e|2ef2156f9ac0|d3b593075f9d,Nicolas|Nahim|Vania,1|2|4,22.435|4.314|1.292,12,0,8
1790904110847993344,Sebastian,e46f4d57677d,2.003,3,12416b1a227e|2ef2156f9ac0|d3b593075f9d,Nicolas|Nahim|Vania,1|2|4,22.635|4.514|1.492,12,0,8
1790904111047816128,Sebastian,e46f4d57677d,2.203,3,12416b1a227e|2ef2156f9ac0|d3b593075f9d,Nicolas|Nahim|Vania,1|2|4,22.835|4.714|1.692,12,0,8
1790904111247862624,Sebastian,e46f4d57677d,2.403,3,12416b1a227e|2ef2156f9ac0|d3b593075f9d,Nicolas|Nahim|Vania,1|2|4,23.035|4.914|1.892,12,0,8
1790904111447976832,Sebastian,e46f4d57677d,2.603,3,12416b1a227e|2ef2156f9ac0|d3b593075f9d,Nicolas|Nahim|Vania,1|2|4,23.235|5.114|2.092,12,0,8
1790904111647875296,Sebastian,e46f4d57677d,2.803,3,12416b1a227e|2ef2156f9ac0|d3b593075f9d,Nicolas|Nahim|Vania,1|2|4,23.435|5.314|2.292,12,0,8
1790904111848008736,Sebastian,e46f4d57677d,3.004,3,12416b1a227e|2ef2156f9ac0|d3b593075f9d,Nicolas|Nahim|Vania,1|2|4,23.635|5.514|2.492,12,0,8
1790904112048121152,Vania,d3b593075f9d,0.183,2,12416b1a227e|2ef2156f9ac0,Nicolas|Nahim,1|2,23.835|5.715,12,0,9
1790904112247897056,Vania,d3b593075f9d,0.383,2,12416b1a227e|2ef2156f9ac0,Nicolas|Nahim,1|2,24.035|5.914,12,0,9
1790904112447853056,Vania,d3b593075f9d,0.583,3,12416b1a227e|2ef2156f9ac0|8b7b4a43f9c7,Nicolas|Nahim|Sebastian,1|2|3,24.235|6.114|0.072,13,0,9
1790904112648038976,Vania,d3b593075f9d,0.783,3,12416b1a227e|2ef2156f9ac0|8b7b4a43f9c7,Nicolas|Nahim|Sebastian,1|2|3,24.435|6.315|0.273,13,0,9
1790904112847242784,Vania,d3b593075f9d,0.982,3,12416b1a227e|2ef2156f9ac0|8b7b4a43f9c7,Nicolas|Nahim|Sebastian,1|2|3,24.635|6.514|0.472,13,0,9
1790904113047881600,Vania,d3b593075f9d,1.183,3,12416b1a227e|2ef2156f9ac0|8b7b4a43f9c7,Nicolas|Nahim|Sebastian,1|2|3,24.835|6.714|0.672,13,0,9
1790904113247991968,Vania,d3b593075f9d,1.383,3,12416b1a227e|2ef2156f9ac0|8b7b4a43f9c7,Nicolas|Nahim|Sebastian,1|2|3,25.035|6.914|0.873,13,0,9
1790904113447936960,Vania,d3b593075f9d,1.583,3,12416b1a227e|2ef2156f9ac0|8b7b4a43f9c7,Nicolas|Nahim|Sebastian,1|2|3,25.235|7.114|1.072,13,0,9
1790904113648009632,Vania,d3b593075f9d,1.783,3,12416b1a227e|2ef2156f9ac0|8b7b4a43f9c7,Nicolas|Nahim|Sebastian,1|2|3,25.435|7.314|1.273,13,0,9
1790904113847613408,Vania,d3b593075f9d,1.983,3,12416b1a227e|2ef2156f9ac0|8b7b4a43f9c7,Nicolas|Nahim|Sebastian,1|2|3,25.635|7.514|1.472,13,0,9
1790904114047897120,Vania,d3b593075f9d,2.183,3,12416b1a227e|2ef2156f9ac0|8b7b4a43f9c7,Nicolas|Nahim|Sebastian,1|2|3,25.835|7.714|1.672,13,0,9
1790904114247531872,Vania,d3b593075f9d,2.383,3,12416b1a227e|2ef2156f9ac0|8b7b4a43f9c7,Nicolas|Nahim|Sebastian,1|2|3,26.035|7.914|1.872,13,0,9
1790904114448091776,Vania,d3b593075f9d,2.583,3,12416b1a227e|2ef2156f9ac0|8b7b4a43f9c7,Nicolas|Nahim|Sebastian,1|2|3,26.235|8.115|2.073,13,0,9
1790904114647571232,Vania,d3b593075f9d,2.783,3,12416b1a227e|2ef2156f9ac0|8b7b4a43f9c7,Nicolas|Nahim|Sebastian,1|2|3,26.435|8.314|2.272,13,0,9
1790904114847929280,Vania,d3b593075f9d,2.983,3,12416b1a227e|2ef2156f9ac0|8b7b4a43f9c7,Nicolas|Nahim|Sebastian,1|2|3,26.635|8.514|2.472,13,0,9
1790904115047966336,Nicolas,12416b1a227e,0.164,2,2ef2156f9ac0|8b7b4a43f9c7,Nahim|Sebastian,2|3,8.714|2.673,13,0,10
1790904115247948480,Nicolas,12416b1a227e,0.364,2,2ef2156f9ac0|8b7b4a43f9c7,Nahim|Sebastian,2|3,8.914|2.873,13,0,10
1790904115448051200,Nicolas,12416b1a227e,0.564,3,2ef2156f9ac0|8b7b4a43f9c7|29d59bc4a799,Nahim|Sebastian|Vania,2|3|4,9.115|3.073|0.054,14,0,10
1790904115648051360,Nicolas,12416b1a227e,0.764,3,2ef2156f9ac0|8b7b4a43f9c7|29d59bc4a799,Nahim|Sebastian|Vania,2|3|4,9.315|3.273|0.254,14,0,10
1790904115847885728,Nicolas,12416b1a227e,0.964,3,2ef2156f9ac0|8b7b4a43f9c7|29d59bc4a799,Nahim|Sebastian|Vania,2|3|4,9.514|3.472|0.454,14,0,10
1790904116047657120,Nicolas,12416b1a227e,1.163,3,2ef2156f9ac0|8b7b4a43f9c7|29d59bc4a799,Nahim|Sebastian|Vania,2|3|4,9.714|3.672|0.654,14,0,10
1790904116247977760,Nicolas,12416b1a227e,1.364,3,2ef2156f9ac0|8b7b4a43f9c7|29d59bc4a799,Nahim|Sebastian|Vania,2|3|4,9.914|3.873|0.854,14,0,10
1790904116447120480,Nicolas,12416b1a227e,1.563,3,2ef2156f9ac0|8b7b4a43f9c7|29d59bc4a799,Nahim|Sebastian|Vania,2|3|4,10.114|4.072|1.053,14,0,10
1790904116648088160,Nicolas,12416b1a227e,1.764,3,2ef2156f9ac0|8b7b4a43f9c7|29d59bc4a799,Nahim|Sebastian|Vania,2|3|4,10.315|4.273|1.254,14,0,10
1790904116847578272,Nicolas,12416b1a227e,1.963,3,2ef2156f9ac0|8b7b4a43f9c7|29d59bc4a799,Nahim|Sebastian|Vania,2|3|4,10.514|4.472|1.454,14,0,10
1790904117048243456,Nicolas,12416b1a227e,2.164,3,2ef2156f9ac0|8b7b4a43f9c7|29d59bc4a799,Nahim|Sebastian|Vania,2|3|4,10.715|4.673|1.654,14,0,10
1790904117247948128,Nicolas,12416b1a227e,2.364,3,2ef2156f9ac0|8b7b4a43f9c7|29d59bc4a799,Nahim|Sebastian|Vania,2|3|4,10.914|4.872|1.854,14,0,10
1790904117447963872,Nicolas,12416b1a227e,2.564,3,2ef2156f9ac0|8b7b4a43f9c7|29d59bc4a799,Nahim|Sebastian|Vania,2|3|4,11.114|5.072|2.054,14,0,10
1790904117647917664,Nicolas,12416b1a227e,2.764,3,2ef2156f9ac0|8b7b4a43f9c7|29d59bc4a799,Nahim|Sebastian|Vania,2|3|4,11.314|5.272|2.254,14,0,10
1790904117848135776,Nicolas,12416b1a227e,2.964,3,2ef2156f9ac0|8b7b4a43f9c7|29d59bc4a799,Nahim|Sebastian|Vania,2|3|4,11.515|5.473|2.454,14,0,10
1790904118048041728,Vania,29d59bc4a799,0.143,2,2ef2156f9ac0|8b7b4a43f9c7,Nahim|Sebastian,2|3,11.715|5.673,14,0,11
1790904118247852768,Vania,29d59bc4a799,0.343,2,2ef2156f9ac0|8b7b4a43f9c7,Nahim|Sebastian,2|3,11.914|5.872,14,0,11
1790904118447695840,Vania,29d59bc4a799,0.542,3,2ef2156f9ac0|8b7b4a43f9c7|551b63a23e2a,Nahim|Sebastian|Nicolas,2|3|1,12.114|6.072|0.033,15,0,11
1790904118647585696,Vania,29d59bc4a799,0.742,3,2ef2156f9ac0|8b7b4a43f9c7|551b63a23e2a,Nahim|Sebastian|Nicolas,2|3|1,12.314|6.272|0.233,15,0,11
1790904118847886464,Vania,29d59bc4a799,0.943,3,2ef2156f9ac0|8b7b4a43f9c7|551b63a23e2a,Nahim|Sebastian|Nicolas,2|3|1,12.514|6.472|0.433,15,0,11
1790904119047447328,Vania,29d59bc4a799,1.142,3,2ef2156f9ac0|8b7b4a43f9c7|551b63a23e2a,Nahim|Sebastian|Nicolas,2|3|1,12.714|6.672|0.633,15,0,11
1790904119247958176,Vania,29d59bc4a799,1.343,3,2ef2156f9ac0|8b7b4a43f9c7|551b63a23e2a,Nahim|Sebastian|Nicolas,2|3|1,12.914|6.873|0.833,15,0,11
1790904119447561728,Vania,29d59bc4a799,1.542,3,2ef2156f9ac0|8b7b4a43f9c7|551b63a23e2a,Nahim|Sebastian|Nicolas,2|3|1,13.114|7.072|1.033,15,0,11
1790904119647871520,Vania,29d59bc4a799,1.743,3,2ef2156f9ac0|8b7b4a43f9c7|551b63a23e2a,Nahim|Sebastian|Nicolas,2|3|1,13.314|7.272|1.233,15,0,11
1790904119847981312,Vania,29d59bc4a799,1.943,3,2ef2156f9ac0|8b7b4a43f9c7|551b63a23e2a,Nahim|Sebastian|Nicolas,2|3|1,13.514|7.473|1.433,15,0,11
1790904120047914848,Vania,29d59bc4a799,2.143,3,2ef2156f9ac0|8b7b4a43f9c7|551b63a23e2a,Nahim|Sebastian|Nicolas,2|3|1,13.714|7.672|1.633,15,0,11
1790904120248066816,Vania,29d59bc4a799,2.343,3,2ef2156f9ac0|8b7b4a43f9c7|551b63a23e2a,Nahim|Sebastian|Nicolas,2|3|1,13.915|7.873|1.833,15,0,11
1790904120447937600,Vania,29d59bc4a799,2.543,3,2ef2156f9ac0|8b7b4a43f9c7|551b63a23e2a,Nahim|Sebastian|Nicolas,2|3|1,14.114|8.072|2.033,15,0,11
1790904120647854560,Vania,29d59bc4a799,2.743,3,2ef2156f9ac0|8b7b4a43f9c7|551b63a23e2a,Nahim|Sebastian|Nicolas,2|3|1,14.314|8.272|2.233,15,0,11
1790904120847681216,Vania,29d59bc4a799,2.942,3,2ef2156f9ac0|8b7b4a43f9c7|551b63a23e2a,Nahim|Sebastian|Nicolas,2|3|1,14.514|8.472|2.433,15,0,11
1790904121048350624,Sebastian,8b7b4a43f9c7,0.125,2,2ef2156f9ac0|551b63a23e2a,Nahim|Nicolas,2|1,14.715|2.634,15,0,12
1790904121247874304,Sebastian,8b7b4a43f9c7,0.324,2,2ef2156f9ac0|551b63a23e2a,Nahim|Nicolas,2|1,14.914|2.833,15,0,12
1790904121447764256,Sebastian,8b7b4a43f9c7,0.524,3,2ef2156f9ac0|551b63a23e2a|8fbe320a8c3f,Nahim|Nicolas|Vania,2|1|4,15.114|3.033|0.014,16,0,12
1790904121647949152,Sebastian,8b7b4a43f9c7,0.724,3,2ef2156f9ac0|551b63a23e2a|8fbe320a8c3f,Nahim|Nicolas|Vania,2|1|4,15.314|3.233|0.214,16,0,12
1790904121847798560,Sebastian,8b7b4a43f9c7,0.924,3,2ef2156f9ac0|551b63a23e2a|8fbe320a8c3f,Nahim|Nicolas|Vania,2|1|4,15.514|3.433|0.414,16,0,12
1790904122047897376,Sebastian,8b7b4a43f9c7,1.124,3,2ef2156f9ac0|551b63a23e2a|8fbe320a8c3f,Nahim|Nicolas|Vania,2|1|4,15.714|3.633|0.614,16,0,12
1790904122247866880,Sebastian,8b7b4a43f9c7,1.324,3,2ef2156f9ac0|551b63a23e2a|8fbe320a8c3f,Nahim|Nicolas|Vania,2|1|4,15.914|3.833|0.814,16,0,12
1790904122447821632,Sebastian,8b7b4a43f9c7,1.524,3,2ef2156f9ac0|551b63a23e2a|8fbe320a8c3f,Nahim|Nicolas|Vania,2|1|4,16.114|4.033|1.014,16,0,12
1790904122648008288,Sebastian,8b7b4a43f9c7,1.724,3,2ef2156f9ac0|551b63a23e2a|8fbe320a8c3f,Nahim|Nicolas|Vania,2|1|4,16.314|4.233|1.214,16,0,12
1790904122847917056,Sebastian,8b7b4a43f9c7,1.924,3,2ef2156f9ac0|551b63a23e2a|8fbe320a8c3f,Nahim|Nicolas|Vania,2|1|4,16.514|4.433|1.414,16,0,12
1790904123047361696,Sebastian,8b7b4a43f9c7,2.124,3,2ef2156f9ac0|551b63a23e2a|8fbe320a8c3f,Nahim|Nicolas|Vania,2|1|4,16.714|4.633|1.614,16,0,12
1790904123247280576,Sebastian,8b7b4a43f9c7,2.324,3,2ef2156f9ac0|551b63a23e2a|8fbe320a8c3f,Nahim|Nicolas|Vania,2|1|4,16.914|4.833|1.813,16,0,12
1790904123447622176,Sebastian,8b7b4a43f9c7,2.524,3,2ef2156f9ac0|551b63a23e2a|8fbe320a8c3f,Nahim|Nicolas|Vania,2|1|4,17.114|5.033|2.014,16,0,12
1790904123647950912,Sebastian,8b7b4a43f9c7,2.724,3,2ef2156f9ac0|551b63a23e2a|8fbe320a8c3f,Nahim|Nicolas|Vania,2|1|4,17.315|5.233|2.214,16,0,12
1790904123847940288,Sebastian,8b7b4a43f9c7,2.924,3,2ef2156f9ac0|551b63a23e2a|8fbe320a8c3f,Nahim|Nicolas|Vania,2|1|4,17.514|5.433|2.414,16,0,12
1790904124048015008,Vania,8fbe320a8c3f,0.105,2,2ef2156f9ac0|551b63a23e2a,Nahim|Nicolas,2|1,17.714|5.633,16,0,13
1790904124249282688,Vania,8fbe320a8c3f,0.307,2,2ef2156f9ac0|551b63a23e2a,Nahim|Nicolas,2|1,17.916|5.835,16,0,13
1790904124447547520,Vania,8fbe320a8c3f,0.505,2,2ef2156f9ac0|551b63a23e2a,Nahim|Nicolas,2|1,18.114|6.033,16,0,13
1790904124648002816,Vania,8fbe320a8c3f,0.705,3,2ef2156f9ac0|551b63a23e2a|53e73c616f15,Nahim|Nicolas|Sebastian,2|1|3,18.314|6.233|0.194,17,0,13
1790904124847932672,Vania,8fbe320a8c3f,0.905,3,2ef2156f9ac0|551b63a23e2a|53e73c616f15,Nahim|Nicolas|Sebastian,2|1|3,18.514|6.433|0.394,17,0,13
1790904125047965376,Vania,8fbe320a8c3f,1.105,3,2ef2156f9ac0|551b63a23e2a|53e73c616f15,Nahim|Nicolas|Sebastian,2|1|3,18.714|6.633|0.594,17,0,13
1790904125248114880,Vania,8fbe320a8c3f,1.305,3,2ef2156f9ac0|551b63a23e2a|53e73c616f15,Nahim|Nicolas|Sebastian,2|1|3,18.915|6.833|0.795,17,0,13
1790904125448328320,Vania,8fbe320a8c3f,1.506,3,2ef2156f9ac0|551b63a23e2a|53e73c616f15,Nahim|Nicolas|Sebastian,2|1|3,19.115|7.034|0.995,17,0,13
1790904125647649664,Vania,8fbe320a8c3f,1.705,3,2ef2156f9ac0|551b63a23e2a|53e73c616f15,Nahim|Nicolas|Sebastian,2|1|3,19.314|7.233|1.194,17,0,13
1790904125848027360,Vania,8fbe320a8c3f,1.905,3,2ef2156f9ac0|551b63a23e2a|53e73c616f15,Nahim|Nicolas|Sebastian,2|1|3,19.514|7.433|1.395,17,0,13
1790904126047423808,Vania,8fbe320a8c3f,2.105,3,2ef2156f9ac0|551b63a23e2a|53e73c616f15,Nahim|Nicolas|Sebastian,2|1|3,19.714|7.633|1.594,17,0,13
1790904126248241664,Vania,8fbe320a8c3f,2.305,3,2ef2156f9ac0|551b63a23e2a|53e73c616f15,Nahim|Nicolas|Sebastian,2|1|3,19.914|7.833|1.794,17,0,13
1790904126447652768,Vania,8fbe320a8c3f,2.505,3,2ef2156f9ac0|551b63a23e2a|53e73c616f15,Nahim|Nicolas|Sebastian,2|1|3,20.114|8.033|1.994,17,0,13
1790904126647957120,Vania,8fbe320a8c3f,2.705,3,2ef2156f9ac0|551b63a23e2a|53e73c616f15,Nahim|Nicolas|Sebastian,2|1|3,20.314|8.233|2.194,17,0,13
1790904126847708448,Vania,8fbe320a8c3f,2.905,3,2ef2156f9ac0|551b63a23e2a|53e73c616f15,Nahim|Nicolas|Sebastian,2|1|3,20.514|8.433|2.394,17,0,13
1790904127047981216,Nahim,2ef2156f9ac0,0.084,2,551b63a23e2a|53e73c616f15,Nicolas|Sebastian,1|3,8.633|2.594,17,0,14
1790904127247951392,Nahim,2ef2156f9ac0,0.284,2,551b63a23e2a|53e73c616f15,Nicolas|Sebastian,1|3,8.833|2.794,17,0,14
1790904127448012928,Nahim,2ef2156f9ac0,0.484,2,551b63a23e2a|53e73c616f15,Nicolas|Sebastian,1|3,9.033|2.995,17,0,14
1790904127647891072,Nahim,2ef2156f9ac0,0.684,3,551b63a23e2a|53e73c616f15|eee7b8b7dc21,Nicolas|Sebastian|Vania,1|3|4,9.233|3.194|0.170,18,0,14
1790904127847615584,Nahim,2ef2156f9ac0,0.884,3,551b63a23e2a|53e73c616f15|eee7b8b7dc21,Nicolas|Sebastian|Vania,1|3|4,9.433|3.394|0.370,18,0,14
1790904128047211456,Nahim,2ef2156f9ac0,1.084,3,551b63a23e2a|53e73c616f15|eee7b8b7dc21,Nicolas|Sebastian|Vania,1|3|4,9.633|3.594|0.570,18,0,14
1790904128247857568,Nahim,2ef2156f9ac0,1.284,3,551b63a23e2a|53e73c616f15|eee7b8b7dc21,Nicolas|Sebastian|Vania,1|3|4,9.833|3.794|0.770,18,0,14
1790904128447955072,Nahim,2ef2156f9ac0,1.484,3,551b63a23e2a|53e73c616f15|eee7b8b7dc21,Nicolas|Sebastian|Vania,1|3|4,10.033|3.994|0.970,18,0,14
1790904128648088032,Nahim,2ef2156f9ac0,1.684,3,551b63a23e2a|53e73c616f15|eee7b8b7dc21,Nicolas|Sebastian|Vania,1|3|4,10.233|4.195|1.171,18,0,14
1790904128847906656,Nahim,2ef2156f9ac0,1.884,3,551b63a23e2a|53e73c616f15|eee7b8b7dc21,Nicolas|Sebastian|Vania,1|3|4,10.433|4.394|1.370,18,0,14
1790904129048058336,Nahim,2ef2156f9ac0,2.084,3,551b63a23e2a|53e73c616f15|eee7b8b7dc21,Nicolas|Sebastian|Vania,1|3|4,10.633|4.595|1.571,18,0,14
1790904129247369504,Nahim,2ef2156f9ac0,2.284,3,551b63a23e2a|53e73c616f15|eee7b8b7dc21,Nicolas|Sebastian|Vania,1|3|4,10.833|4.794|1.770,18,0,14
1790904129447932416,Nahim,2ef2156f9ac0,2.484,3,551b63a23e2a|53e73c616f15|eee7b8b7dc21,Nicolas|Sebastian|Vania,1|3|4,11.033|4.994|1.970,18,0,14
1790904129647424512,Nahim,2ef2156f9ac0,2.684,3,551b63a23e2a|53e73c616f15|eee7b8b7dc21,Nicolas|Sebastian|Vania,1|3|4,11.233|5.194|2.170,18,0,14
1790904129847921056,Nahim,2ef2156f9ac0,2.884,3,551b63a23e2a|53e73c616f15|eee7b8b7dc21,Nicolas|Sebastian|Vania,1|3|4,11.433|5.394|2.370,18,0,14
1790904130048184064,Vania,eee7b8b7dc21,0.065,2,551b63a23e2a|53e73c616f15,Nicolas|Sebastian,1|3,11.634|5.595,18,0,15
1790904130247942272,Vania,eee7b8b7dc21,0.265,2,551b63a23e2a|53e73c616f15,Nicolas|Sebastian,1|3,11.833|5.794,18,0,15
1790904130447510880,Vania,eee7b8b7dc21,0.465,2,551b63a23e2a|53e73c616f15,Nicolas|Sebastian,1|3,12.033|5.994,18,0,15
1790904130648004256,Vania,eee7b8b7dc21,0.665,3,551b63a23e2a|53e73c616f15|f207b02f1347,Nicolas|Sebastian|Nahim,1|3|2,12.233|6.195|0.154,19,0,15
1790904130848049696,Vania,eee7b8b7dc21,0.865,3,551b63a23e2a|53e73c616f15|f207b02f1347,Nicolas|Sebastian|Nahim,1|3|2,12.433|6.395|0.354,19,0,15
1790904131048160000,Vania,eee7b8b7dc21,1.065,3,551b63a23e2a|53e73c616f15|f207b02f1347,Nicolas|Sebastian|Nahim,1|3|2,12.634|6.595|0.554,19,0,15
1790904131247916608,Vania,eee7b8b7dc21,1.265,3,551b63a23e2a|53e73c616f15|f207b02f1347,Nicolas|Sebastian|Nahim,1|3|2,12.833|6.794|0.754,19,0,15
1790904131448180448,Vania,eee7b8b7dc21,1.465,3,551b63a23e2a|53e73c616f15|f207b02f1347,Nicolas|Sebastian|Nahim,1|3|2,13.033|6.994|0.954,19,0,15
1790904131647961248,Vania,eee7b8b7dc21,1.665,3,551b63a23e2a|53e73c616f15|f207b02f1347,Nicolas|Sebastian|Nahim,1|3|2,13.233|7.194|1.154,19,0,15
1790904131848091648,Vania,eee7b8b7dc21,1.865,3,551b63a23e2a|53e73c616f15|f207b02f1347,Nicolas|Sebastian|Nahim,1|3|2,13.433|7.394|1.353,19,0,15
1790904132047950560,Vania,eee7b8b7dc21,2.065,3,551b63a23e2a|53e73c616f15|f207b02f1347,Nicolas|Sebastian|Nahim,1|3|2,13.633|7.594|1.554,19,0,15
1790904132247721184,Vania,eee7b8b7dc21,2.265,3,551b63a23e2a|53e73c616f15|f207b02f1347,Nicolas|Sebastian|Nahim,1|3|2,13.833|7.794|1.753,19,0,15
1790904132447715424,Vania,eee7b8b7dc21,2.465,3,551b63a23e2a|53e73c616f15|f207b02f1347,Nicolas|Sebastian|Nahim,1|3|2,14.033|7.994|1.953,19,0,15
1790904132647731168,Vania,eee7b8b7dc21,2.665,3,551b63a23e2a|53e73c616f15|f207b02f1347,Nicolas|Sebastian|Nahim,1|3|2,14.233|8.194|2.153,19,0,15
1790904132847949280,Vania,eee7b8b7dc21,2.865,3,551b63a23e2a|53e73c616f15|f207b02f1347,Nicolas|Sebastian|Nahim,1|3|2,14.433|8.394|2.354,19,0,15
1790904133048012288,Sebastian,53e73c616f15,0.045,2,551b63a23e2a|f207b02f1347,Nicolas|Nahim,1|2,14.633|2.554,19,0,16
1790904133248085824,Sebastian,53e73c616f15,0.245,2,551b63a23e2a|f207b02f1347,Nicolas|Nahim,1|2,14.833|2.754,19,0,16
1790904133448023168,Sebastian,53e73c616f15,0.445,2,551b63a23e2a|f207b02f1347,Nicolas|Nahim,1|2,15.033|2.954,19,0,16
1790904133647839456,Sebastian,53e73c616f15,0.645,3,551b63a23e2a|f207b02f1347|85ceca28cfbd,Nicolas|Nahim|Vania,1|2|4,15.233|3.153|0.132,20,0,16
1790904133847972096,Sebastian,53e73c616f15,0.845,3,551b63a23e2a|f207b02f1347|85ceca28cfbd,Nicolas|Nahim|Vania,1|2|4,15.433|3.354|0.332,20,0,16
1790904134047506784,Sebastian,53e73c616f15,1.044,3,551b63a23e2a|f207b02f1347|85ceca28cfbd,Nicolas|Nahim|Vania,1|2|4,15.633|3.553|0.532,20,0,16
1790904134247805216,Sebastian,53e73c616f15,1.245,3,551b63a23e2a|f207b02f1347|85ceca28cfbd,Nicolas|Nahim|Vania,1|2|4,15.833|3.753|0.732,20,0,16
1790904134447752160,Sebastian,53e73c616f15,1.445,3,551b63a23e2a|f207b02f1347|85ceca28cfbd,Nicolas|Nahim|Vania,1|2|4,16.033|3.953|0.932,20,0,16
1790904134647966592,Sebastian,53e73c616f15,1.645,3,551b63a23e2a|f207b02f1347|85ceca28cfbd,Nicolas|Nahim|Vania,1|2|4,16.233|4.154|1.132,20,0,16
1790904134848337280,Sebastian,53e73c616f15,1.845,3,551b63a23e2a|f207b02f1347|85ceca28cfbd,Nicolas|Nahim|Vania,1|2|4,16.434|4.354|1.332,20,0,16
1790904135048030112,Sebastian,53e73c616f15,2.045,3,551b63a23e2a|f207b02f1347|85ceca28cfbd,Nicolas|Nahim|Vania,1|2|4,16.633|4.554|1.532,20,0,16
1790904135247350112,Sebastian,53e73c616f15,2.244,3,551b63a23e2a|f207b02f1347|85ceca28cfbd,Nicolas|Nahim|Vania,1|2|4,16.833|4.753|1.731,20,0,16
1790904135447971584,Sebastian,53e73c616f15,2.445,3,551b63a23e2a|f207b02f1347|85ceca28cfbd,Nicolas|Nahim|Vania,1|2|4,17.033|4.954|1.932,20,0,16
1790904135647935968,Sebastian,53e73c616f15,2.645,3,551b63a23e2a|f207b02f1347|85ceca28cfbd,Nicolas|Nahim|Vania,1|2|4,17.233|5.154|2.132,20,0,16
1790904135848016672,Sebastian,53e73c616f15,2.845,3,551b63a23e2a|f207b02f1347|85ceca28cfbd,Nicolas|Nahim|Vania,1|2|4,17.433|5.354|2.332,20,0,16
1790904136047930272,Vania,85ceca28cfbd,0.025,2,551b63a23e2a|f207b02f1347,Nicolas|Nahim,1|2,17.633|5.554,20,0,17
1790904136247912800,Vania,85ceca28cfbd,0.225,2,551b63a23e2a|f207b02f1347,Nicolas|Nahim,1|2,17.833|5.753,20,0,17
1790904136447345184,Vania,85ceca28cfbd,0.424,2,551b63a23e2a|f207b02f1347,Nicolas|Nahim,1|2,18.033|5.953,20,0,17
1790904136647581408,Vania,85ceca28cfbd,0.624,3,551b63a23e2a|f207b02f1347|fa0d7d7c2eb8,Nicolas|Nahim|Sebastian,1|2|3,18.233|6.153|0.111,21,0,17
1790904136848018656,Vania,85ceca28cfbd,0.825,3,551b63a23e2a|f207b02f1347|fa0d7d7c2eb8,Nicolas|Nahim|Sebastian,1|2|3,18.433|6.354|0.312,21,0,17
1790904137047288160,Vania,85ceca28cfbd,1.024,3,551b63a23e2a|f207b02f1347|fa0d7d7c2eb8,Nicolas|Nahim|Sebastian,1|2|3,18.633|6.553|0.511,21,0,17
1790904137247859616,Vania,85ceca28cfbd,1.225,3,551b63a23e2a|f207b02f1347|fa0d7d7c2eb8,Nicolas|Nahim|Sebastian,1|2|3,18.833|6.753|0.712,21,0,17
1790904137447386720,Vania,85ceca28cfbd,1.424,3,551b63a23e2a|f207b02f1347|fa0d7d7c2eb8,Nicolas|Nahim|Sebastian,1|2|3,19.033|6.953|0.911,21,0,17
1790904137647544160,Vania,85ceca28cfbd,1.624,3,551b63a23e2a|f207b02f1347|fa0d7d7c2eb8,Nicolas|Nahim|Sebastian,1|2|3,19.233|7.153|1.111,21,0,17
1790904137847905216,Vania,85ceca28cfbd,1.825,3,551b63a23e2a|f207b02f1347|fa0d7d7c2eb8,Nicolas|Nahim|Sebastian,1|2|3,19.433|7.353|1.312,21,0,17
1790904138048082432,Vania,85ceca28cfbd,2.025,3,551b63a23e2a|f207b02f1347|fa0d7d7c2eb8,Nicolas|Nahim|Sebastian,1|2|3,19.633|7.554|1.512,21,0,17
1790904138248023968,Vania,85ceca28cfbd,2.225,3,551b63a23e2a|f207b02f1347|fa0d7d7c2eb8,Nicolas|Nahim|Sebastian,1|2|3,19.833|7.754|1.712,21,0,17
1790904138447850976,Vania,85ceca28cfbd,2.425,3,551b63a23e2a|f207b02f1347|fa0d7d7c2eb8,Nicolas|Nahim|Sebastian,1|2|3,20.033|7.953|1.912,21,0,17
1790904138648013824,Vania,85ceca28cfbd,2.625,3,551b63a23e2a|f207b02f1347|fa0d7d7c2eb8,Nicolas|Nahim|Sebastian,1|2|3,20.233|8.154|2.112,21,0,17
1790904138847769120,Vania,85ceca28cfbd,2.825,3,551b63a23e2a|f207b02f1347|fa0d7d7c2eb8,Nicolas|Nahim|Sebastian,1|2|3,20.433|8.353|2.312,21,0,17
1790904139053775232,Nicolas,551b63a23e2a,0.007,2,f207b02f1347|fa0d7d7c2eb8,Nahim|Sebastian,2|3,8.558|2.517,21,0,18
1790904139247834944,Nicolas,551b63a23e2a,0.203,2,f207b02f1347|fa0d7d7c2eb8,Nahim|Sebastian,2|3,8.754|2.712,21,0,18
1790904139448142592,Nicolas,551b63a23e2a,0.403,2,f207b02f1347|fa0d7d7c2eb8,Nahim|Sebastian,2|3,8.954|2.912,21,0,18
1790904139647193152,Nicolas,551b63a23e2a,0.602,3,f207b02f1347|fa0d7d7c2eb8|8d1ac7142b4b,Nahim|Sebastian|Vania,2|3|4,9.153|3.111|0.086,22,0,18
1790904139847966112,Nicolas,551b63a23e2a,0.803,3,f207b02f1347|fa0d7d7c2eb8|8d1ac7142b4b,Nahim|Sebastian|Vania,2|3|4,9.354|3.312|0.287,22,0,18
1790904140047392192,Nicolas,551b63a23e2a,1.002,3,f207b02f1347|fa0d7d7c2eb8|8d1ac7142b4b,Nahim|Sebastian|Vania,2|3|4,9.553|3.511|0.486,22,0,18
1790904140247900864,Nicolas,551b63a23e2a,1.202,3,f207b02f1347|fa0d7d7c2eb8|8d1ac7142b4b,Nahim|Sebastian|Vania,2|3|4,9.753|3.712|0.687,22,0,18
1790904140448071648,Nicolas,551b63a23e2a,1.403,3,f207b02f1347|fa0d7d7c2eb8|8d1ac7142b4b,Nahim|Sebastian|Vania,2|3|4,9.954|3.912|0.887,22,0,18
1790904140648047072,Nicolas,551b63a23e2a,1.603,3,f207b02f1347|fa0d7d7c2eb8|8d1ac7142b4b,Nahim|Sebastian|Vania,2|3|4,10.154|4.112|1.087,22,0,18
1790904140847955264,Nicolas,551b63a23e2a,1.803,3,f207b02f1347|fa0d7d7c2eb8|8d1ac7142b4b,Nahim|Sebastian|Vania,2|3|4,10.354|4.312|1.287,22,0,18
1790904141048086688,Nicolas,551b63a23e2a,2.003,3,f207b02f1347|fa0d7d7c2eb8|8d1ac7142b4b,Nahim|Sebastian|Vania,2|3|4,10.554|4.512|1.487,22,0,18
1790904141248017760,Nicolas,551b63a23e2a,2.203,3,f207b02f1347|fa0d7d7c2eb8|8d1ac7142b4b,Nahim|Sebastian|Vania,2|3|4,10.754|4.712|1.687,22,0,18
1790904141448087168,Nicolas,551b63a23e2a,2.403,3,f207b02f1347|fa0d7d7c2eb8|8d1ac7142b4b,Nahim|Sebastian|Vania,2|3|4,10.954|4.912|1.887,22,0,18
1790904141648414720,Nicolas,551b63a23e2a,2.603,3,f207b02f1347|fa0d7d7c2eb8|8d1ac7142b4b,Nahim|Sebastian|Vania,2|3|4,11.154|5.112|2.087,22,0,18
1790904141847312096,Nicolas,551b63a23e2a,2.802,3,f207b02f1347|fa0d7d7c2eb8|8d1ac7142b4b,Nahim|Sebastian|Vania,2|3|4,11.353|5.311|2.286,22,0,18
1790904142047931456,Nicolas,551b63a23e2a,3.003,3,f207b02f1347|fa0d7d7c2eb8|8d1ac7142b4b,Nahim|Sebastian|Vania,2|3|4,11.554|5.512|2.487,22,0,18
1790904142247954304,Vania,8d1ac7142b4b,0.184,2,f207b02f1347|fa0d7d7c2eb8,Nahim|Sebastian,2|3,11.754|5.712,22,0,19
1790904142448054176,Vania,8d1ac7142b4b,0.384,2,f207b02f1347|fa0d7d7c2eb8,Nahim|Sebastian,2|3,11.954|5.912,22,0,19
1790904142647944544,Vania,8d1ac7142b4b,0.584,3,f207b02f1347|fa0d7d7c2eb8|c42c8442eda4,Nahim|Sebastian|Nicolas,2|3|1,12.154|6.112|0.073,23,0,19
1790904142848040928,Vania,8d1ac7142b4b,0.784,3,f207b02f1347|fa0d7d7c2eb8|c42c8442eda4,Nahim|Sebastian|Nicolas,2|3|1,12.354|6.312|0.273,23,0,19
1790904143048472672,Vania,8d1ac7142b4b,0.984,3,f207b02f1347|fa0d7d7c2eb8|c42c8442eda4,Nahim|Sebastian|Nicolas,2|3|1,12.554|6.512|0.473,23,0,19
1790904143247510752,Vania,8d1ac7142b4b,1.183,3,f207b02f1347|fa0d7d7c2eb8|c42c8442eda4,Nahim|Sebastian|Nicolas,2|3|1,12.753|6.711|0.673,23,0,19
1790904143448171552,Vania,8d1ac7142b4b,1.384,3,f207b02f1347|fa0d7d7c2eb8|c42c8442eda4,Nahim|Sebastian|Nicolas,2|3|1,12.954|6.912|0.873,23,0,19
1790904143647364128,Vania,8d1ac7142b4b,1.583,3,f207b02f1347|fa0d7d7c2eb8|c42c8442eda4,Nahim|Sebastian|Nicolas,2|3|1,13.153|7.111|1.072,23,0,19
1790904143848117888,Vania,8d1ac7142b4b,1.784,3,f207b02f1347|fa0d7d7c2eb8|c42c8442eda4,Nahim|Sebastian|Nicolas,2|3|1,13.354|7.312|1.273,23,0,19
1790904144047572576,Vania,8d1ac7142b4b,1.983,3,f207b02f1347|fa0d7d7c2eb8|c42c8442eda4,Nahim|Sebastian|Nicolas,2|3|1,13.553|7.511|1.473,23,0,19
1790904144247935904,Vania,8d1ac7142b4b,2.184,3,f207b02f1347|fa0d7d7c2eb8|c42c8442eda4,Nahim|Sebastian|Nicolas,2|3|1,13.754|7.712|1.673,23,0,19
1790904144447988960,Vania,8d1ac7142b4b,2.384,3,f207b02f1347|fa0d7d7c2eb8|c42c8442eda4,Nahim|Sebastian|Nicolas,2|3|1,13.954|7.912|1.873,23,0,19
1790904144648006112,Vania,8d1ac7142b4b,2.584,3,f207b02f1347|fa0d7d7c2eb8|c42c8442eda4,Nahim|Sebastian|Nicolas,2|3|1,14.154|8.112|2.073,23,0,19
1790904144847956736,Vania,8d1ac7142b4b,2.784,3,f207b02f1347|fa0d7d7c2eb8|c42c8442eda4,Nahim|Sebastian|Nicolas,2|3|1,14.354|8.312|2.273,23,0,19
1790904145048053472,Vania,8d1ac7142b4b,2.984,3,f207b02f1347|fa0d7d7c2eb8|c42c8442eda4,Nahim|Sebastian|Nicolas,2|3|1,14.554|8.512|2.473,23,0,19
1790904145247998464,Sebastian,fa0d7d7c2eb8,0.165,2,f207b02f1347|c42c8442eda4,Nahim|Nicolas,2|1,14.754|2.673,23,0,20
1790904145447900416,Sebastian,fa0d7d7c2eb8,0.365,2,f207b02f1347|c42c8442eda4,Nahim|Nicolas,2|1,14.954|2.873,23,0,20
1790904145647846208,Sebastian,fa0d7d7c2eb8,0.565,3,f207b02f1347|c42c8442eda4|29d5161f1464,Nahim|Nicolas|Vania,2|1|4,15.153|3.073|0.052,24,0,20
1790904145847814592,Sebastian,fa0d7d7c2eb8,0.765,3,f207b02f1347|c42c8442eda4|29d5161f1464,Nahim|Nicolas|Vania,2|1|4,15.353|3.273|0.252,24,0,20
1790904146048055136,Sebastian,fa0d7d7c2eb8,0.965,3,f207b02f1347|c42c8442eda4|29d5161f1464,Nahim|Nicolas|Vania,2|1|4,15.554|3.473|0.452,24,0,20
1790904146248085440,Sebastian,fa0d7d7c2eb8,1.165,3,f207b02f1347|c42c8442eda4|29d5161f1464,Nahim|Nicolas|Vania,2|1|4,15.754|3.673|0.652,24,0,20
1790904146447953568,Sebastian,fa0d7d7c2eb8,1.365,3,f207b02f1347|c42c8442eda4|29d5161f1464,Nahim|Nicolas|Vania,2|1|4,15.954|3.873|0.852,24,0,20
1790904146647628928,Sebastian,fa0d7d7c2eb8,1.564,3,f207b02f1347|c42c8442eda4|29d5161f1464,Nahim|Nicolas|Vania,2|1|4,16.153|4.073|1.051,24,0,20
1790904146848046816,Sebastian,fa0d7d7c2eb8,1.765,3,f207b02f1347|c42c8442eda4|29d5161f1464,Nahim|Nicolas|Vania,2|1|4,16.354|4.273|1.252,24,0,20
1790904147047649024,Sebastian,fa0d7d7c2eb8,1.964,3,f207b02f1347|c42c8442eda4|29d5161f1464,Nahim|Nicolas|Vania,2|1|4,16.553|4.473|1.452,24,0,20
1790904147248119968,Sebastian,fa0d7d7c2eb8,2.165,3,f207b02f1347|c42c8442eda4|29d5161f1464,Nahim|Nicolas|Vania,2|1|4,16.754|4.673|1.652,24,0,20
1790904147447974848,Sebastian,fa0d7d7c2eb8,2.365,3,f207b02f1347|c42c8442eda4|29d5161f1464,Nahim|Nicolas|Vania,2|1|4,16.954|4.873|1.852,24,0,20
1790904147648054880,Sebastian,fa0d7d7c2eb8,2.565,3,f207b02f1347|c42c8442eda4|29d5161f1464,Nahim|Nicolas|Vania,2|1|4,17.154|5.073|2.052,24,0,20
1790904147848007616,Sebastian,fa0d7d7c2eb8,2.765,3,f207b02f1347|c42c8442eda4|29d5161f1464,Nahim|Nicolas|Vania,2|1|4,17.354|5.273|2.252,24,0,20
1790904148048093472,Sebastian,fa0d7d7c2eb8,2.965,3,f207b02f1347|c42c8442eda4|29d5161f1464,Nahim|Nicolas|Vania,2|1|4,17.554|5.473|2.452,24,0,20
1790904148247871872,Vania,29d5161f1464,0.146,2,f207b02f1347|c42c8442eda4,Nahim|Nicolas,2|1,17.754|5.673,24,0,21
1790904148447809824,Vania,29d5161f1464,0.346,2,f207b02f1347|c42c8442eda4,Nahim|Nicolas,2|1,17.953|5.873,24,0,21
1790904148647545440,Vania,29d5161f1464,0.546,3,f207b02f1347|c42c8442eda4|6a69f5637390,Nahim|Nicolas|Sebastian,2|1|3,18.153|6.073|0.034,25,0,21
1790904148847681760,Vania,29d5161f1464,0.746,3,f207b02f1347|c42c8442eda4|6a69f5637390,Nahim|Nicolas|Sebastian,2|1|3,18.353|6.273|0.234,25,0,21
1790904149047879296,Vania,29d5161f1464,0.946,3,f207b02f1347|c42c8442eda4|6a69f5637390,Nahim|Nicolas|Sebastian,2|1|3,18.553|6.473|0.434,25,0,21
1790904149248140096,Vania,29d5161f1464,1.146,3,f207b02f1347|c42c8442eda4|6a69f5637390,Nahim|Nicolas|Sebastian,2|1|3,18.754|6.673|0.634,25,0,21
1790904149447416576,Vania,29d5161f1464,1.346,3,f207b02f1347|c42c8442eda4|6a69f5637390,Nahim|Nicolas|Sebastian,2|1|3,18.953|6.872|0.834,25,0,21
1790904149647859424,Vania,29d5161f1464,1.546,3,f207b02f1347|c42c8442eda4|6a69f5637390,Nahim|Nicolas|Sebastian,2|1|3,19.153|7.073|1.034,25,0,21
1790904149848148256,Vania,29d5161f1464,1.746,3,f207b02f1347|c42c8442eda4|6a69f5637390,Nahim|Nicolas|Sebastian,2|1|3,19.354|7.273|1.234,25,0,21
1790904150047956832,Vania,29d5161f1464,1.946,3,f207b02f1347|c42c8442eda4|6a69f5637390,Nahim|Nicolas|Sebastian,2|1|3,19.554|7.473|1.434,25,0,21
1790904150247847840,Vania,29d5161f1464,2.146,3,f207b02f1347|c42c8442eda4|6a69f5637390,Nahim|Nicolas|Sebastian,2|1|3,19.753|7.673|1.634,25,0,21
1790904150448072480,Vania,29d5161f1464,2.346,3,f207b02f1347|c42c8442eda4|6a69f5637390,Nahim|Nicolas|Sebastian,2|1|3,19.954|7.873|1.834,25,0,21
1790904150647811360,Vania,29d5161f1464,2.545,3,f207b02f1347|c42c8442eda4|6a69f5637390,Nahim|Nicolas|Sebastian,2|1|3,20.153|8.072|2.034,25,0,21
1790904150847864096,Vania,29d5161f1464,2.746,3,f207b02f1347|c42c8442eda4|6a69f5637390,Nahim|Nicolas|Sebastian,2|1|3,20.353|8.273|2.234,25,0,21
1790904151047487776,Vania,29d5161f1464,2.946,3,f207b02f1347|c42c8442eda4|6a69f5637390,Nahim|Nicolas|Sebastian,2|1|3,20.553|8.473|2.434,25,0,21
1790904151248013344,Nahim,f207b02f1347,0.126,2,c42c8442eda4|6a69f5637390,Nicolas|Sebastian,1|3,8.673|2.634,25,0,22
1790904151447707200,Nahim,f207b02f1347,0.325,2,c42c8442eda4|6a69f5637390,Nicolas|Sebastian,1|3,8.873|2.834,25,0,22
1790904151647356192,Nahim,f207b02f1347,0.525,3,c42c8442eda4|6a69f5637390|b04c2b4dc5ec,Nicolas|Sebastian|Vania,1|3|4,9.072|3.034|0.012,26,0,22
1790904151847298208,Nahim,f207b02f1347,0.725,3,c42c8442eda4|6a69f5637390|b04c2b4dc5ec,Nicolas|Sebastian|Vania,1|3|4,9.272|3.234|0.212,26,0,22
1790904152047843456,Nahim,f207b02f1347,0.926,3,c42c8442eda4|6a69f5637390|b04c2b4dc5ec,Nicolas|Sebastian|Vania,1|3|4,9.473|3.434|0.413,26,0,22
1790904152247895424,Nahim,f207b02f1347,1.126,3,c42c8442eda4|6a69f5637390|b04c2b4dc5ec,Nicolas|Sebastian|Vania,1|3|4,9.673|3.634|0.613,26,0,22
1790904152447970304,Nahim,f207b02f1347,1.326,3,c42c8442eda4|6a69f5637390|b04c2b4dc5ec,Nicolas|Sebastian|Vania,1|3|4,9.873|3.834|0.813,26,0,22
1790904152647774304,Nahim,f207b02f1347,1.525,3,c42c8442eda4|6a69f5637390|b04c2b4dc5ec,Nicolas|Sebastian|Vania,1|3|4,10.073|4.034|1.012,26,0,22
1790904152847629376,Nahim,f207b02f1347,1.725,3,c42c8442eda4|6a69f5637390|b04c2b4dc5ec,Nicolas|Sebastian|Vania,1|3|4,10.273|4.234|1.212,26,0,22
1790904153047229568,Nahim,f207b02f1347,1.925,3,c42c8442eda4|6a69f5637390|b04c2b4dc5ec,Nicolas|Sebastian|Vania,1|3|4,10.472|4.434|1.412,26,0,22
1790904153247627712,Nahim,f207b02f1347,2.125,3,c42c8442eda4|6a69f5637390|b04c2b4dc5ec,Nicolas|Sebastian|Vania,1|3|4,10.673|4.634|1.612,26,0,22
1790904153448068672,Nahim,f207b02f1347,2.326,3,c42c8442eda4|6a69f5637390|b04c2b4dc5ec,Nicolas|Sebastian|Vania,1|3|4,10.873|4.834|1.813,26,0,22
1790904153647822528,Nahim,f207b02f1347,2.526,3,c42c8442eda4|6a69f5637390|b04c2b4dc5ec,Nicolas|Sebastian|Vania,1|3|4,11.073|5.034|2.013,26,0,22
1790904153847707744,Nahim,f207b02f1347,2.725,3,c42c8442eda4|6a69f5637390|b04c2b4dc5ec,Nicolas|Sebastian|Vania,1|3|4,11.273|5.234|2.212,26,0,22
1790904154047294624,Nahim,f207b02f1347,2.925,3,c42c8442eda4|6a69f5637390|b04c2b4dc5ec,Nicolas|Sebastian|Vania,1|3|4,11.472|5.434|2.412,26,0,22
1790904154247757728,Vania,b04c2b4dc5ec,0.106,2,c42c8442eda4|6a69f5637390,Nicolas|Sebastian,1|3,11.673|5.634,26,0,23
1790904154449378528,Vania,b04c2b4dc5ec,0.307,2,c42c8442eda4|6a69f5637390,Nicolas|Sebastian,1|3,11.874|5.836,26,0,23
1790904154647822496,Vania,b04c2b4dc5ec,0.506,2,c42c8442eda4|6a69f5637390,Nicolas|Sebastian,1|3,12.073|6.034,26,0,23
1790904154848182528,Vania,b04c2b4dc5ec,0.706,3,c42c8442eda4|6a69f5637390|6a730cea0c8c,Nicolas|Sebastian|Nahim,1|3|2,12.273|6.234|0.190,27,0,23
1790904155048098912,Vania,b04c2b4dc5ec,0.906,3,c42c8442eda4|6a69f5637390|6a730cea0c8c,Nicolas|Sebastian|Nahim,1|3|2,12.473|6.434|0.390,27,0,23
1790904155247961152,Vania,b04c2b4dc5ec,1.106,3,c42c8442eda4|6a69f5637390|6a730cea0c8c,Nicolas|Sebastian|Nahim,1|3|2,12.673|6.634|0.589,27,0,23
1790904155448018624,Vania,b04c2b4dc5ec,1.306,3,c42c8442eda4|6a69f5637390|6a730cea0c8c,Nicolas|Sebastian|Nahim,1|3|2,12.873|6.834|0.790,27,0,23
1790904155647976064,Vania,b04c2b4dc5ec,1.506,3,c42c8442eda4|6a69f5637390|6a730cea0c8c,Nicolas|Sebastian|Nahim,1|3|2,13.073|7.034|0.989,27,0,23
1790904155847668576,Vania,b04c2b4dc5ec,1.706,3,c42c8442eda4|6a69f5637390|6a730cea0c8c,Nicolas|Sebastian|Nahim,1|3|2,13.273|7.234|1.189,27,0,23
1790904156048081344,Vania,b04c2b4dc5ec,1.906,3,c42c8442eda4|6a69f5637390|6a730cea0c8c,Nicolas|Sebastian|Nahim,1|3|2,13.473|7.434|1.390,27,0,23
1790904156247913248,Vania,b04c2b4dc5ec,2.106,3,c42c8442eda4|6a69f5637390|6a730cea0c8c,Nicolas|Sebastian|Nahim,1|3|2,13.673|7.634|1.590,27,0,23
1790904156447989824,Vania,b04c2b4dc5ec,2.306,3,c42c8442eda4|6a69f5637390|6a730cea0c8c,Nicolas|Sebastian|Nahim,1|3|2,13.873|7.834|1.790,27,0,23
1790904156647755936,Vania,b04c2b4dc5ec,2.506,3,c42c8442eda4|6a69f5637390|6a730cea0c8c,Nicolas|Sebastian|Nahim,1|3|2,14.073|8.034|1.989,27,0,23
1790904156848036256,Vania,b04c2b4dc5ec,2.706,3,c42c8442eda4|6a69f5637390|6a730cea0c8c,Nicolas|Sebastian|Nahim,1|3|2,14.273|8.234|2.190,27,0,23
1790904157048007520,Vania,b04c2b4dc5ec,2.906,3,c42c8442eda4|6a69f5637390|6a730cea0c8c,Nicolas|Sebastian|Nahim,1|3|2,14.473|8.434|2.390,27,0,23
1790904157247859200,Sebastian,6a69f5637390,0.085,2,c42c8442eda4|6a730cea0c8c,Nicolas|Nahim,1|2,14.673|2.589,27,0,24
1790904157447970688,Sebastian,6a69f5637390,0.285,2,c42c8442eda4|6a730cea0c8c,Nicolas|Nahim,1|2,14.873|2.790,27,0,24
1790904157647979616,Sebastian,6a69f5637390,0.485,2,c42c8442eda4|6a730cea0c8c,Nicolas|Nahim,1|2,15.073|2.990,27,0,24
1790904157847580768,Sebastian,6a69f5637390,0.685,3,c42c8442eda4|6a730cea0c8c|5faf067dd7e7,Nicolas|Nahim|Vania,1|2|4,15.273|3.189|0.173,28,0,24
1790904158047923392,Sebastian,6a69f5637390,0.885,3,c42c8442eda4|6a730cea0c8c|5faf067dd7e7,Nicolas|Nahim|Vania,1|2|4,15.473|3.389|0.373,28,0,24
1790904158247965952,Sebastian,6a69f5637390,1.085,3,c42c8442eda4|6a730cea0c8c|5faf067dd7e7,Nicolas|Nahim|Vania,1|2|4,15.673|3.589|0.573,28,0,24
1790904158447624960,Sebastian,6a69f5637390,1.285,3,c42c8442eda4|6a730cea0c8c|5faf067dd7e7,Nicolas|Nahim|Vania,1|2|4,15.873|3.789|0.773,28,0,24
1790904158648002688,Sebastian,6a69f5637390,1.485,3,c42c8442eda4|6a730cea0c8c|5faf067dd7e7,Nicolas|Nahim|Vania,1|2|4,16.073|3.990|0.973,28,0,24
1790904158847361632,Sebastian,6a69f5637390,1.684,3,c42c8442eda4|6a730cea0c8c|5faf067dd7e7,Nicolas|Nahim|Vania,1|2|4,16.272|4.189|1.173,28,0,24
1790904159047361536,Sebastian,6a69f5637390,1.884,3,c42c8442eda4|6a730cea0c8c|5faf067dd7e7,Nicolas|Nahim|Vania,1|2|4,16.472|4.389|1.373,28,0,24
1790904159247971744,Sebastian,6a69f5637390,2.085,3,c42c8442eda4|6a730cea0c8c|5faf067dd7e7,Nicolas|Nahim|Vania,1|2|4,16.673|4.590|1.573,28,0,24
1790904159448115712,Sebastian,6a69f5637390,2.285,3,c42c8442eda4|6a730cea0c8c|5faf067dd7e7,Nicolas|Nahim|Vania,1|2|4,16.873|4.790|1.773,28,0,24
1790904159648077920,Sebastian,6a69f5637390,2.485,3,c42c8442eda4|6a730cea0c8c|5faf067dd7e7,Nicolas|Nahim|Vania,1|2|4,17.073|4.990|1.973,28,0,24
1790904159847862464,Sebastian,6a69f5637390,2.685,3,c42c8442eda4|6a730cea0c8c|5faf067dd7e7,Nicolas|Nahim|Vania,1|2|4,17.273|5.190|2.173,28,0,24
1790904160048058208,Sebastian,6a69f5637390,2.885,3,c42c8442eda4|6a730cea0c8c|5faf067dd7e7,Nicolas|Nahim|Vania,1|2|4,17.473|5.390|2.373,28,0,24
1790904160247274144,Vania,5faf067dd7e7,0.061,2,c42c8442eda4|6a730cea0c8c,Nicolas|Nahim,1|2,17.672|5.589,28,0,25
1790904160448000576,Vania,5faf067dd7e7,0.262,2,c42c8442eda4|6a730cea0c8c,Nicolas|Nahim,1|2,17.873|5.790,28,0,25
1790904160647279584,Vania,5faf067dd7e7,0.461,2,c42c8442eda4|6a730cea0c8c,Nicolas|Nahim,1|2,18.072|5.989,28,0,25
1790904160847940128,Vania,5faf067dd7e7,0.662,3,c42c8442eda4|6a730cea0c8c|eabe0bd42693,Nicolas|Nahim|Sebastian,1|2|3,18.273|6.189|0.153,29,0,25
1790904161047524512,Vania,5faf067dd7e7,0.861,3,c42c8442eda4|6a730cea0c8c|eabe0bd42693,Nicolas|Nahim|Sebastian,1|2|3,18.472|6.389|0.353,29,0,25
1790904161247892064,Vania,5faf067dd7e7,1.062,3,c42c8442eda4|6a730cea0c8c|eabe0bd42693,Nicolas|Nahim|Sebastian,1|2|3,18.673|6.589|0.553,29,0,25
1790904161447531296,Vania,5faf067dd7e7,1.261,3,c42c8442eda4|6a730cea0c8c|eabe0bd42693,Nicolas|Nahim|Sebastian,1|2|3,18.873|6.789|0.753,29,0,25
1790904161647908352,Vania,5faf067dd7e7,1.462,3,c42c8442eda4|6a730cea0c8c|eabe0bd42693,Nicolas|Nahim|Sebastian,1|2|3,19.073|6.989|0.953,29,0,25
1790904161847963296,Vania,5faf067dd7e7,1.662,3,c42c8442eda4|6a730cea0c8c|eabe0bd42693,Nicolas|Nahim|Sebastian,1|2|3,19.273|7.190|1.153,29,0,25
1790904162047892032,Vania,5faf067dd7e7,1.862,3,c42c8442eda4|6a730cea0c8c|eabe0bd42693,Nicolas|Nahim|Sebastian,1|2|3,19.473|7.389|1.353,29,0,25
1790904162247945952,Vania,5faf067dd7e7,2.062,3,c42c8442eda4|6a730cea0c8c|eabe0bd42693,Nicolas|Nahim|Sebastian,1|2|3,19.673|7.589|1.553,29,0,25
1790904162447959072,Vania,5faf067dd7e7,2.262,3,c42c8442eda4|6a730cea0c8c|eabe0bd42693,Nicolas|Nahim|Sebastian,1|2|3,19.873|7.789|1.753,29,0,25
1790904162648030624,Vania,5faf067dd7e7,2.462,3,c42c8442eda4|6a730cea0c8c|eabe0bd42693,Nicolas|Nahim|Sebastian,1|2|3,20.073|7.990|1.953,29,0,25
1790904162848125216,Vania,5faf067dd7e7,2.662,3,c42c8442eda4|6a730cea0c8c|eabe0bd42693,Nicolas|Nahim|Sebastian,1|2|3,20.273|8.190|2.154,29,0,25
1790904163048384096,Vania,5faf067dd7e7,2.862,3,c42c8442eda4|6a730cea0c8c|eabe0bd42693,Nicolas|Nahim|Sebastian,1|2|3,20.473|8.390|2.354,29,0,25
1790904163247501024,Nicolas,c42c8442eda4,0.039,2,6a730cea0c8c|eabe0bd42693,Nahim|Sebastian,2|3,8.589|2.553,29,0,26
1790904163448098240,Nicolas,c42c8442eda4,0.240,2,6a730cea0c8c|eabe0bd42693,Nahim|Sebastian,2|3,8.790|2.753,29,0,26
1790904163647252768,Nicolas,c42c8442eda4,0.439,2,6a730cea0c8c|eabe0bd42693,Nahim|Sebastian,2|3,8.989|2.953,29,0,26
1790904163847876544,Nicolas,c42c8442eda4,0.640,3,6a730cea0c8c|eabe0bd42693|cccde92cee86,Nahim|Sebastian|Vania,2|3|4,9.189|3.153|0.128,30,0,26
1790904164048033600,Nicolas,c42c8442eda4,0.840,3,6a730cea0c8c|eabe0bd42693|cccde92cee86,Nahim|Sebastian|Vania,2|3|4,9.390|3.353|0.328,30,0,26
1790904164247919200,Nicolas,c42c8442eda4,1.040,3,6a730cea0c8c|eabe0bd42693|cccde92cee86,Nahim|Sebastian|Vania,2|3|4,9.589|3.553|0.528,30,0,26
1790904164447878528,Nicolas,c42c8442eda4,1.240,3,6a730cea0c8c|eabe0bd42693|cccde92cee86,Nahim|Sebastian|Vania,2|3|4,9.789|3.753|0.728,30,0,26
1790904164647501152,Nicolas,c42c8442eda4,1.439,3,6a730cea0c8c|eabe0bd42693|cccde92cee86,Nahim|Sebastian|Vania,2|3|4,9.989|3.953|0.928,30,0,26
1790904164847979232,Nicolas,c42c8442eda4,1.640,3,6a730cea0c8c|eabe0bd42693|cccde92cee86,Nahim|Sebastian|Vania,2|3|4,10.190|4.153|1.128,30,0,26
1790904165047392224,Nicolas,c42c8442eda4,1.839,3,6a730cea0c8c|eabe0bd42693|cccde92cee86,Nahim|Sebastian|Vania,2|3|4,10.389|4.353|1.328,30,0,26
1790904165248077536,Nicolas,c42c8442eda4,2.040,3,6a730cea0c8c|eabe0bd42693|cccde92cee86,Nahim|Sebastian|Vania,2|3|4,10.590|4.553|1.528,30,0,26
1790904165447894816,Nicolas,c42c8442eda4,2.240,3,6a730cea0c8c|eabe0bd42693|cccde92cee86,Nahim|Sebastian|Vania,2|3|4,10.790|4.753|1.728,30,0,26
1790904165648171936,Nicolas,c42c8442eda4,2.440,3,6a730cea0c8c|eabe0bd42693|cccde92cee86,Nahim|Sebastian|Vania,2|3|4,10.989|4.953|1.928,30,0,26
1790904165847968512,Nicolas,c42c8442eda4,2.640,3,6a730cea0c8c|eabe0bd42693|cccde92cee86,Nahim|Sebastian|Vania,2|3|4,11.190|5.153|2.128,30,0,26
1790904166048045344,Nicolas,c42c8442eda4,2.840,3,6a730cea0c8c|eabe0bd42693|cccde92cee86,Nahim|Sebastian|Vania,2|3|4,11.390|5.353|2.328,30,0,26
1790904166247654496,Vania,cccde92cee86,0.019,2,6a730cea0c8c|eabe0bd42693,Nahim|Sebastian,2|3,11.589|5.553,30,0,27
1790904166448458592,Vania,cccde92cee86,0.220,2,6a730cea0c8c|eabe0bd42693,Nahim|Sebastian,2|3,11.790|5.754,30,0,27
1790904166647993312,Vania,cccde92cee86,0.420,2,6a730cea0c8c|eabe0bd42693,Nahim|Sebastian,2|3,11.990|5.953,30,0,27
1790904166847912448,Vania,cccde92cee86,0.620,3,6a730cea0c8c|eabe0bd42693|02139bc3d03e,Nahim|Sebastian|Nicolas,2|3|1,12.189|6.153|0.107,31,0,27
1790904167047986912,Vania,cccde92cee86,0.820,3,6a730cea0c8c|eabe0bd42693|02139bc3d03e,Nahim|Sebastian|Nicolas,2|3|1,12.390|6.353|0.307,31,0,27
1790904167247534112,Vania,cccde92cee86,1.019,3,6a730cea0c8c|eabe0bd42693|02139bc3d03e,Nahim|Sebastian|Nicolas,2|3|1,12.589|6.553|0.506,31,0,27
1790904167447703136,Vania,cccde92cee86,1.219,3,6a730cea0c8c|eabe0bd42693|02139bc3d03e,Nahim|Sebastian|Nicolas,2|3|1,12.789|6.753|0.706,31,0,27
1790904167647567680,Vania,cccde92cee86,1.419,3,6a730cea0c8c|eabe0bd42693|02139bc3d03e,Nahim|Sebastian|Nicolas,2|3|1,12.989|6.953|0.906,31,0,27
1790904167848055456,Vania,cccde92cee86,1.620,3,6a730cea0c8c|eabe0bd42693|02139bc3d03e,Nahim|Sebastian|Nicolas,2|3|1,13.190|7.153|1.107,31,0,27
1790904168047811296,Vania,cccde92cee86,1.819,3,6a730cea0c8c|eabe0bd42693|02139bc3d03e,Nahim|Sebastian|Nicolas,2|3|1,13.389|7.353|1.307,31,0,27
1790904168247752256,Vania,cccde92cee86,2.019,3,6a730cea0c8c|eabe0bd42693|02139bc3d03e,Nahim|Sebastian|Nicolas,2|3|1,13.589|7.553|1.506,31,0,27
1790904168448156416,Vania,cccde92cee86,2.220,3,6a730cea0c8c|eabe0bd42693|02139bc3d03e,Nahim|Sebastian|Nicolas,2|3|1,13.790|7.753|1.707,31,0,27
1790904168647779328,Vania,cccde92cee86,2.419,3,6a730cea0c8c|eabe0bd42693|02139bc3d03e,Nahim|Sebastian|Nicolas,2|3|1,13.989|7.953|1.907,31,0,27
1790904168847944928,Vania,cccde92cee86,2.620,3,6a730cea0c8c|eabe0bd42693|02139bc3d03e,Nahim|Sebastian|Nicolas,2|3|1,14.190|8.153|2.107,31,0,27
1790904169048038016,Vania,cccde92cee86,2.820,3,6a730cea0c8c|eabe0bd42693|02139bc3d03e,Nahim|Sebastian|Nicolas,2|3|1,14.390|8.353|2.307,31,0,27
1790904169249322976,Sebastian,eabe0bd42693,0.001,2,6a730cea0c8c|02139bc3d03e,Nahim|Nicolas,2|1,14.591|2.508,31,0,28
1790904169448028704,Sebastian,eabe0bd42693,0.200,2,6a730cea0c8c|02139bc3d03e,Nahim|Nicolas,2|1,14.790|2.707,31,0,28
1790904169647908512,Sebastian,eabe0bd42693,0.400,2,6a730cea0c8c|02139bc3d03e,Nahim|Nicolas,2|1,14.989|2.907,31,0,28
1790904169847495520,Sebastian,eabe0bd42693,0.599,3,6a730cea0c8c|02139bc3d03e|29150de74f29,Nahim|Nicolas|Vania,2|1|4,15.189|3.106|0.088,32,0,28
1790904170048091360,Sebastian,eabe0bd42693,0.800,3,6a730cea0c8c|02139bc3d03e|29150de74f29,Nahim|Nicolas|Vania,2|1|4,15.390|3.307|0.288,32,0,28
1790904170247912544,Sebastian,eabe0bd42693,1.000,3,6a730cea0c8c|02139bc3d03e|29150de74f29,Nahim|Nicolas|Vania,2|1|4,15.589|3.507|0.488,32,0,28
1790904170447960704,Sebastian,eabe0bd42693,1.200,3,6a730cea0c8c|02139bc3d03e|29150de74f29,Nahim|Nicolas|Vania,2|1|4,15.789|3.707|0.688,32,0,28
1790904170647899936,Sebastian,eabe0bd42693,1.400,3,6a730cea0c8c|02139bc3d03e|29150de74f29,Nahim|Nicolas|Vania,2|1|4,15.989|3.907|0.888,32,0,28
1790904170847857856,Sebastian,eabe0bd42693,1.600,3,6a730cea0c8c|02139bc3d03e|29150de74f29,Nahim|Nicolas|Vania,2|1|4,16.189|4.107|1.088,32,0,28
1790904171047972640,Sebastian,eabe0bd42693,1.800,3,6a730cea0c8c|02139bc3d03e|29150de74f29,Nahim|Nicolas|Vania,2|1|4,16.389|4.307|1.288,32,0,28
1790904171247997728,Sebastian,eabe0bd42693,2.000,3,6a730cea0c8c|02139bc3d03e|29150de74f29,Nahim|Nicolas|Vania,2|1|4,16.590|4.507|1.488,32,0,28
1790904171447880032,Sebastian,eabe0bd42693,2.200,3,6a730cea0c8c|02139bc3d03e|29150de74f29,Nahim|Nicolas|Vania,2|1|4,16.789|4.707|1.688,32,0,28
1790904171647615648,Sebastian,eabe0bd42693,2.399,3,6a730cea0c8c|02139bc3d03e|29150de74f29,Nahim|Nicolas|Vania,2|1|4,16.989|4.906|1.888,32,0,28
1790904171847868736,Sebastian,eabe0bd42693,2.600,3,6a730cea0c8c|02139bc3d03e|29150de74f29,Nahim|Nicolas|Vania,2|1|4,17.189|5.107|2.088,32,0,28
1790904172050259552,Sebastian,eabe0bd42693,2.802,3,6a730cea0c8c|02139bc3d03e|29150de74f29,Nahim|Nicolas|Vania,2|1|4,17.392|5.309|2.291,32,0,28
1790904172248043104,Sebastian,eabe0bd42693,3.000,3,6a730cea0c8c|02139bc3d03e|29150de74f29,Nahim|Nicolas|Vania,2|1|4,17.590|5.507|2.488,32,0,28
1790904172447520576,Vania,29150de74f29,0.177,2,6a730cea0c8c|02139bc3d03e,Nahim|Nicolas,2|1,17.789|5.706,32,0,29
1790904172648330560,Vania,29150de74f29,0.377,2,6a730cea0c8c|02139bc3d03e,Nahim|Nicolas,2|1,17.990|5.907,32,0,29
1790904172847107968,Vania,29150de74f29,0.576,3,6a730cea0c8c|02139bc3d03e|e9b546299ef8,Nahim|Nicolas|Sebastian,2|1|3,18.189|6.106|0.062,33,0,29
1790904173048162848,Vania,29150de74f29,0.777,3,6a730cea0c8c|02139bc3d03e|e9b546299ef8,Nahim|Nicolas|Sebastian,2|1|3,18.390|6.307|0.263,33,0,29
1790904173247650112,Vania,29150de74f29,0.977,3,6a730cea0c8c|02139bc3d03e|e9b546299ef8,Nahim|Nicolas|Sebastian,2|1|3,18.589|6.506|0.463,33,0,29
1790904173448133472,Vania,29150de74f29,1.177,3,6a730cea0c8c|02139bc3d03e|e9b546299ef8,Nahim|Nicolas|Sebastian,2|1|3,18.790|6.707|0.663,33,0,29
1790904173647870144,Vania,29150de74f29,1.377,3,6a730cea0c8c|02139bc3d03e|e9b546299ef8,Nahim|Nicolas|Sebastian,2|1|3,18.989|6.907|0.863,33,0,29
1790904173847960000,Vania,29150de74f29,1.577,3,6a730cea0c8c|02139bc3d03e|e9b546299ef8,Nahim|Nicolas|Sebastian,2|1|3,19.190|7.107|1.063,33,0,29
1790904174047990912,Vania,29150de74f29,1.777,3,6a730cea0c8c|02139bc3d03e|e9b546299ef8,Nahim|Nicolas|Sebastian,2|1|3,19.390|7.307|1.263,33,0,29
1790904174247299488,Vania,29150de74f29,1.977,3,6a730cea0c8c|02139bc3d03e|e9b546299ef8,Nahim|Nicolas|Sebastian,2|1|3,19.589|7.506|1.462,33,0,29
1790904174447614656,Vania,29150de74f29,2.177,3,6a730cea0c8c|02139bc3d03e|e9b546299ef8,Nahim|Nicolas|Sebastian,2|1|3,19.789|7.706|1.662,33,0,29
1790904174647404640,Vania,29150de74f29,2.377,3,6a730cea0c8c|02139bc3d03e|e9b546299ef8,Nahim|Nicolas|Sebastian,2|1|3,19.989|7.906|1.862,33,0,29
1790904174847830528,Vania,29150de74f29,2.577,3,6a730cea0c8c|02139bc3d03e|e9b546299ef8,Nahim|Nicolas|Sebastian,2|1|3,20.189|8.107|2.063,33,0,29
1790904175047591520,Vania,29150de74f29,2.777,3,6a730cea0c8c|02139bc3d03e|e9b546299ef8,Nahim|Nicolas|Sebastian,2|1|3,20.389|8.306|2.262,33,0,29
1790904175247756032,Vania,29150de74f29,2.977,3,6a730cea0c8c|02139bc3d03e|e9b546299ef8,Nahim|Nicolas|Sebastian,2|1|3,20.589|8.506|2.463,33,0,29
1790904175448056032,Nahim,6a730cea0c8c,0.158,2,02139bc3d03e|e9b546299ef8,Nicolas|Sebastian,1|3,8.707|2.663,33,0,30
1790904175647570944,Nahim,6a730cea0c8c,0.358,2,02139bc3d03e|e9b546299ef8,Nicolas|Sebastian,1|3,8.906|2.862,33,0,30
1790904175847830624,Nahim,6a730cea0c8c,0.558,3,02139bc3d03e|e9b546299ef8|98e37025ac52,Nicolas|Sebastian|Vania,1|3|4,9.106|3.063|0.044,34,0,30
1790904176047961024,Nahim,6a730cea0c8c,0.758,3,02139bc3d03e|e9b546299ef8|98e37025ac52,Nicolas|Sebastian|Vania,1|3|4,9.307|3.263|0.244,34,0,30
1790904176247962848,Nahim,6a730cea0c8c,0.958,3,02139bc3d03e|e9b546299ef8|98e37025ac52,Nicolas|Sebastian|Vania,1|3|4,9.507|3.463|0.444,34,0,30
1790904176448081408,Nahim,6a730cea0c8c,1.158,3,02139bc3d03e|e9b546299ef8|98e37025ac52,Nicolas|Sebastian|Vania,1|3|4,9.707|3.663|0.644,34,0,30
1790904176647961600,Nahim,6a730cea0c8c,1.358,3,02139bc3d03e|e9b546299ef8|98e37025ac52,Nicolas|Sebastian|Vania,1|3|4,9.907|3.863|0.844,34,0,30
1790904176847303008,Nahim,6a730cea0c8c,1.558,3,02139bc3d03e|e9b546299ef8|98e37025ac52,Nicolas|Sebastian|Vania,1|3|4,10.106|4.062|1.043,34,0,30
1790904177048057600,Nahim,6a730cea0c8c,1.758,3,02139bc3d03e|e9b546299ef8|98e37025ac52,Nicolas|Sebastian|Vania,1|3|4,10.307|4.263|1.244,34,0,30
1790904177247938784,Nahim,6a730cea0c8c,1.958,3,02139bc3d03e|e9b546299ef8|98e37025ac52,Nicolas|Sebastian|Vania,1|3|4,10.507|4.463|1.444,34,0,30
1790904177447889312,Nahim,6a730cea0c8c,2.158,3,02139bc3d03e|e9b546299ef8|98e37025ac52,Nicolas|Sebastian|Vania,1|3|4,10.707|4.663|1.644,34,0,30
1790904177648238816,Nahim,6a730cea0c8c,2.358,3,02139bc3d03e|e9b546299ef8|98e37025ac52,Nicolas|Sebastian|Vania,1|3|4,10.907|4.863|1.844,34,0,30
1790904177847859808,Nahim,6a730cea0c8c,2.558,3,02139bc3d03e|e9b546299ef8|98e37025ac52,Nicolas|Sebastian|Vania,1|3|4,11.107|5.063|2.044,34,0,30
1790904178047371936,Nahim,6a730cea0c8c,2.758,3,02139bc3d03e|e9b546299ef8|98e37025ac52,Nicolas|Sebastian|Vania,1|3|4,11.306|5.262|2.243,34,0,30
1790904178247946464,Nahim,6a730cea0c8c,2.958,3,02139bc3d03e|e9b546299ef8|98e37025ac52,Nicolas|Sebastian|Vania,1|3|4,11.507|5.463|2.444,34,0,30
1790904178448209984,Vania,98e37025ac52,0.137,2,02139bc3d03e|e9b546299ef8,Nicolas|Sebastian,1|3,11.707|5.663,34,0,31
1790904178647992480,Vania,98e37025ac52,0.337,2,02139bc3d03e|e9b546299ef8,Nicolas|Sebastian,1|3,11.907|5.863,34,0,31
1790904178847547072,Vania,98e37025ac52,0.537,3,02139bc3d03e|e9b546299ef8|0df0eb9a70e5,Nicolas|Sebastian|Nahim,1|3|2,12.106|6.062|0.021,35,0,31
1790904179048138240,Vania,98e37025ac52,0.737,3,02139bc3d03e|e9b546299ef8|0df0eb9a70e5,Nicolas|Sebastian|Nahim,1|3|2,12.307|6.263|0.221,35,0,31
1790904179247805216,Vania,98e37025ac52,0.937,3,02139bc3d03e|e9b546299ef8|0df0eb9a70e5,Nicolas|Sebastian|Nahim,1|3|2,12.507|6.463|0.421,35,0,31
1790904179448167424,Vania,98e37025ac52,1.137,3,02139bc3d03e|e9b546299ef8|0df0eb9a70e5,Nicolas|Sebastian|Nahim,1|3|2,12.707|6.663|0.621,35,0,31
1790904179648233408,Vania,98e37025ac52,1.337,3,02139bc3d03e|e9b546299ef8|0df0eb9a70e5,Nicolas|Sebastian|Nahim,1|3|2,12.907|6.863|0.821,35,0,31
1790904179847439168,Vania,98e37025ac52,1.537,3,02139bc3d03e|e9b546299ef8|0df0eb9a70e5,Nicolas|Sebastian|Nahim,1|3|2,13.106|7.062|1.021,35,0,31
1790904180048112000,Vania,98e37025ac52,1.737,3,02139bc3d03e|e9b546299ef8|0df0eb9a70e5,Nicolas|Sebastian|Nahim,1|3|2,13.307|7.263|1.221,35,0,31
1790904180247573600,Vania,98e37025ac52,1.937,3,02139bc3d03e|e9b546299ef8|0df0eb9a70e5,Nicolas|Sebastian|Nahim,1|3|2,13.506|7.462|1.421,35,0,31
1790904180447232640,Vania,98e37025ac52,2.137,3,02139bc3d03e|e9b546299ef8|0df0eb9a70e5,Nicolas|Sebastian|Nahim,1|3|2,13.706|7.662|1.621,35,0,31
1790904180647926208,Vania,98e37025ac52,2.337,3,02139bc3d03e|e9b546299ef8|0df0eb9a70e5,Nicolas|Sebastian|Nahim,1|3|2,13.907|7.863|1.821,35,0,31
1790904180847903936,Vania,98e37025ac52,2.537,3,02139bc3d03e|e9b546299ef8|0df0eb9a70e5,Nicolas|Sebastian|Nahim,1|3|2,14.107|8.063|2.021,35,0,31
1790904181048035136,Vania,98e37025ac52,2.737,3,02139bc3d03e|e9b546299ef8|0df0eb9a70e5,Nicolas|Sebastian|Nahim,1|3|2,14.307|8.263|2.221,35,0,31
1790904181247969760,Vania,98e37025ac52,2.937,3,02139bc3d03e|e9b546299ef8|0df0eb9a70e5,Nicolas|Sebastian|Nahim,1|3|2,14.507|8.463|2.421,35,0,31
1790904181448041536,Sebastian,e9b546299ef8,0.118,2,02139bc3d03e|0df0eb9a70e5,Nicolas|Nahim,1|2,14.707|2.621,35,0,32
1790904181647298368,Sebastian,e9b546299ef8,0.317,2,02139bc3d03e|0df0eb9a70e5,Nicolas|Nahim,1|2,14.906|2.821,35,0,32
1790904181849201792,Sebastian,e9b546299ef8,0.519,3,02139bc3d03e|0df0eb9a70e5|ccc7dfabeebe,Nicolas|Nahim|Vania,1|2|4,15.108|3.022|0.003,36,0,32
1790904182047564768,Sebastian,e9b546299ef8,0.717,3,02139bc3d03e|0df0eb9a70e5|ccc7dfabeebe,Nicolas|Nahim|Vania,1|2|4,15.306|3.221|0.202,36,0,32
1790904182247793792,Sebastian,e9b546299ef8,0.918,3,02139bc3d03e|0df0eb9a70e5|ccc7dfabeebe,Nicolas|Nahim|Vania,1|2|4,15.507|3.421|0.402,36,0,32
1790904182447631232,Sebastian,e9b546299ef8,1.118,3,02139bc3d03e|0df0eb9a70e5|ccc7dfabeebe,Nicolas|Nahim|Vania,1|2|4,15.706|3.621|0.602,36,0,32
1790904182648037440,Sebastian,e9b546299ef8,1.318,3,02139bc3d03e|0df0eb9a70e5|ccc7dfabeebe,Nicolas|Nahim|Vania,1|2|4,15.907|3.821|0.803,36,0,32
1790904182847421888,Sebastian,e9b546299ef8,1.518,3,02139bc3d03e|0df0eb9a70e5|ccc7dfabeebe,Nicolas|Nahim|Vania,1|2|4,16.106|4.021|1.002,36,0,32
1790904183048055072,Sebastian,e9b546299ef8,1.718,3,02139bc3d03e|0df0eb9a70e5|ccc7dfabeebe,Nicolas|Nahim|Vania,1|2|4,16.307|4.221|1.203,36,0,32
1790904183248194208,Sebastian,e9b546299ef8,1.918,3,02139bc3d03e|0df0eb9a70e5|ccc7dfabeebe,Nicolas|Nahim|Vania,1|2|4,16.507|4.421|1.403,36,0,32
1790904183447740640,Sebastian,e9b546299ef8,2.118,3,02139bc3d03e|0df0eb9a70e5|ccc7dfabeebe,Nicolas|Nahim|Vania,1|2|4,16.706|4.621|1.602,36,0,32
1790904183648380416,Sebastian,e9b546299ef8,2.318,3,02139bc3d03e|0df0eb9a70e5|ccc7dfabeebe,Nicolas|Nahim|Vania,1|2|4,16.907|4.821|1.803,36,0,32
1790904183847593504,Sebastian,e9b546299ef8,2.517,3,02139bc3d03e|0df0eb9a70e5|ccc7dfabeebe,Nicolas|Nahim|Vania,1|2|4,17.106|5.021|2.002,36,0,32
1790904184048939296,Sebastian,e9b546299ef8,2.719,3,02139bc3d03e|0df0eb9a70e5|ccc7dfabeebe,Nicolas|Nahim|Vania,1|2|4,17.307|5.222|2.203,36,0,32
1790904184247385440,Sebastian,e9b546299ef8,2.917,3,02139bc3d03e|0df0eb9a70e5|ccc7dfabeebe,Nicolas|Nahim|Vania,1|2|4,17.506|5.421|2.402,36,0,32
1790904184448006208,Vania,ccc7dfabeebe,0.098,2,02139bc3d03e|0df0eb9a70e5,Nicolas|Nahim,1|2,17.707|5.621,36,0,33
1790904184647918240,Vania,ccc7dfabeebe,0.298,2,02139bc3d03e|0df0eb9a70e5,Nicolas|Nahim,1|2,17.907|5.821,36,0,33
1790904184848029120,Vania,ccc7dfabeebe,0.498,2,02139bc3d03e|0df0eb9a70e5,Nicolas|Nahim,1|2,18.107|6.021,36,0,33
1790904185047922304,Vania,ccc7dfabeebe,0.698,3,02139bc3d03e|0df0eb9a70e5|677ab385edbf,Nicolas|Nahim|Sebastian,1|2|3,18.307|6.221|0.185,37,0,33
1790904185247381472,Vania,ccc7dfabeebe,0.897,3,02139bc3d03e|0df0eb9a70e5|677ab385edbf,Nicolas|Nahim|Sebastian,1|2|3,18.506|6.421|0.385,37,0,33
1790904185447943808,Vania,ccc7dfabeebe,1.098,3,02139bc3d03e|0df0eb9a70e5|677ab385edbf,Nicolas|Nahim|Sebastian,1|2|3,18.707|6.621|0.585,37,0,33
1790904185648085728,Vania,ccc7dfabeebe,1.298,3,02139bc3d03e|0df0eb9a70e5|677ab385edbf,Nicolas|Nahim|Sebastian,1|2|3,18.907|6.821|0.785,37,0,33
1790904185848004256,Vania,ccc7dfabeebe,1.498,3,02139bc3d03e|0df0eb9a70e5|677ab385edbf,Nicolas|Nahim|Sebastian,1|2|3,19.107|7.021|0.985,37,0,33
1790904186047949824,Vania,ccc7dfabeebe,1.698,3,02139bc3d03e|0df0eb9a70e5|677ab385edbf,Nicolas|Nahim|Sebastian,1|2|3,19.307|7.221|1.185,37,0,33
1790904186248018784,Vania,ccc7dfabeebe,1.898,3,02139bc3d03e|0df0eb9a70e5|677ab385edbf,Nicolas|Nahim|Sebastian,1|2|3,19.507|7.421|1.385,37,0,33
1790904186447584320,Vania,ccc7dfabeebe,2.097,3,02139bc3d03e|0df0eb9a70e5|677ab385edbf,Nicolas|Nahim|Sebastian,1|2|3,19.706|7.621|1.585,37,0,33
1790904186648038080,Vania,ccc7dfabeebe,2.298,3,02139bc3d03e|0df0eb9a70e5|677ab385edbf,Nicolas|Nahim|Sebastian,1|2|3,19.907|7.821|1.785,37,0,33
1790904186848044512,Vania,ccc7dfabeebe,2.498,3,02139bc3d03e|0df0eb9a70e5|677ab385edbf,Nicolas|Nahim|Sebastian,1|2|3,20.107|8.021|1.986,37,0,33
1790904187048098624,Vania,ccc7dfabeebe,2.698,3,02139bc3d03e|0df0eb9a70e5|677ab385edbf,Nicolas|Nahim|Sebastian,1|2|3,20.307|8.221|2.185,37,0,33
1790904187247982944,Vania,ccc7dfabeebe,2.898,3,02139bc3d03e|0df0eb9a70e5|677ab385edbf,Nicolas|Nahim|Sebastian,1|2|3,20.507|8.421|2.385,37,0,33
1790904187447927232,Nicolas,02139bc3d03e,0.079,2,0df0eb9a70e5|677ab385edbf,Nahim|Sebastian,2|3,8.621|2.585,37,0,34
1790904187647281440,Nicolas,02139bc3d03e,0.279,2,0df0eb9a70e5|677ab385edbf,Nahim|Sebastian,2|3,8.821|2.785,37,0,34
1790904187848291424,Nicolas,02139bc3d03e,0.479,2,0df0eb9a70e5|677ab385edbf,Nahim|Sebastian,2|3,9.021|2.986,37,0,34
1790904188048618880,Nicolas,02139bc3d03e,0.679,3,0df0eb9a70e5|677ab385edbf|f2678f573c16,Nahim|Sebastian|Vania,2|3|4,9.221|3.185|0.164,38,0,34
1790904188248222432,Nicolas,02139bc3d03e,0.879,3,0df0eb9a70e5|677ab385edbf|f2678f573c16,Nahim|Sebastian|Vania,2|3|4,9.421|3.386|0.364,38,0,34
1790904188447964992,Nicolas,02139bc3d03e,1.079,3,0df0eb9a70e5|677ab385edbf|f2678f573c16,Nahim|Sebastian|Vania,2|3|4,9.621|3.585|0.564,38,0,34
1790904188648108096,Nicolas,02139bc3d03e,1.279,3,0df0eb9a70e5|677ab385edbf|f2678f573c16,Nahim|Sebastian|Vania,2|3|4,9.821|3.785|0.764,38,0,34
1790904188848181952,Nicolas,02139bc3d03e,1.479,3,0df0eb9a70e5|677ab385edbf|f2678f573c16,Nahim|Sebastian|Vania,2|3|4,10.021|3.985|0.964,38,0,34
1790904189048351840,Nicolas,02139bc3d03e,1.679,3,0df0eb9a70e5|677ab385edbf|f2678f573c16,Nahim|Sebastian|Vania,2|3|4,10.222|4.186|1.164,38,0,34
1790904189248964064,Nicolas,02139bc3d03e,1.880,3,0df0eb9a70e5|677ab385edbf|f2678f573c16,Nahim|Sebastian|Vania,2|3|4,10.422|4.386|1.365,38,0,34
1790904189447455136,Nicolas,02139bc3d03e,2.079,3,0df0eb9a70e5|677ab385edbf|f2678f573c16,Nahim|Sebastian|Vania,2|3|4,10.621|4.585|1.564,38,0,34
1790904189647981760,Nicolas,02139bc3d03e,2.279,3,0df0eb9a70e5|677ab385edbf|f2678f573c16,Nahim|Sebastian|Vania,2|3|4,10.821|4.785|1.764,38,0,34
1790904189847536352,Nicolas,02139bc3d03e,2.479,3,0df0eb9a70e5|677ab385edbf|f2678f573c16,Nahim|Sebastian|Vania,2|3|4,11.021|4.985|1.964,38,0,34
1790904190048408320,Nicolas,02139bc3d03e,2.679,3,0df0eb9a70e5|677ab385edbf|f2678f573c16,Nahim|Sebastian|Vania,2|3|4,11.222|5.186|2.165,38,0,34
1790904190247949408,Nicolas,02139bc3d03e,2.879,3,0df0eb9a70e5|677ab385edbf|f2678f573c16,Nahim|Sebastian|Vania,2|3|4,11.421|5.385|2.364,38,0,34
1790904190447892384,Vania,f2678f573c16,0.058,2,0df0eb9a70e5|677ab385edbf,Nahim|Sebastian,2|3,11.621|5.585,38,0,35
1790904190648246560,Vania,f2678f573c16,0.259,2,0df0eb9a70e5|677ab385edbf,Nahim|Sebastian,2|3,11.821|5.786,38,0,35
1790904190847952352,Vania,f2678f573c16,0.458,2,0df0eb9a70e5|677ab385edbf,Nahim|Sebastian,2|3,12.021|5.985,38,0,35
1790904191047942656,Vania,f2678f573c16,0.659,3,0df0eb9a70e5|677ab385edbf|6c6b63b1aed2,Nahim|Sebastian|Nicolas,2|3|1,12.221|6.185|0.142,39,0,35
1790904191247620448,Vania,f2678f573c16,0.858,3,0df0eb9a70e5|677ab385edbf|6c6b63b1aed2,Nahim|Sebastian|Nicolas,2|3|1,12.421|6.385|0.342,39,0,35
1790904191448086496,Vania,f2678f573c16,1.058,3,0df0eb9a70e5|677ab385edbf|6c6b63b1aed2,Nahim|Sebastian|Nicolas,2|3|1,12.621|6.585|0.542,39,0,35
1790904191647325536,Vania,f2678f573c16,1.258,3,0df0eb9a70e5|677ab385edbf|6c6b63b1aed2,Nahim|Sebastian|Nicolas,2|3|1,12.821|6.785|0.742,39,0,35
1790904191848181472,Vania,f2678f573c16,1.459,3,0df0eb9a70e5|677ab385edbf|6c6b63b1aed2,Nahim|Sebastian|Nicolas,2|3|1,13.021|6.985|0.942,39,0,35
1790904192048441728,Vania,f2678f573c16,1.659,3,0df0eb9a70e5|677ab385edbf|6c6b63b1aed2,Nahim|Sebastian|Nicolas,2|3|1,13.222|7.186|1.143,39,0,35
1790904192247456224,Vania,f2678f573c16,1.858,3,0df0eb9a70e5|677ab385edbf|6c6b63b1aed2,Nahim|Sebastian|Nicolas,2|3|1,13.421|7.385|1.342,39,0,35
1790904192447918432,Vania,f2678f573c16,2.058,3,0df0eb9a70e5|677ab385edbf|6c6b63b1aed2,Nahim|Sebastian|Nicolas,2|3|1,13.621|7.585|1.542,39,0,35
1790904192647956032,Vania,f2678f573c16,2.258,3,0df0eb9a70e5|677ab385edbf|6c6b63b1aed2,Nahim|Sebastian|Nicolas,2|3|1,13.821|7.785|1.742,39,0,35
1790904192847854464,Vania,f2678f573c16,2.458,3,0df0eb9a70e5|677ab385edbf|6c6b63b1aed2,Nahim|Sebastian|Nicolas,2|3|1,14.021|7.985|1.942,39,0,35
1790904193047940160,Vania,f2678f573c16,2.658,3,0df0eb9a70e5|677ab385edbf|6c6b63b1aed2,Nahim|Sebastian|Nicolas,2|3|1,14.221|8.185|2.142,39,0,35
1790904193247962624,Vania,f2678f573c16,2.858,3,0df0eb9a70e5|677ab385edbf|6c6b63b1aed2,Nahim|Sebastian|Nicolas,2|3|1,14.421|8.385|2.342,39,0,35
1790904193447436320,Sebastian,677ab385edbf,0.039,2,0df0eb9a70e5|6c6b63b1aed2,Nahim|Nicolas,2|1,14.621|2.542,39,0,36
1790904193647975904,Sebastian,677ab385edbf,0.239,2,0df0eb9a70e5|6c6b63b1aed2,Nahim|Nicolas,2|1,14.821|2.742,39,0,36
1790904193848088128,Sebastian,677ab385edbf,0.439,2,0df0eb9a70e5|6c6b63b1aed2,Nahim|Nicolas,2|1,15.021|2.942,39,0,36
1790904194047872800,Sebastian,677ab385edbf,0.639,3,0df0eb9a70e5|6c6b63b1aed2|524d67b2ea54,Nahim|Nicolas|Vania,2|1|4,15.221|3.142|0.122,40,0,36
1790904194248391520,Sebastian,677ab385edbf,0.839,3,0df0eb9a70e5|6c6b63b1aed2|524d67b2ea54,Nahim|Nicolas|Vania,2|1|4,15.422|3.343|0.323,40,0,36
1790904194447947168,Sebastian,677ab385edbf,1.039,3,0df0eb9a70e5|6c6b63b1aed2|524d67b2ea54,Nahim|Nicolas|Vania,2|1|4,15.621|3.542|0.522,40,0,36
1790904194647644736,Sebastian,677ab385edbf,1.239,3,0df0eb9a70e5|6c6b63b1aed2|524d67b2ea54,Nahim|Nicolas|Vania,2|1|4,15.821|3.742|0.722,40,0,36
1790904194848059328,Sebastian,677ab385edbf,1.439,3,0df0eb9a70e5|6c6b63b1aed2|524d67b2ea54,Nahim|Nicolas|Vania,2|1|4,16.021|3.942|0.922,40,0,36
1790904195047938816,Sebastian,677ab385edbf,1.639,3,0df0eb9a70e5|6c6b63b1aed2|524d67b2ea54,Nahim|Nicolas|Vania,2|1|4,16.221|4.142|1.122,40,0,36
1790904195247864352,Sebastian,677ab385edbf,1.839,3,0df0eb9a70e5|6c6b63b1aed2|524d67b2ea54,Nahim|Nicolas|Vania,2|1|4,16.421|4.342|1.322,40,0,36
1790904195447914208,Sebastian,677ab385edbf,2.039,3,0df0eb9a70e5|6c6b63b1aed2|524d67b2ea54,Nahim|Nicolas|Vania,2|1|4,16.621|4.542|1.522,40,0,36
1790904195647945920,Sebastian,677ab385edbf,2.239,3,0df0eb9a70e5|6c6b63b1aed2|524d67b2ea54,Nahim|Nicolas|Vania,2|1|4,16.821|4.742|1.722,40,0,36
1790904195847240640,Sebastian,677ab385edbf,2.438,3,0df0eb9a70e5|6c6b63b1aed2|524d67b2ea54,Nahim|Nicolas|Vania,2|1|4,17.021|4.942|1.922,40,0,36
1790904196047936128,Sebastian,677ab385edbf,2.639,3,0df0eb9a70e5|6c6b63b1aed2|524d67b2ea54,Nahim|Nicolas|Vania,2|1|4,17.221|5.142|2.122,40,0,36
1790904196247953344,Sebastian,677ab385edbf,2.839,3,0df0eb9a70e5|6c6b63b1aed2|524d67b2ea54,Nahim|Nicolas|Vania,2|1|4,17.421|5.342|2.322,40,0,36
1790904196447264480,Vania,524d67b2ea54,0.015,2,0df0eb9a70e5|6c6b63b1aed2,Nahim|Nicolas,2|1,17.621|5.542,40,0,37
1790904196647969344,Vania,524d67b2ea54,0.215,2,0df0eb9a70e5|6c6b63b1aed2,Nahim|Nicolas,2|1,17.821|5.742,40,0,37
1790904196847966208,Vania,524d67b2ea54,0.415,2,0df0eb9a70e5|6c6b63b1aed2,Nahim|Nicolas,2|1,18.021|5.942,40,0,37
1790904197047152032,Vania,524d67b2ea54,0.615,3,0df0eb9a70e5|6c6b63b1aed2|22a91107bda4,Nahim|Nicolas|Sebastian,2|1|3,18.221|6.142|0.096,41,0,37
1790904197248120480,Vania,524d67b2ea54,0.815,3,0df0eb9a70e5|6c6b63b1aed2|22a91107bda4,Nahim|Nicolas|Sebastian,2|1|3,18.421|6.342|0.297,41,0,37
1790904197448071904,Vania,524d67b2ea54,1.015,3,0df0eb9a70e5|6c6b63b1aed2|22a91107bda4,Nahim|Nicolas|Sebastian,2|1|3,18.621|6.542|0.497,41,0,37
1790904197647996160,Vania,524d67b2ea54,1.215,3,0df0eb9a70e5|6c6b63b1aed2|22a91107bda4,Nahim|Nicolas|Sebastian,2|1|3,18.821|6.742|0.697,41,0,37
1790904197848050464,Vania,524d67b2ea54,1.415,3,0df0eb9a70e5|6c6b63b1aed2|22a91107bda4,Nahim|Nicolas|Sebastian,2|1|3,19.021|6.942|0.897,41,0,37
1790904198047966944,Vania,524d67b2ea54,1.615,3,0df0eb9a70e5|6c6b63b1aed2|22a91107bda4,Nahim|Nicolas|Sebastian,2|1|3,19.221|7.142|1.097,41,0,37
1790904198248531744,Vania,524d67b2ea54,1.816,3,0df0eb9a70e5|6c6b63b1aed2|22a91107bda4,Nahim|Nicolas|Sebastian,2|1|3,19.422|7.343|1.297,41,0,37
1790904198447972768,Vania,524d67b2ea54,2.015,3,0df0eb9a70e5|6c6b63b1aed2|22a91107bda4,Nahim|Nicolas|Sebastian,2|1|3,19.621|7.542|1.497,41,0,37
1790904198647700736,Vania,524d67b2ea54,2.215,3,0df0eb9a70e5|6c6b63b1aed2|22a91107bda4,Nahim|Nicolas|Sebastian,2|1|3,19.821|7.742|1.697,41,0,37
1790904198848080704,Vania,524d67b2ea54,2.415,3,0df0eb9a70e5|6c6b63b1aed2|22a91107bda4,Nahim|Nicolas|Sebastian,2|1|3,20.021|7.942|1.897,41,0,37
1790904199047640480,Vania,524d67b2ea54,2.615,3,0df0eb9a70e5|6c6b63b1aed2|22a91107bda4,Nahim|Nicolas|Sebastian,2|1|3,20.221|8.142|2.097,41,0,37
1790904199248039136,Vania,524d67b2ea54,2.815,3,0df0eb9a70e5|6c6b63b1aed2|22a91107bda4,Nahim|Nicolas|Sebastian,2|1|3,20.421|8.342|2.297,41,0,37
1790904199447813056,Vania,524d67b2ea54,3.015,3,0df0eb9a70e5|6c6b63b1aed2|22a91107bda4,Nahim|Nicolas|Sebastian,2|1|3,20.621|8.542|2.497,41,0,37
1790904199647959456,Nahim,0df0eb9a70e5,0.193,2,6c6b63b1aed2|22a91107bda4,Nicolas|Sebastian,1|3,8.742|2.697,41,0,38
1790904199848083616,Nahim,0df0eb9a70e5,0.393,2,6c6b63b1aed2|22a91107bda4,Nicolas|Sebastian,1|3,8.942|2.897,41,0,38
1790904200047799776,Nahim,0df0eb9a70e5,0.593,3,6c6b63b1aed2|22a91107bda4|73da56864114,Nicolas|Sebastian|Vania,1|3|4,9.142|3.097|0.078,42,0,38
1790904200248021952,Nahim,0df0eb9a70e5,0.793,3,6c6b63b1aed2|22a91107bda4|73da56864114,Nicolas|Sebastian|Vania,1|3|4,9.342|3.297|0.278,42,0,38
1790904200447966624,Nahim,0df0eb9a70e5,0.993,3,6c6b63b1aed2|22a91107bda4|73da56864114,Nicolas|Sebastian|Vania,1|3|4,9.542|3.497|0.478,42,0,38
1790904200647410944,Nahim,0df0eb9a70e5,1.193,3,6c6b63b1aed2|22a91107bda4|73da56864114,Nicolas|Sebastian|Vania,1|3|4,9.742|3.696|0.678,42,0,38
1790904200847388960,Nahim,0df0eb9a70e5,1.393,3,6c6b63b1aed2|22a91107bda4|73da56864114,Nicolas|Sebastian|Vania,1|3|4,9.942|3.896|0.878,42,0,38
1790904201048060160,Nahim,0df0eb9a70e5,1.593,3,6c6b63b1aed2|22a91107bda4|73da56864114,Nicolas|Sebastian|Vania,1|3|4,10.142|4.097|1.078,42,0,38
1790904201248341408,Nahim,0df0eb9a70e5,1.794,3,6c6b63b1aed2|22a91107bda4|73da56864114,Nicolas|Sebastian|Vania,1|3|4,10.343|4.297|1.279,42,0,38
1790904201448092160,Nahim,0df0eb9a70e5,1.993,3,6c6b63b1aed2|22a91107bda4|73da56864114,Nicolas|Sebastian|Vania,1|3|4,10.542|4.497|1.478,42,0,38
1790904201647342496,Nahim,0df0eb9a70e5,2.193,3,6c6b63b1aed2|22a91107bda4|73da56864114,Nicolas|Sebastian|Vania,1|3|4,10.742|4.696|1.678,42,0,38
1790904201847407840,Nahim,0df0eb9a70e5,2.393,3,6c6b63b1aed2|22a91107bda4|73da56864114,Nicolas|Sebastian|Vania,1|3|4,10.942|4.896|1.878,42,0,38
1790904202047946592,Nahim,0df0eb9a70e5,2.593,3,6c6b63b1aed2|22a91107bda4|73da56864114,Nicolas|Sebastian|Vania,1|3|4,11.142|5.097|2.078,42,0,38
1790904202247914720,Nahim,0df0eb9a70e5,2.793,3,6c6b63b1aed2|22a91107bda4|73da56864114,Nicolas|Sebastian|Vania,1|3|4,11.342|5.297|2.278,42,0,38
1790904202447975456,Nahim,0df0eb9a70e5,2.993,3,6c6b63b1aed2|22a91107bda4|73da56864114,Nicolas|Sebastian|Vania,1|3|4,11.542|5.497|2.478,42,0,38
1790904202648054624,Vania,73da56864114,0.173,2,6c6b63b1aed2|22a91107bda4,Nicolas|Sebastian,1|3,11.742|5.697,42,0,39
1790904202848036608,Vania,73da56864114,0.373,2,6c6b63b1aed2|22a91107bda4,Nicolas|Sebastian,1|3,11.942|5.897,42,0,39
1790904203048026816,Vania,73da56864114,0.573,3,6c6b63b1aed2|22a91107bda4|d6a4e0c16fca,Nicolas|Sebastian|Nahim,1|3|2,12.142|6.097|0.059,43,0,39
1790904203248146752,Vania,73da56864114,0.773,3,6c6b63b1aed2|22a91107bda4|d6a4e0c16fca,Nicolas|Sebastian|Nahim,1|3|2,12.342|6.297|0.259,43,0,39
1790904203447907776,Vania,73da56864114,0.973,3,6c6b63b1aed2|22a91107bda4|d6a4e0c16fca,Nicolas|Sebastian|Nahim,1|3|2,12.542|6.497|0.459,43,0,39
1790904203648060064,Vania,73da56864114,1.173,3,6c6b63b1aed2|22a91107bda4|d6a4e0c16fca,Nicolas|Sebastian|Nahim,1|3|2,12.742|6.697|0.659,43,0,39
1790904203847641440,Vania,73da56864114,1.372,3,6c6b63b1aed2|22a91107bda4|d6a4e0c16fca,Nicolas|Sebastian|Nahim,1|3|2,12.942|6.896|0.858,43,0,39
1790904204048055936,Vania,73da56864114,1.573,3,6c6b63b1aed2|22a91107bda4|d6a4e0c16fca,Nicolas|Sebastian|Nahim,1|3|2,13.142|7.097|1.059,43,0,39
1790904204247462560,Vania,73da56864114,1.772,3,6c6b63b1aed2|22a91107bda4|d6a4e0c16fca,Nicolas|Sebastian|Nahim,1|3|2,13.342|7.296|1.258,43,0,39
1790904204447925792,Vania,73da56864114,1.973,3,6c6b63b1aed2|22a91107bda4|d6a4e0c16fca,Nicolas|Sebastian|Nahim,1|3|2,13.542|7.497|1.459,43,0,39
1790904204648023552,Vania,73da56864114,2.173,3,6c6b63b1aed2|22a91107bda4|d6a4e0c16fca,Nicolas|Sebastian|Nahim,1|3|2,13.742|7.697|1.659,43,0,39
1790904204847675616,Vania,73da56864114,2.373,3,6c6b63b1aed2|22a91107bda4|d6a4e0c16fca,Nicolas|Sebastian|Nahim,1|3|2,13.942|7.897|1.858,43,0,39
1790904205048023392,Vania,73da56864114,2.573,3,6c6b63b1aed2|22a91107bda4|d6a4e0c16fca,Nicolas|Sebastian|Nahim,1|3|2,14.142|8.097|2.059,43,0,39
1790904205248190592,Vania,73da56864114,2.773,3,6c6b63b1aed2|22a91107bda4|d6a4e0c16fca,Nicolas|Sebastian|Nahim,1|3|2,14.342|8.297|2.259,43,0,39
1790904205447908704,Vania,73da56864114,2.973,3,6c6b63b1aed2|22a91107bda4|d6a4e0c16fca,Nicolas|Sebastian|Nahim,1|3|2,14.542|8.497|2.459,43,0,39
1790904205648327744,Sebastian,22a91107bda4,0.154,2,6c6b63b1aed2|d6a4e0c16fca,Nicolas|Nahim,1|2,14.742|2.659,43,0,40
1790904205847961824,Sebastian,22a91107bda4,0.354,2,6c6b63b1aed2|d6a4e0c16fca,Nicolas|Nahim,1|2,14.942|2.859,43,0,40
1790904206047225280,Sebastian,22a91107bda4,0.553,3,6c6b63b1aed2|d6a4e0c16fca|9a481c85273e,Nicolas|Nahim|Vania,1|2|4,15.142|3.058|0.036,44,0,40
1790904206248375104,Sebastian,22a91107bda4,0.754,3,6c6b63b1aed2|d6a4e0c16fca|9a481c85273e,Nicolas|Nahim|Vania,1|2|4,15.343|3.259|0.237,44,0,40
1790904206448099168,Sebastian,22a91107bda4,0.954,3,6c6b63b1aed2|d6a4e0c16fca|9a481c85273e,Nicolas|Nahim|Vania,1|2|4,15.542|3.459|0.436,44,0,40
1790904206647490944,Sebastian,22a91107bda4,1.154,3,6c6b63b1aed2|d6a4e0c16fca|9a481c85273e,Nicolas|Nahim|Vania,1|2|4,15.742|3.658|0.636,44,0,40
1790904206847988192,Sebastian,22a91107bda4,1.354,3,6c6b63b1aed2|d6a4e0c16fca|9a481c85273e,Nicolas|Nahim|Vania,1|2|4,15.942|3.859|0.836,44,0,40
1790904207048031296,Sebastian,22a91107bda4,1.554,3,6c6b63b1aed2|d6a4e0c16fca|9a481c85273e,Nicolas|Nahim|Vania,1|2|4,16.142|4.059|1.036,44,0,40
1790904207248000448,Sebastian,22a91107bda4,1.754,3,6c6b63b1aed2|d6a4e0c16fca|9a481c85273e,Nicolas|Nahim|Vania,1|2|4,16.342|4.259|1.236,44,0,40
1790904207447593344,Sebastian,22a91107bda4,1.954,3,6c6b63b1aed2|d6a4e0c16fca|9a481c85273e,Nicolas|Nahim|Vania,1|2|4,16.542|4.458|1.436,44,0,40
1790904207648086528,Sebastian,22a91107bda4,2.154,3,6c6b63b1aed2|d6a4e0c16fca|9a481c85273e,Nicolas|Nahim|Vania,1|2|4,16.742|4.659|1.636,44,0,40
1790904207847598368,Sebastian,22a91107bda4,2.354,3,6c6b63b1aed2|d6a4e0c16fca|9a481c85273e,Nicolas|Nahim|Vania,1|2|4,16.942|4.858|1.836,44,0,40
1790904208047993216,Sebastian,22a91107bda4,2.554,3,6c6b63b1aed2|d6a4e0c16fca|9a481c85273e,Nicolas|Nahim|Vania,1|2|4,17.142|5.059|2.036,44,0,40
1790904208247647904,Sebastian,22a91107bda4,2.754,3,6c6b63b1aed2|d6a4e0c16fca|9a481c85273e,Nicolas|Nahim|Vania,1|2|4,17.342|5.258|2.236,44,0,40
1790904208448011232,Sebastian,22a91107bda4,2.954,3,6c6b63b1aed2|d6a4e0c16fca|9a481c85273e,Nicolas|Nahim|Vania,1|2|4,17.542|5.459|2.436,44,0,40
1790904208647963072,Vania,9a481c85273e,0.128,2,6c6b63b1aed2|d6a4e0c16fca,Nicolas|Nahim,1|2,17.742|5.659,44,0,41
1790904208847906816,Vania,9a481c85273e,0.328,2,6c6b63b1aed2|d6a4e0c16fca,Nicolas|Nahim,1|2,17.942|5.859,44,0,41
1790904209047298016,Vania,9a481c85273e,0.528,3,6c6b63b1aed2|d6a4e0c16fca|8b2ad2ef905f,Nicolas|Nahim|Sebastian,1|2|3,18.142|6.058|0.010,45,0,41
1790904209247967232,Vania,9a481c85273e,0.728,3,6c6b63b1aed2|d6a4e0c16fca|8b2ad2ef905f,Nicolas|Nahim|Sebastian,1|2|3,18.342|6.259|0.210,45,0,41
1790904209448122944,Vania,9a481c85273e,0.929,3,6c6b63b1aed2|d6a4e0c16fca|8b2ad2ef905f,Nicolas|Nahim|Sebastian,1|2|3,18.542|6.459|0.410,45,0,41
1790904209647953248,Vania,9a481c85273e,1.128,3,6c6b63b1aed2|d6a4e0c16fca|8b2ad2ef905f,Nicolas|Nahim|Sebastian,1|2|3,18.742|6.659|0.610,45,0,41
1790904209847935712,Vania,9a481c85273e,1.328,3,6c6b63b1aed2|d6a4e0c16fca|8b2ad2ef905f,Nicolas|Nahim|Sebastian,1|2|3,18.942|6.859|0.810,45,0,41
1790904210048306144,Vania,9a481c85273e,1.528,3,6c6b63b1aed2|d6a4e0c16fca|8b2ad2ef905f,Nicolas|Nahim|Sebastian,1|2|3,19.142|7.058|1.010,45,0,41
1790904210248269024,Vania,9a481c85273e,1.728,3,6c6b63b1aed2|d6a4e0c16fca|8b2ad2ef905f,Nicolas|Nahim|Sebastian,1|2|3,19.342|7.258|1.210,45,0,41
1790904210447349280,Vania,9a481c85273e,1.928,3,6c6b63b1aed2|d6a4e0c16fca|8b2ad2ef905f,Nicolas|Nahim|Sebastian,1|2|3,19.542|7.458|1.410,45,0,41
1790904210647921632,Vania,9a481c85273e,2.128,3,6c6b63b1aed2|d6a4e0c16fca|8b2ad2ef905f,Nicolas|Nahim|Sebastian,1|2|3,19.742|7.659|1.610,45,0,41
1790904210848793632,Vania,9a481c85273e,2.328,3,6c6b63b1aed2|d6a4e0c16fca|8b2ad2ef905f,Nicolas|Nahim|Sebastian,1|2|3,19.942|7.859|1.810,45,0,41
1790904211047978112,Vania,9a481c85273e,2.528,3,6c6b63b1aed2|d6a4e0c16fca|8b2ad2ef905f,Nicolas|Nahim|Sebastian,1|2|3,20.142|8.059|2.010,45,0,41
1790904211247715232,Vania,9a481c85273e,2.728,3,6c6b63b1aed2|d6a4e0c16fca|8b2ad2ef905f,Nicolas|Nahim|Sebastian,1|2|3,20.342|8.258|2.210,45,0,41
1790904211447814336,Vania,9a481c85273e,2.928,3,6c6b63b1aed2|d6a4e0c16fca|8b2ad2ef905f,Nicolas|Nahim|Sebastian,1|2|3,20.542|8.459|2.410,45,0,41
1790904211647940320,Nicolas,6c6b63b1aed2,0.107,2,d6a4e0c16fca|8b2ad2ef905f,Nahim|Sebastian,2|3,8.659|2.610,45,0,42
1790904211848933024,Nicolas,6c6b63b1aed2,0.308,2,d6a4e0c16fca|8b2ad2ef905f,Nahim|Sebastian,2|3,8.860|2.811,45,0,42
1790904212047949184,Nicolas,6c6b63b1aed2,0.507,2,d6a4e0c16fca|8b2ad2ef905f,Nahim|Sebastian,2|3,9.059|3.010,45,0,42
1790904212247894144,Nicolas,6c6b63b1aed2,0.707,3,d6a4e0c16fca|8b2ad2ef905f|064efddb234d,Nahim|Sebastian|Vania,2|3|4,9.259|3.210|0.193,46,0,42
1790904212447988192,Nicolas,6c6b63b1aed2,0.908,3,d6a4e0c16fca|8b2ad2ef905f|064efddb234d,Nahim|Sebastian|Vania,2|3|4,9.459|3.410|0.393,46,0,42
1790904212647445792,Nicolas,6c6b63b1aed2,1.107,3,d6a4e0c16fca|8b2ad2ef905f|064efddb234d,Nahim|Sebastian|Vania,2|3|4,9.658|3.610|0.593,46,0,42
1790904212847986656,Nicolas,6c6b63b1aed2,1.307,3,d6a4e0c16fca|8b2ad2ef905f|064efddb234d,Nahim|Sebastian|Vania,2|3|4,9.859|3.810|0.793,46,0,42
1790904213047590080,Nicolas,6c6b63b1aed2,1.507,3,d6a4e0c16fca|8b2ad2ef905f|064efddb234d,Nahim|Sebastian|Vania,2|3|4,10.058|4.010|0.993,46,0,42
1790904213248058048,Nicolas,6c6b63b1aed2,1.708,3,d6a4e0c16fca|8b2ad2ef905f|064efddb234d,Nahim|Sebastian|Vania,2|3|4,10.259|4.210|1.193,46,0,42
1790904213447990656,Nicolas,6c6b63b1aed2,1.908,3,d6a4e0c16fca|8b2ad2ef905f|064efddb234d,Nahim|Sebastian|Vania,2|3|4,10.459|4.410|1.393,46,0,42
1790904213647984992,Nicolas,6c6b63b1aed2,2.107,3,d6a4e0c16fca|8b2ad2ef905f|064efddb234d,Nahim|Sebastian|Vania,2|3|4,10.659|4.610|1.593,46,0,42
1790904213847370400,Nicolas,6c6b63b1aed2,2.307,3,d6a4e0c16fca|8b2ad2ef905f|064efddb234d,Nahim|Sebastian|Vania,2|3|4,10.858|4.810|1.793,46,0,42
1790904214048000832,Nicolas,6c6b63b1aed2,2.507,3,d6a4e0c16fca|8b2ad2ef905f|064efddb234d,Nahim|Sebastian|Vania,2|3|4,11.059|5.010|1.993,46,0,42
1790904214247524800,Nicolas,6c6b63b1aed2,2.707,3,d6a4e0c16fca|8b2ad2ef905f|064efddb234d,Nahim|Sebastian|Vania,2|3|4,11.258|5.210|2.193,46,0,42
1790904214448025824,Nicolas,6c6b63b1aed2,2.908,3,d6a4e0c16fca|8b2ad2ef905f|064efddb234d,Nahim|Sebastian|Vania,2|3|4,11.459|5.410|2.393,46,0,42
1790904214648003616,Vania,064efddb234d,0.085,2,d6a4e0c16fca|8b2ad2ef905f,Nahim|Sebastian,2|3,11.659|5.610,46,0,43
1790904214848121088,Vania,064efddb234d,0.285,2,d6a4e0c16fca|8b2ad2ef905f,Nahim|Sebastian,2|3,11.859|5.810,46,0,43
1790904215047469664,Vania,064efddb234d,0.485,2,d6a4e0c16fca|8b2ad2ef905f,Nahim|Sebastian,2|3,12.058|6.010,46,0,43
1790904215247899584,Vania,064efddb234d,0.685,3,d6a4e0c16fca|8b2ad2ef905f|259d07885a4b,Nahim|Sebastian|Nicolas,2|3|1,12.259|6.210|0.168,47,0,43
1790904215448072000,Vania,064efddb234d,0.885,3,d6a4e0c16fca|8b2ad2ef905f|259d07885a4b,Nahim|Sebastian|Nicolas,2|3|1,12.459|6.410|0.368,47,0,43
1790904215648298240,Vania,064efddb234d,1.085,3,d6a4e0c16fca|8b2ad2ef905f|259d07885a4b,Nahim|Sebastian|Nicolas,2|3|1,12.659|6.610|0.568,47,0,43
1790904215848108288,Vania,064efddb234d,1.285,3,d6a4e0c16fca|8b2ad2ef905f|259d07885a4b,Nahim|Sebastian|Nicolas,2|3|1,12.859|6.810|0.768,47,0,43
1790904216048001600,Vania,064efddb234d,1.485,3,d6a4e0c16fca|8b2ad2ef905f|259d07885a4b,Nahim|Sebastian|Nicolas,2|3|1,13.059|7.010|0.968,47,0,43
1790904216248831264,Vania,064efddb234d,1.686,3,d6a4e0c16fca|8b2ad2ef905f|259d07885a4b,Nahim|Sebastian|Nicolas,2|3|1,13.259|7.211|1.169,47,0,43
1790904216447675904,Vania,064efddb234d,1.885,3,d6a4e0c16fca|8b2ad2ef905f|259d07885a4b,Nahim|Sebastian|Nicolas,2|3|1,13.458|7.410|1.368,47,0,43
1790904216647998624,Vania,064efddb234d,2.085,3,d6a4e0c16fca|8b2ad2ef905f|259d07885a4b,Nahim|Sebastian|Nicolas,2|3|1,13.659|7.610|1.568,47,0,43
1790904216847947424,Vania,064efddb234d,2.285,3,d6a4e0c16fca|8b2ad2ef905f|259d07885a4b,Nahim|Sebastian|Nicolas,2|3|1,13.859|7.810|1.768,47,0,43
1790904217047925664,Vania,064efddb234d,2.485,3,d6a4e0c16fca|8b2ad2ef905f|259d07885a4b,Nahim|Sebastian|Nicolas,2|3|1,14.059|8.010|1.968,47,0,43
1790904217247994560,Vania,064efddb234d,2.685,3,d6a4e0c16fca|8b2ad2ef905f|259d07885a4b,Nahim|Sebastian|Nicolas,2|3|1,14.259|8.210|2.168,47,0,43
1790904217448260480,Vania,064efddb234d,2.885,3,d6a4e0c16fca|8b2ad2ef905f|259d07885a4b,Nahim|Sebastian|Nicolas,2|3|1,14.459|8.410|2.368,47,0,43
1790904217647995264,Sebastian,8b2ad2ef905f,0.065,2,d6a4e0c16fca|259d07885a4b,Nahim|Nicolas,2|1,14.659|2.568,47,0,44
1790904217847554048,Sebastian,8b2ad2ef905f,0.265,2,d6a4e0c16fca|259d07885a4b,Nahim|Nicolas,2|1,14.858|2.767,47,0,44
1790904218048304704,Sebastian,8b2ad2ef905f,0.466,2,d6a4e0c16fca|259d07885a4b,Nahim|Nicolas,2|1,15.059|2.968,47,0,44
1790904218247808704,Sebastian,8b2ad2ef905f,0.665,3,d6a4e0c16fca|259d07885a4b|ff1d2aa7adf1,Nahim|Nicolas|Vania,2|1|4,15.258|3.168|0.148,48,0,44
1790904218448026336,Sebastian,8b2ad2ef905f,0.865,3,d6a4e0c16fca|259d07885a4b|ff1d2aa7adf1,Nahim|Nicolas|Vania,2|1|4,15.459|3.368|0.348,48,0,44
1790904218647889760,Sebastian,8b2ad2ef905f,1.065,3,d6a4e0c16fca|259d07885a4b|ff1d2aa7adf1,Nahim|Nicolas|Vania,2|1|4,15.658|3.567|0.548,48,0,44
1790904218848199040,Sebastian,8b2ad2ef905f,1.265,3,d6a4e0c16fca|259d07885a4b|ff1d2aa7adf1,Nahim|Nicolas|Vania,2|1|4,15.859|3.768|0.748,48,0,44
1790904219048226624,Sebastian,8b2ad2ef905f,1.465,3,d6a4e0c16fca|259d07885a4b|ff1d2aa7adf1,Nahim|Nicolas|Vania,2|1|4,16.059|3.968|0.948,48,0,44
1790904219248247200,Sebastian,8b2ad2ef905f,1.665,3,d6a4e0c16fca|259d07885a4b|ff1d2aa7adf1,Nahim|Nicolas|Vania,2|1|4,16.259|4.168|1.148,48,0,44
1790904219448371712,Sebastian,8b2ad2ef905f,1.865,3,d6a4e0c16fca|259d07885a4b|ff1d2aa7adf1,Nahim|Nicolas|Vania,2|1|4,16.459|4.368|1.348,48,0,44
1790904219648324512,Sebastian,8b2ad2ef905f,2.065,3,d6a4e0c16fca|259d07885a4b|ff1d2aa7adf1,Nahim|Nicolas|Vania,2|1|4,16.659|4.568|1.548,48,0,44
1790904219848957792,Sebastian,8b2ad2ef905f,2.266,3,d6a4e0c16fca|259d07885a4b|ff1d2aa7adf1,Nahim|Nicolas|Vania,2|1|4,16.860|4.769|1.749,48,0,44
1790904220047990944,Sebastian,8b2ad2ef905f,2.465,3,d6a4e0c16fca|259d07885a4b|ff1d2aa7adf1,Nahim|Nicolas|Vania,2|1|4,17.059|4.968|1.948,48,0,44
1790904220247990912,Sebastian,8b2ad2ef905f,2.665,3,d6a4e0c16fca|259d07885a4b|ff1d2aa7adf1,Nahim|Nicolas|Vania,2|1|4,17.259|5.168|2.148,48,0,44
1790904220447406656,Sebastian,8b2ad2ef905f,2.865,3,d6a4e0c16fca|259d07885a4b|ff1d2aa7adf1,Nahim|Nicolas|Vania,2|1|4,17.458|5.367|2.348,48,0,44
1790904220647850656,Vania,ff1d2aa7adf1,0.045,2,d6a4e0c16fca|259d07885a4b,Nahim|Nicolas,2|1,17.658|5.568,48,0,45
1790904220847942336,Vania,ff1d2aa7adf1,0.246,2,d6a4e0c16fca|259d07885a4b,Nahim|Nicolas,2|1,17.859|5.768,48,0,45
1790904221048058496,Vania,ff1d2aa7adf1,0.446,2,d6a4e0c16fca|259d07885a4b,Nahim|Nicolas,2|1,18.059|5.968,48,0,45
1790904221247812096,Vania,ff1d2aa7adf1,0.646,3,d6a4e0c16fca|259d07885a4b|7337bdd1f585,Nahim|Nicolas|Sebastian,2|1|3,18.259|6.168|0.134,49,0,45
1790904221448038304,Vania,ff1d2aa7adf1,0.846,3,d6a4e0c16fca|259d07885a4b|7337bdd1f585,Nahim|Nicolas|Sebastian,2|1|3,18.459|6.368|0.334,49,0,45
1790904221647265696,Vania,ff1d2aa7adf1,1.045,3,d6a4e0c16fca|259d07885a4b|7337bdd1f585,Nahim|Nicolas|Sebastian,2|1|3,18.658|6.567|0.534,49,0,45
1790904221847920864,Vania,ff1d2aa7adf1,1.246,3,d6a4e0c16fca|259d07885a4b|7337bdd1f585,Nahim|Nicolas|Sebastian,2|1|3,18.859|6.768|0.734,49,0,45
1790904222047402720,Vania,ff1d2aa7adf1,1.445,3,d6a4e0c16fca|259d07885a4b|7337bdd1f585,Nahim|Nicolas|Sebastian,2|1|3,19.058|6.967|0.934,49,0,45
1790904222248137408,Vania,ff1d2aa7adf1,1.646,3,d6a4e0c16fca|259d07885a4b|7337bdd1f585,Nahim|Nicolas|Sebastian,2|1|3,19.259|7.168|1.135,49,0,45
1790904222447961312,Vania,ff1d2aa7adf1,1.846,3,d6a4e0c16fca|259d07885a4b|7337bdd1f585,Nahim|Nicolas|Sebastian,2|1|3,19.459|7.368|1.334,49,0,45
1790904222647945920,Vania,ff1d2aa7adf1,2.046,3,d6a4e0c16fca|259d07885a4b|7337bdd1f585,Nahim|Nicolas|Sebastian,2|1|3,19.659|7.568|1.534,49,0,45
1790904222847988640,Vania,ff1d2aa7adf1,2.246,3,d6a4e0c16fca|259d07885a4b|7337bdd1f585,Nahim|Nicolas|Sebastian,2|1|3,19.859|7.768|1.734,49,0,45
1790904223047914144,Vania,ff1d2aa7adf1,2.446,3,d6a4e0c16fca|259d07885a4b|7337bdd1f585,Nahim|Nicolas|Sebastian,2|1|3,20.059|7.968|1.934,49,0,45
1790904223247617376,Vania,ff1d2aa7adf1,2.645,3,d6a4e0c16fca|259d07885a4b|7337bdd1f585,Nahim|Nicolas|Sebastian,2|1|3,20.258|8.168|2.134,49,0,45
1790904223447600352,Vania,ff1d2aa7adf1,2.845,3,d6a4e0c16fca|259d07885a4b|7337bdd1f585,Nahim|Nicolas|Sebastian,2|1|3,20.458|8.367|2.334,49,0,45
1790904223647874784,Nahim,d6a4e0c16fca,0.025,2,259d07885a4b|7337bdd1f585,Nicolas|Sebastian,1|3,8.568|2.534,49,0,46
1790904223847877344,Nahim,d6a4e0c16fca,0.225,2,259d07885a4b|7337bdd1f585,Nicolas|Sebastian,1|3,8.768|2.734,49,0,46
1790904224048019648,Nahim,d6a4e0c16fca,0.425,2,259d07885a4b|7337bdd1f585,Nicolas|Sebastian,1|3,8.968|2.934,49,0,46
1790904224247452192,Nahim,d6a4e0c16fca,0.625,3,259d07885a4b|7337bdd1f585|6883be5be109,Nicolas|Sebastian|Vania,1|3|4,9.167|3.134|0.108,50,0,46
1790904224447380320,Nahim,d6a4e0c16fca,0.824,3,259d07885a4b|7337bdd1f585|6883be5be109,Nicolas|Sebastian|Vania,1|3|4,9.367|3.334|0.308,50,0,46
1790904224647995104,Nahim,d6a4e0c16fca,1.025,3,259d07885a4b|7337bdd1f585|6883be5be109,Nicolas|Sebastian|Vania,1|3|4,9.568|3.534|0.508,50,0,46
1790904224847977920,Nahim,d6a4e0c16fca,1.225,3,259d07885a4b|7337bdd1f585|6883be5be109,Nicolas|Sebastian|Vania,1|3|4,9.768|3.734|0.708,50,0,46
1790904225047958624,Nahim,d6a4e0c16fca,1.425,3,259d07885a4b|7337bdd1f585|6883be5be109,Nicolas|Sebastian|Vania,1|3|4,9.968|3.934|0.908,50,0,46
1790904225247941184,Nahim,d6a4e0c16fca,1.625,3,259d07885a4b|7337bdd1f585|6883be5be109,Nicolas|Sebastian|Vania,1|3|4,10.168|4.134|1.108,50,0,46
1790904225447773600,Nahim,d6a4e0c16fca,1.825,3,259d07885a4b|7337bdd1f585|6883be5be109,Nicolas|Sebastian|Vania,1|3|4,10.368|4.334|1.308,50,0,46
1790904225648145440,Nahim,d6a4e0c16fca,2.025,3,259d07885a4b|7337bdd1f585|6883be5be109,Nicolas|Sebastian|Vania,1|3|4,10.567|4.534|1.508,50,0,46
1790904225847948704,Nahim,d6a4e0c16fca,2.225,3,259d07885a4b|7337bdd1f585|6883be5be109,Nicolas|Sebastian|Vania,1|3|4,10.768|4.734|1.708,50,0,46
1790904226047622048,Nahim,d6a4e0c16fca,2.425,3,259d07885a4b|7337bdd1f585|6883be5be109,Nicolas|Sebastian|Vania,1|3|4,10.968|4.934|1.908,50,0,46
1790904226248021376,Nahim,d6a4e0c16fca,2.625,3,259d07885a4b|7337bdd1f585|6883be5be109,Nicolas|Sebastian|Vania,1|3|4,11.168|5.134|2.108,50,0,46
1790904226448004384,Nahim,d6a4e0c16fca,2.825,3,259d07885a4b|7337bdd1f585|6883be5be109,Nicolas|Sebastian|Vania,1|3|4,11.368|5.334|2.308,50,0,46
1790904226649563808,Vania,6883be5be109,0.006,2,259d07885a4b|7337bdd1f585,Nicolas|Sebastian,1|3,11.569|5.536,50,0,47
1790904226847687616,Vania,6883be5be109,0.204,2,259d07885a4b|7337bdd1f585,Nicolas|Sebastian,1|3,11.767|5.734,50,0,47
1790904227047944992,Vania,6883be5be109,0.405,2,259d07885a4b|7337bdd1f585,Nicolas|Sebastian,1|3,11.968|5.934,50,0,47
1790904227247867040,Vania,6883be5be109,0.604,3,259d07885a4b|7337bdd1f585|70bb96fd07d6,Nicolas|Sebastian|Nahim,1|3|2,12.168|6.134|0.086,51,0,47
1790904227448009440,Vania,6883be5be109,0.805,3,259d07885a4b|7337bdd1f585|70bb96fd07d6,Nicolas|Sebastian|Nahim,1|3|2,12.368|6.334|0.286,51,0,47
1790904227647918912,Vania,6883be5be109,1.004,3,259d07885a4b|7337bdd1f585|70bb96fd07d6,Nicolas|Sebastian|Nahim,1|3|2,12.568|6.534|0.486,51,0,47
1790904227848000576,Vania,6883be5be109,1.205,3,259d07885a4b|7337bdd1f585|70bb96fd07d6,Nicolas|Sebastian|Nahim,1|3|2,12.768|6.734|0.686,51,0,47
1790904228047929408,Vania,6883be5be109,1.404,3,259d07885a4b|7337bdd1f585|70bb96fd07d6,Nicolas|Sebastian|Nahim,1|3|2,12.968|6.934|0.886,51,0,47
1790904228248144096,Vania,6883be5be109,1.604,3,259d07885a4b|7337bdd1f585|70bb96fd07d6,Nicolas|Sebastian|Nahim,1|3|2,13.168|7.134|1.086,51,0,47
1790904228448005088,Vania,6883be5be109,1.805,3,259d07885a4b|7337bdd1f585|70bb96fd07d6,Nicolas|Sebastian|Nahim,1|3|2,13.368|7.334|1.286,51,0,47
1790904228647831456,Vania,6883be5be109,2.004,3,259d07885a4b|7337bdd1f585|70bb96fd07d6,Nicolas|Sebastian|Nahim,1|3|2,13.568|7.534|1.486,51,0,47
1790904228847877152,Vania,6883be5be109,2.204,3,259d07885a4b|7337bdd1f585|70bb96fd07d6,Nicolas|Sebastian|Nahim,1|3|2,13.768|7.734|1.686,51,0,47
1790904229047760032,Vania,6883be5be109,2.404,3,259d07885a4b|7337bdd1f585|70bb96fd07d6,Nicolas|Sebastian|Nahim,1|3|2,13.968|7.934|1.886,51,0,47
1790904229247852768,Vania,6883be5be109,2.604,3,259d07885a4b|7337bdd1f585|70bb96fd07d6,Nicolas|Sebastian|Nahim,1|3|2,14.168|8.134|2.086,51,0,47
1790904229448020384,Vania,6883be5be109,2.805,3,259d07885a4b|7337bdd1f585|70bb96fd07d6,Nicolas|Sebastian|Nahim,1|3|2,14.368|8.334|2.286,51,0,47
1790904229648159616,Vania,6883be5be109,3.004,3,259d07885a4b|7337bdd1f585|70bb96fd07d6,Nicolas|Sebastian|Nahim,1|3|2,14.568|8.534|2.486,51,0,47
1790904229848301280,Sebastian,7337bdd1f585,0.181,2,259d07885a4b|70bb96fd07d6,Nicolas|Nahim,1|2,14.768|2.687,51,0,48
1790904230047996960,Sebastian,7337bdd1f585,0.381,2,259d07885a4b|70bb96fd07d6,Nicolas|Nahim,1|2,14.968|2.886,51,0,48
1790904230247869344,Sebastian,7337bdd1f585,0.581,3,259d07885a4b|70bb96fd07d6|c1b56e69d9ad,Nicolas|Nahim|Vania,1|2|4,15.168|3.086|0.065,52,0,48
1790904230447474464,Sebastian,7337bdd1f585,0.781,3,259d07885a4b|70bb96fd07d6|c1b56e69d9ad,Nicolas|Nahim|Vania,1|2|4,15.367|3.286|0.265,52,0,48
1790904230647987520,Sebastian,7337bdd1f585,0.981,3,259d07885a4b|70bb96fd07d6|c1b56e69d9ad,Nicolas|Nahim|Vania,1|2|4,15.568|3.486|0.465,52,0,48
1790904230847410816,Sebastian,7337bdd1f585,1.181,3,259d07885a4b|70bb96fd07d6|c1b56e69d9ad,Nicolas|Nahim|Vania,1|2|4,15.767|3.686|0.665,52,0,48
1790904231048448416,Sebastian,7337bdd1f585,1.381,3,259d07885a4b|70bb96fd07d6|c1b56e69d9ad,Nicolas|Nahim|Vania,1|2|4,15.968|3.887|0.865,52,0,48
1790904231247528288,Sebastian,7337bdd1f585,1.581,3,259d07885a4b|70bb96fd07d6|c1b56e69d9ad,Nicolas|Nahim|Vania,1|2|4,16.167|4.086|1.065,52,0,48
1790904231448228832,Sebastian,7337bdd1f585,1.781,3,259d07885a4b|70bb96fd07d6|c1b56e69d9ad,Nicolas|Nahim|Vania,1|2|4,16.368|4.286|1.265,52,0,48
1790904231647447424,Sebastian,7337bdd1f585,1.981,3,259d07885a4b|70bb96fd07d6|c1b56e69d9ad,Nicolas|Nahim|Vania,1|2|4,16.567|4.486|1.465,52,0,48
1790904231848007744,Sebastian,7337bdd1f585,2.181,3,259d07885a4b|70bb96fd07d6|c1b56e69d9ad,Nicolas|Nahim|Vania,1|2|4,16.768|4.686|1.665,52,0,48
1790904232048000864,Sebastian,7337bdd1f585,2.381,3,259d07885a4b|70bb96fd07d6|c1b56e69d9ad,Nicolas|Nahim|Vania,1|2|4,16.968|4.886|1.865,52,0,48
1790904232247930944,Sebastian,7337bdd1f585,2.581,3,259d07885a4b|70bb96fd07d6|c1b56e69d9ad,Nicolas|Nahim|Vania,1|2|4,17.168|5.086|2.065,52,0,48
1790904232448192672,Sebastian,7337bdd1f585,2.781,3,259d07885a4b|70bb96fd07d6|c1b56e69d9ad,Nicolas|Nahim|Vania,1|2|4,17.368|5.286|2.265,52,0,48
1790904232647683808,Sebastian,7337bdd1f585,2.981,3,259d07885a4b|70bb96fd07d6|c1b56e69d9ad,Nicolas|Nahim|Vania,1|2|4,17.567|5.486|2.465,52,0,48
1790904232847287360,Vania,c1b56e69d9ad,0.159,2,259d07885a4b|70bb96fd07d6,Nicolas|Nahim,1|2,17.767|5.686,52,0,49
1790904233047842304,Vania,c1b56e69d9ad,0.360,2,259d07885a4b|70bb96fd07d6,Nicolas|Nahim,1|2,17.968|5.886,52,0,49
1790904233247816096,Vania,c1b56e69d9ad,0.560,3,259d07885a4b|70bb96fd07d6|260208c1d223,Nicolas|Nahim|Sebastian,1|2|3,18.168|6.086|0.042,53,0,49
1790904233447596128,Vania,c1b56e69d9ad,0.759,3,259d07885a4b|70bb96fd07d6|260208c1d223,Nicolas|Nahim|Sebastian,1|2|3,18.367|6.286|0.242,53,0,49
1790904233647991424,Vania,c1b56e69d9ad,0.960,3,259d07885a4b|70bb96fd07d6|260208c1d223,Nicolas|Nahim|Sebastian,1|2|3,18.568|6.486|0.443,53,0,49
1790904233848008960,Vania,c1b56e69d9ad,1.160,3,259d07885a4b|70bb96fd07d6|260208c1d223,Nicolas|Nahim|Sebastian,1|2|3,18.768|6.686|0.643,53,0,49
1790904234047629088,Vania,c1b56e69d9ad,1.360,3,259d07885a4b|70bb96fd07d6|260208c1d223,Nicolas|Nahim|Sebastian,1|2|3,18.968|6.886|0.842,53,0,49
1790904234247893824,Vania,c1b56e69d9ad,1.560,3,259d07885a4b|70bb96fd07d6|260208c1d223,Nicolas|Nahim|Sebastian,1|2|3,19.168|7.086|1.042,53,0,49
1790904234447967552,Vania,c1b56e69d9ad,1.760,3,259d07885a4b|70bb96fd07d6|260208c1d223,Nicolas|Nahim|Sebastian,1|2|3,19.368|7.286|1.243,53,0,49
1790904234647968096,Vania,c1b56e69d9ad,1.960,3,259d07885a4b|70bb96fd07d6|260208c1d223,Nicolas|Nahim|Sebastian,1|2|3,19.568|7.486|1.443,53,0,49
1790904234847821536,Vania,c1b56e69d9ad,2.160,3,259d07885a4b|70bb96fd07d6|260208c1d223,Nicolas|Nahim|Sebastian,1|2|3,19.768|7.686|1.642,53,0,49
1790904235047944064,Vania,c1b56e69d9ad,2.360,3,259d07885a4b|70bb96fd07d6|260208c1d223,Nicolas|Nahim|Sebastian,1|2|3,19.968|7.886|1.843,53,0,49
1790904235248057568,Vania,c1b56e69d9ad,2.560,3,259d07885a4b|70bb96fd07d6|260208c1d223,Nicolas|Nahim|Sebastian,1|2|3,20.168|8.086|2.043,53,0,49
1790904235448830176,Vania,c1b56e69d9ad,2.761,3,259d07885a4b|70bb96fd07d6|260208c1d223,Nicolas|Nahim|Sebastian,1|2|3,20.369|8.287|2.243,53,0,49
1790904235647513024,Vania,c1b56e69d9ad,2.959,3,259d07885a4b|70bb96fd07d6|260208c1d223,Nicolas|Nahim|Sebastian,1|2|3,20.567|8.486|2.442,53,0,49
1790904235848153408,Nicolas,259d07885a4b,0.139,2,70bb96fd07d6|260208c1d223,Nahim|Sebastian,2|3,8.686|2.643,53,0,50
1790904236048079392,Nicolas,259d07885a4b,0.339,2,70bb96fd07d6|260208c1d223,Nahim|Sebastian,2|3,8.886|2.843,53,0,50
1790904236247400832,Nicolas,259d07885a4b,0.538,3,70bb96fd07d6|260208c1d223|df93879ee277,Nahim|Sebastian|Vania,2|3|4,9.086|3.042|0.020,54,0,50
1790904236447418656,Nicolas,259d07885a4b,0.738,3,70bb96fd07d6|260208c1d223|df93879ee277,Nahim|Sebastian|Vania,2|3|4,9.286|3.242|0.221,54,0,50
1790904236647890400,Nicolas,259d07885a4b,0.938,3,70bb96fd07d6|260208c1d223|df93879ee277,Nahim|Sebastian|Vania,2|3|4,9.486|3.442|0.421,54,0,50
1790904236848068672,Nicolas,259d07885a4b,1.139,3,70bb96fd07d6|260208c1d223|df93879ee277,Nahim|Sebastian|Vania,2|3|4,9.686|3.643|0.621,54,0,50
1790904237048365376,Nicolas,259d07885a4b,1.339,3,70bb96fd07d6|260208c1d223|df93879ee277,Nahim|Sebastian|Vania,2|3|4,9.887|3.843|0.821,54,0,50
1790904237247959360,Nicolas,259d07885a4b,1.539,3,70bb96fd07d6|260208c1d223|df93879ee277,Nahim|Sebastian|Vania,2|3|4,10.086|4.043|1.021,54,0,50
1790904237447577888,Nicolas,259d07885a4b,1.738,3,70bb96fd07d6|260208c1d223|df93879ee277,Nahim|Sebastian|Vania,2|3|4,10.286|4.242|1.221,54,0,50
1790904237647349824,Nicolas,259d07885a4b,1.938,3,70bb96fd07d6|260208c1d223|df93879ee277,Nahim|Sebastian|Vania,2|3|4,10.486|4.442|1.421,54,0,50
1790904237847383616,Nicolas,259d07885a4b,2.138,3,70bb96fd07d6|260208c1d223|df93879ee277,Nahim|Sebastian|Vania,2|3|4,10.686|4.642|1.621,54,0,50
1790904238047973056,Nicolas,259d07885a4b,2.339,3,70bb96fd07d6|260208c1d223|df93879ee277,Nahim|Sebastian|Vania,2|3|4,10.886|4.843|1.821,54,0,50
1790904238247908832,Nicolas,259d07885a4b,2.538,3,70bb96fd07d6|260208c1d223|df93879ee277,Nahim|Sebastian|Vania,2|3|4,11.086|5.042|2.021,54,0,50
1790904238447736544,Nicolas,259d07885a4b,2.738,3,70bb96fd07d6|260208c1d223|df93879ee277,Nahim|Sebastian|Vania,2|3|4,11.286|5.242|2.221,54,0,50
1790904238647967680,Nicolas,259d07885a4b,2.939,3,70bb96fd07d6|260208c1d223|df93879ee277,Nahim|Sebastian|Vania,2|3|4,11.486|5.443|2.421,54,0,50
1790904238847361920,Vania,df93879ee277,0.118,2,70bb96fd07d6|260208c1d223,Nahim|Sebastian,2|3,11.686|5.642,54,0,51
1790904239047695392,Vania,df93879ee277,0.319,2,70bb96fd07d6|260208c1d223,Nahim|Sebastian,2|3,11.886|5.842,54,0,51
1790904239249654784,Vania,df93879ee277,0.521,3,70bb96fd07d6|260208c1d223|0f69c4af1852,Nahim|Sebastian|Nicolas,2|3|1,12.088|6.044|0.004,55,0,51
1790904239447951104,Vania,df93879ee277,0.719,3,70bb96fd07d6|260208c1d223|0f69c4af1852,Nahim|Sebastian|Nicolas,2|3|1,12.286|6.243|0.202,55,0,51
1790904239647764576,Vania,df93879ee277,0.919,3,70bb96fd07d6|260208c1d223|0f69c4af1852,Nahim|Sebastian|Nicolas,2|3|1,12.486|6.442|0.402,55,0,51
1790904239847950112,Vania,df93879ee277,1.119,3,70bb96fd07d6|260208c1d223|0f69c4af1852,Nahim|Sebastian|Nicolas,2|3|1,12.686|6.643|0.602,55,0,51
1790904240047426848,Vania,df93879ee277,1.319,3,70bb96fd07d6|260208c1d223|0f69c4af1852,Nahim|Sebastian|Nicolas,2|3|1,12.886|6.842|0.801,55,0,51
1790904240247641792,Vania,df93879ee277,1.519,3,70bb96fd07d6|260208c1d223|0f69c4af1852,Nahim|Sebastian|Nicolas,2|3|1,13.086|7.042|1.002,55,0,51
1790904240447809376,Vania,df93879ee277,1.719,3,70bb96fd07d6|260208c1d223|0f69c4af1852,Nahim|Sebastian|Nicolas,2|3|1,13.286|7.243|1.202,55,0,51
1790904240647912320,Vania,df93879ee277,1.919,3,70bb96fd07d6|260208c1d223|0f69c4af1852,Nahim|Sebastian|Nicolas,2|3|1,13.486|7.442|1.402,55,0,51
1790904240847700736,Vania,df93879ee277,2.119,3,70bb96fd07d6|260208c1d223|0f69c4af1852,Nahim|Sebastian|Nicolas,2|3|1,13.686|7.642|1.602,55,0,51
1790904241047912384,Vania,df93879ee277,2.319,3,70bb96fd07d6|260208c1d223|0f69c4af1852,Nahim|Sebastian|Nicolas,2|3|1,13.886|7.842|1.802,55,0,51
1790904241247441664,Vania,df93879ee277,2.518,3,70bb96fd07d6|260208c1d223|0f69c4af1852,Nahim|Sebastian|Nicolas,2|3|1,14.086|8.042|2.001,55,0,51
1790904241449589152,Vania,df93879ee277,2.719,3,70bb96fd07d6|260208c1d223|0f69c4af1852,Nahim|Sebastian|Nicolas,2|3|1,14.287|8.243|2.202,55,0,51
1790904241647906272,Vania,df93879ee277,2.919,3,70bb96fd07d6|260208c1d223|0f69c4af1852,Nahim|Sebastian|Nicolas,2|3|1,14.486|8.442|2.402,55,0,51
1790904241847458624,Sebastian,260208c1d223,0.098,2,70bb96fd07d6|0f69c4af1852,Nahim|Nicolas,2|1,14.686|2.601,55,0,52
1790904242047975808,Sebastian,260208c1d223,0.299,2,70bb96fd07d6|0f69c4af1852,Nahim|Nicolas,2|1,14.886|2.802,55,0,52
1790904242247134848,Sebastian,260208c1d223,0.498,2,70bb96fd07d6|0f69c4af1852,Nahim|Nicolas,2|1,15.086|3.001,55,0,52
1790904242447859200,Sebastian,260208c1d223,0.698,3,70bb96fd07d6|0f69c4af1852|4776505f4dca,Nahim|Nicolas|Vania,2|1|4,15.286|3.202|0.180,56,0,52
1790904242647993984,Sebastian,260208c1d223,0.899,3,70bb96fd07d6|0f69c4af1852|4776505f4dca,Nahim|Nicolas|Vania,2|1|4,15.486|3.402|0.380,56,0,52
1790904242848253280,Sebastian,260208c1d223,1.099,3,70bb96fd07d6|0f69c4af1852|4776505f4dca,Nahim|Nicolas|Vania,2|1|4,15.686|3.602|0.580,56,0,52
1790904243048021696,Sebastian,260208c1d223,1.299,3,70bb96fd07d6|0f69c4af1852|4776505f4dca,Nahim|Nicolas|Vania,2|1|4,15.886|3.802|0.780,56,0,52
1790904243247967584,Sebastian,260208c1d223,1.498,3,70bb96fd07d6|0f69c4af1852|4776505f4dca,Nahim|Nicolas|Vania,2|1|4,16.086|4.002|0.980,56,0,52
1790904243448095136,Sebastian,260208c1d223,1.699,3,70bb96fd07d6|0f69c4af1852|4776505f4dca,Nahim|Nicolas|Vania,2|1|4,16.286|4.202|1.180,56,0,52
1790904243647830144,Sebastian,260208c1d223,1.898,3,70bb96fd07d6|0f69c4af1852|4776505f4dca,Nahim|Nicolas|Vania,2|1|4,16.486|4.402|1.380,56,0,52
1790904243847963328,Sebastian,260208c1d223,2.099,3,70bb96fd07d6|0f69c4af1852|4776505f4dca,Nahim|Nicolas|Vania,2|1|4,16.686|4.602|1.580,56,0,52
1790904244047980544,Sebastian,260208c1d223,2.298,3,70bb96fd07d6|0f69c4af1852|4776505f4dca,Nahim|Nicolas|Vania,2|1|4,16.886|4.802|1.780,56,0,52
1790904244248014208,Sebastian,260208c1d223,2.499,3,70bb96fd07d6|0f69c4af1852|4776505f4dca,Nahim|Nicolas|Vania,2|1|4,17.086|5.002|1.980,56,0,52
1790904244447905248,Sebastian,260208c1d223,2.698,3,70bb96fd07d6|0f69c4af1852|4776505f4dca,Nahim|Nicolas|Vania,2|1|4,17.286|5.202|2.180,56,0,52
1790904244648043008,Sebastian,260208c1d223,2.899,3,70bb96fd07d6|0f69c4af1852|4776505f4dca,Nahim|Nicolas|Vania,2|1|4,17.486|5.402|2.380,56,0,52
1790904244847240544,Vania,4776505f4dca,0.078,2,70bb96fd07d6|0f69c4af1852,Nahim|Nicolas,2|1,17.686|5.601,56,0,53
1790904245047916256,Vania,4776505f4dca,0.279,2,70bb96fd07d6|0f69c4af1852,Nahim|Nicolas,2|1,17.886|5.802,56,0,53
1790904245247467808,Vania,4776505f4dca,0.478,2,70bb96fd07d6|0f69c4af1852,Nahim|Nicolas,2|1,18.086|6.001,56,0,53
1790904245447898080,Vania,4776505f4dca,0.679,3,70bb96fd07d6|0f69c4af1852|334bd3f7ef70,Nahim|Nicolas|Sebastian,2|1|3,18.286|6.202|0.164,57,0,53
1790904245647976512,Vania,4776505f4dca,0.879,3,70bb96fd07d6|0f69c4af1852|334bd3f7ef70,Nahim|Nicolas|Sebastian,2|1|3,18.486|6.402|0.364,57,0,53
1790904245848231968,Vania,4776505f4dca,1.079,3,70bb96fd07d6|0f69c4af1852|334bd3f7ef70,Nahim|Nicolas|Sebastian,2|1|3,18.686|6.602|0.564,57,0,53
1790904246047289280,Vania,4776505f4dca,1.278,3,70bb96fd07d6|0f69c4af1852|334bd3f7ef70,Nahim|Nicolas|Sebastian,2|1|3,18.886|6.801|0.763,57,0,53
1790904246247882400,Vania,4776505f4dca,1.479,3,70bb96fd07d6|0f69c4af1852|334bd3f7ef70,Nahim|Nicolas|Sebastian,2|1|3,19.086|7.002|0.964,57,0,53
1790904246448240608,Vania,4776505f4dca,1.679,3,70bb96fd07d6|0f69c4af1852|334bd3f7ef70,Nahim|Nicolas|Sebastian,2|1|3,19.286|7.202|1.164,57,0,53
1790904246647856000,Vania,4776505f4dca,1.879,3,70bb96fd07d6|0f69c4af1852|334bd3f7ef70,Nahim|Nicolas|Sebastian,2|1|3,19.486|7.402|1.364,57,0,53
1790904246847872320,Vania,4776505f4dca,2.079,3,70bb96fd07d6|0f69c4af1852|334bd3f7ef70,Nahim|Nicolas|Sebastian,2|1|3,19.686|7.602|1.564,57,0,53
1790904247048488128,Vania,4776505f4dca,2.279,3,70bb96fd07d6|0f69c4af1852|334bd3f7ef70,Nahim|Nicolas|Sebastian,2|1|3,19.886|7.802|1.763,57,0,53
1790904247247936864,Vania,4776505f4dca,2.479,3,70bb96fd07d6|0f69c4af1852|334bd3f7ef70,Nahim|Nicolas|Sebastian,2|1|3,20.086|8.002|1.964,57,0,53
1790904247447897888,Vania,4776505f4dca,2.679,3,70bb96fd07d6|0f69c4af1852|334bd3f7ef70,Nahim|Nicolas|Sebastian,2|1|3,20.286|8.202|2.164,57,0,53
1790904247648110976,Vania,4776505f4dca,2.879,3,70bb96fd07d6|0f69c4af1852|334bd3f7ef70,Nahim|Nicolas|Sebastian,2|1|3,20.486|8.402|2.364,57,0,53
1790904247847795360,Nahim,70bb96fd07d6,0.059,2,0f69c4af1852|334bd3f7ef70,Nicolas|Sebastian,1|3,8.602|2.564,57,0,54
1790904248047621536,Nahim,70bb96fd07d6,0.259,2,0f69c4af1852|334bd3f7ef70,Nicolas|Sebastian,1|3,8.801|2.763,57,0,54
1790904248247851680,Nahim,70bb96fd07d6,0.459,2,0f69c4af1852|334bd3f7ef70,Nicolas|Sebastian,1|3,9.002|2.964,57,0,54
1790904248447983392,Nahim,70bb96fd07d6,0.659,3,0f69c4af1852|334bd3f7ef70|5f12ca271691,Nicolas|Sebastian|Vania,1|3|4,9.202|3.164|0.141,58,0,54
1790904248647884672,Nahim,70bb96fd07d6,0.859,3,0f69c4af1852|334bd3f7ef70|5f12ca271691,Nicolas|Sebastian|Vania,1|3|4,9.402|3.364|0.341,58,0,54
1790904248847977824,Nahim,70bb96fd07d6,1.059,3,0f69c4af1852|334bd3f7ef70|5f12ca271691,Nicolas|Sebastian|Vania,1|3|4,9.602|3.564|0.541,58,0,54
1790904249047899744,Nahim,70bb96fd07d6,1.259,3,0f69c4af1852|334bd3f7ef70|5f12ca271691,Nicolas|Sebastian|Vania,1|3|4,9.802|3.764|0.741,58,0,54
1790904249247923968,Nahim,70bb96fd07d6,1.459,3,0f69c4af1852|334bd3f7ef70|5f12ca271691,Nicolas|Sebastian|Vania,1|3|4,10.002|3.964|0.941,58,0,54
1790904249448014176,Nahim,70bb96fd07d6,1.659,3,0f69c4af1852|334bd3f7ef70|5f12ca271691,Nicolas|Sebastian|Vania,1|3|4,10.202|4.164|1.141,58,0,54
1790904249647336800,Nahim,70bb96fd07d6,1.859,3,0f69c4af1852|334bd3f7ef70|5f12ca271691,Nicolas|Sebastian|Vania,1|3|4,10.401|4.363|1.340,58,0,54
1790904249847940864,Nahim,70bb96fd07d6,2.059,3,0f69c4af1852|334bd3f7ef70|5f12ca271691,Nicolas|Sebastian|Vania,1|3|4,10.602|4.564|1.541,58,0,54
1790904250047717376,Nahim,70bb96fd07d6,2.259,3,0f69c4af1852|334bd3f7ef70|5f12ca271691,Nicolas|Sebastian|Vania,1|3|4,10.802|4.764|1.741,58,0,54
1790904250247860384,Nahim,70bb96fd07d6,2.459,3,0f69c4af1852|334bd3f7ef70|5f12ca271691,Nicolas|Sebastian|Vania,1|3|4,11.002|4.964|1.941,58,0,54
1790904250447343168,Nahim,70bb96fd07d6,2.659,3,0f69c4af1852|334bd3f7ef70|5f12ca271691,Nicolas|Sebastian|Vania,1|3|4,11.201|5.163|2.140,58,0,54
1790904250648057760,Nahim,70bb96fd07d6,2.859,3,0f69c4af1852|334bd3f7ef70|5f12ca271691,Nicolas|Sebastian|Vania,1|3|4,11.402|5.364|2.341,58,0,54
1790904250847465632,Vania,5f12ca271691,0.038,2,0f69c4af1852|334bd3f7ef70,Nicolas|Sebastian,1|3,11.601|5.563,58,0,55
1790904251048427296,Vania,5f12ca271691,0.239,2,0f69c4af1852|334bd3f7ef70,Nicolas|Sebastian,1|3,11.802|5.764,58,0,55
1790904251247850944,Vania,5f12ca271691,0.438,2,0f69c4af1852|334bd3f7ef70,Nicolas|Sebastian,1|3,12.002|5.964,58,0,55
1790904251448026272,Vania,5f12ca271691,0.638,3,0f69c4af1852|334bd3f7ef70|c23c86cdaf34,Nicolas|Sebastian|Nahim,1|3|2,12.202|6.164|0.124,59,0,55
1790904251647957952,Vania,5f12ca271691,0.838,3,0f69c4af1852|334bd3f7ef70|c23c86cdaf34,Nicolas|Sebastian|Nahim,1|3|2,12.402|6.364|0.324,59,0,55
1790904251847605664,Vania,5f12ca271691,1.038,3,0f69c4af1852|334bd3f7ef70|c23c86cdaf34,Nicolas|Sebastian|Nahim,1|3|2,12.602|6.563|0.523,59,0,55
1790904252047997696,Vania,5f12ca271691,1.238,3,0f69c4af1852|334bd3f7ef70|c23c86cdaf34,Nicolas|Sebastian|Nahim,1|3|2,12.802|6.764|0.724,59,0,55
1790904252248231520,Vania,5f12ca271691,1.439,3,0f69c4af1852|334bd3f7ef70|c23c86cdaf34,Nicolas|Sebastian|Nahim,1|3|2,13.002|6.964|0.924,59,0,55
1790904252447889984,Vania,5f12ca271691,1.638,3,0f69c4af1852|334bd3f7ef70|c23c86cdaf34,Nicolas|Sebastian|Nahim,1|3|2,13.202|7.164|1.124,59,0,55
1790904252647262496,Vania,5f12ca271691,1.838,3,0f69c4af1852|334bd3f7ef70|c23c86cdaf34,Nicolas|Sebastian|Nahim,1|3|2,13.401|7.363|1.323,59,0,55
1790904252847967488,Vania,5f12ca271691,2.038,3,0f69c4af1852|334bd3f7ef70|c23c86cdaf34,Nicolas|Sebastian|Nahim,1|3|2,13.602|7.564|1.524,59,0,55
1790904253047960512,Vania,5f12ca271691,2.238,3,0f69c4af1852|334bd3f7ef70|c23c86cdaf34,Nicolas|Sebastian|Nahim,1|3|2,13.802|7.764|1.724,59,0,55
1790904253247873824,Vania,5f12ca271691,2.438,3,0f69c4af1852|334bd3f7ef70|c23c86cdaf34,Nicolas|Sebastian|Nahim,1|3|2,14.002|7.964|1.924,59,0,55
1790904253447991968,Vania,5f12ca271691,2.638,3,0f69c4af1852|334bd3f7ef70|c23c86cdaf34,Nicolas|Sebastian|Nahim,1|3|2,14.202|8.164|2.124,59,0,55
1790904253648004640,Vania,5f12ca271691,2.838,3,0f69c4af1852|334bd3f7ef70|c23c86cdaf34,Nicolas|Sebastian|Nahim,1|3|2,14.402|8.364|2.324,59,0,55
1790904253847649696,Sebastian,334bd3f7ef70,0.019,2,0f69c4af1852|c23c86cdaf34,Nicolas|Nahim,1|2,14.602|2.523,59,0,56
1790904254047623296,Sebastian,334bd3f7ef70,0.219,2,0f69c4af1852|c23c86cdaf34,Nicolas|Nahim,1|2,14.802|2.723,59,0,56
1790904254247920864,Sebastian,334bd3f7ef70,0.419,2,0f69c4af1852|c23c86cdaf34,Nicolas|Nahim,1|2,15.002|2.924,59,0,56
1790904254447821568,Sebastian,334bd3f7ef70,0.619,3,0f69c4af1852|c23c86cdaf34|3027d41a7a46,Nicolas|Nahim|Vania,1|2|4,15.202|3.123|0.102,60,0,56
1790904254647961664,Sebastian,334bd3f7ef70,0.819,3,0f69c4af1852|c23c86cdaf34|3027d41a7a46,Nicolas|Nahim|Vania,1|2|4,15.402|3.324|0.302,60,0,56
1790904254847640416,Sebastian,334bd3f7ef70,1.019,3,0f69c4af1852|c23c86cdaf34|3027d41a7a46,Nicolas|Nahim|Vania,1|2|4,15.602|3.523|0.502,60,0,56
1790904255048789568,Sebastian,334bd3f7ef70,1.219,3,0f69c4af1852|c23c86cdaf34|3027d41a7a46,Nicolas|Nahim|Vania,1|2|4,15.802|3.724|0.702,60,0,56
1790904255247620160,Sebastian,334bd3f7ef70,1.419,3,0f69c4af1852|c23c86cdaf34|3027d41a7a46,Nicolas|Nahim|Vania,1|2|4,16.002|3.923|0.902,60,0,56
1790904255448102432,Sebastian,334bd3f7ef70,1.619,3,0f69c4af1852|c23c86cdaf34|3027d41a7a46,Nicolas|Nahim|Vania,1|2|4,16.202|4.124|1.102,60,0,56
1790904255647721280,Sebastian,334bd3f7ef70,1.819,3,0f69c4af1852|c23c86cdaf34|3027d41a7a46,Nicolas|Nahim|Vania,1|2|4,16.402|4.323|1.302,60,0,56
1790904255847884576,Sebastian,334bd3f7ef70,2.019,3,0f69c4af1852|c23c86cdaf34|3027d41a7a46,Nicolas|Nahim|Vania,1|2|4,16.602|4.524|1.502,60,0,56
1790904256047947264,Sebastian,334bd3f7ef70,2.219,3,0f69c4af1852|c23c86cdaf34|3027d41a7a46,Nicolas|Nahim|Vania,1|2|4,16.802|4.724|1.702,60,0,56
1790904256248503136,Sebastian,334bd3f7ef70,2.420,3,0f69c4af1852|c23c86cdaf34|3027d41a7a46,Nicolas|Nahim|Vania,1|2|4,17.002|4.924|1.902,60,0,56
1790904256447952960,Sebastian,334bd3f7ef70,2.619,3,0f69c4af1852|c23c86cdaf34|3027d41a7a46,Nicolas|Nahim|Vania,1|2|4,17.202|5.124|2.102,60,0,56
1790904256647545920,Sebastian,334bd3f7ef70,2.819,3,0f69c4af1852|c23c86cdaf34|3027d41a7a46,Nicolas|Nahim|Vania,1|2|4,17.401|5.323|2.302,60,0,56
1790904256847944288,Sebastian,334bd3f7ef70,3.019,3,0f69c4af1852|c23c86cdaf34|3027d41a7a46,Nicolas|Nahim|Vania,1|2|4,17.602|5.524|2.502,60,0,56
1790904257047329856,Vania,3027d41a7a46,0.196,2,0f69c4af1852|c23c86cdaf34,Nicolas|Nahim,1|2,17.801|5.723,60,0,57
1790904257247858240,Vania,3027d41a7a46,0.397,2,0f69c4af1852|c23c86cdaf34,Nicolas|Nahim,1|2,18.002|5.924,60,0,57
1790904257448043552,Vania,3027d41a7a46,0.597,3,0f69c4af1852|c23c86cdaf34|c8a39ebeb095,Nicolas|Nahim|Sebastian,1|2|3,18.202|6.124|0.075,61,0,57
1790904257647957696,Vania,3027d41a7a46,0.797,3,0f69c4af1852|c23c86cdaf34|c8a39ebeb095,Nicolas|Nahim|Sebastian,1|2|3,18.402|6.324|0.275,61,0,57
1790904257847683072,Vania,3027d41a7a46,0.997,3,0f69c4af1852|c23c86cdaf34|c8a39ebeb095,Nicolas|Nahim|Sebastian,1|2|3,18.602|6.523|0.475,61,0,57
1790904258048074944,Vania,3027d41a7a46,1.197,3,0f69c4af1852|c23c86cdaf34|c8a39ebeb095,Nicolas|Nahim|Sebastian,1|2|3,18.802|6.724|0.675,61,0,57
1790904258247936832,Vania,3027d41a7a46,1.397,3,0f69c4af1852|c23c86cdaf34|c8a39ebeb095,Nicolas|Nahim|Sebastian,1|2|3,19.002|6.924|0.875,61,0,57
1790904258447977408,Vania,3027d41a7a46,1.597,3,0f69c4af1852|c23c86cdaf34|c8a39ebeb095,Nicolas|Nahim|Sebastian,1|2|3,19.202|7.124|1.075,61,0,57
1790904258648054336,Vania,3027d41a7a46,1.797,3,0f69c4af1852|c23c86cdaf34|c8a39ebeb095,Nicolas|Nahim|Sebastian,1|2|3,19.402|7.324|1.275,61,0,57
1790904258847968576,Vania,3027d41a7a46,1.997,3,0f69c4af1852|c23c86cdaf34|c8a39ebeb095,Nicolas|Nahim|Sebastian,1|2|3,19.602|7.524|1.475,61,0,57
1790904259047950048,Vania,3027d41a7a46,2.197,3,0f69c4af1852|c23c86cdaf34|c8a39ebeb095,Nicolas|Nahim|Sebastian,1|2|3,19.802|7.724|1.675,61,0,57
1790904259247880416,Vania,3027d41a7a46,2.397,3,0f69c4af1852|c23c86cdaf34|c8a39ebeb095,Nicolas|Nahim|Sebastian,1|2|3,20.002|7.924|1.875,61,0,57
1790904259447949856,Vania,3027d41a7a46,2.597,3,0f69c4af1852|c23c86cdaf34|c8a39ebeb095,Nicolas|Nahim|Sebastian,1|2|3,20.202|8.124|2.075,61,0,57
1790904259647840288,Vania,3027d41a7a46,2.797,3,0f69c4af1852|c23c86cdaf34|c8a39ebeb095,Nicolas|Nahim|Sebastian,1|2|3,20.402|8.324|2.275,61,0,57
1790904259847990400,Vania,3027d41a7a46,2.997,3,0f69c4af1852|c23c86cdaf34|c8a39ebeb095,Nicolas|Nahim|Sebastian,1|2|3,20.602|8.524|2.475,61,0,57
1790904260047846336,Nicolas,0f69c4af1852,0.177,2,c23c86cdaf34|c8a39ebeb095,Nahim|Sebastian,2|3,8.724|2.675,61,0,58
1790904260247440960,Nicolas,0f69c4af1852,0.376,2,c23c86cdaf34|c8a39ebeb095,Nahim|Sebastian,2|3,8.923|2.875,61,0,58
1790904260447848288,Nicolas,0f69c4af1852,0.577,3,c23c86cdaf34|c8a39ebeb095|52588183beee,Nahim|Sebastian|Vania,2|3|4,9.124|3.075|0.058,62,0,58
1790904260648074720,Nicolas,0f69c4af1852,0.777,3,c23c86cdaf34|c8a39ebeb095|52588183beee,Nahim|Sebastian|Vania,2|3|4,9.324|3.275|0.258,62,0,58
1790904260848035488,Nicolas,0f69c4af1852,0.977,3,c23c86cdaf34|c8a39ebeb095|52588183beee,Nahim|Sebastian|Vania,2|3|4,9.524|3.475|0.458,62,0,58
1790904261048016928,Nicolas,0f69c4af1852,1.177,3,c23c86cdaf34|c8a39ebeb095|52588183beee,Nahim|Sebastian|Vania,2|3|4,9.724|3.675|0.658,62,0,58
1790904261247976704,Nicolas,0f69c4af1852,1.377,3,c23c86cdaf34|c8a39ebeb095|52588183beee,Nahim|Sebastian|Vania,2|3|4,9.924|3.875|0.858,62,0,58
1790904261447614848,Nicolas,0f69c4af1852,1.577,3,c23c86cdaf34|c8a39ebeb095|52588183beee,Nahim|Sebastian|Vania,2|3|4,10.123|4.075|1.058,62,0,58
1790904261648062368,Nicolas,0f69c4af1852,1.777,3,c23c86cdaf34|c8a39ebeb095|52588183beee,Nahim|Sebastian|Vania,2|3|4,10.324|4.275|1.258,62,0,58
1790904261847725696,Nicolas,0f69c4af1852,1.977,3,c23c86cdaf34|c8a39ebeb095|52588183beee,Nahim|Sebastian|Vania,2|3|4,10.523|4.475|1.458,62,0,58
1790904262048019296,Nicolas,0f69c4af1852,2.177,3,c23c86cdaf34|c8a39ebeb095|52588183beee,Nahim|Sebastian|Vania,2|3|4,10.724|4.675|1.658,62,0,58
1790904262247782688,Nicolas,0f69c4af1852,2.377,3,c23c86cdaf34|c8a39ebeb095|52588183beee,Nahim|Sebastian|Vania,2|3|4,10.924|4.875|1.858,62,0,58
1790904262447973568,Nicolas,0f69c4af1852,2.577,3,c23c86cdaf34|c8a39ebeb095|52588183beee,Nahim|Sebastian|Vania,2|3|4,11.124|5.075|2.058,62,0,58
1790904262648122528,Nicolas,0f69c4af1852,2.777,3,c23c86cdaf34|c8a39ebeb095|52588183beee,Nahim|Sebastian|Vania,2|3|4,11.323|5.275|2.258,62,0,58
1790904262848038560,Nicolas,0f69c4af1852,2.977,3,c23c86cdaf34|c8a39ebeb095|52588183beee,Nahim|Sebastian|Vania,2|3|4,11.524|5.475|2.458,62,0,58
1790904263047955680,Vania,52588183beee,0.156,2,c23c86cdaf34|c8a39ebeb095,Nahim|Sebastian,2|3,11.724|5.675,62,0,59
1790904263247774688,Vania,52588183beee,0.356,2,c23c86cdaf34|c8a39ebeb095,Nahim|Sebastian,2|3,11.923|5.875,62,0,59
1790904263447223232,Vania,52588183beee,0.556,3,c23c86cdaf34|c8a39ebeb095|5083d552fc39,Nahim|Sebastian|Nicolas,2|3|1,12.123|6.075|0.039,63,0,59
1790904263647937664,Vania,52588183beee,0.756,3,c23c86cdaf34|c8a39ebeb095|5083d552fc39,Nahim|Sebastian|Nicolas,2|3|1,12.324|6.275|0.240,63,0,59
1790904263847598304,Vania,52588183beee,0.956,3,c23c86cdaf34|c8a39ebeb095|5083d552fc39,Nahim|Sebastian|Nicolas,2|3|1,12.523|6.475|0.440,63,0,59
1790904264048039232,Vania,52588183beee,1.156,3,c23c86cdaf34|c8a39ebeb095|5083d552fc39,Nahim|Sebastian|Nicolas,2|3|1,12.724|6.675|0.640,63,0,59
1790904264248019392,Vania,52588183beee,1.356,3,c23c86cdaf34|c8a39ebeb095|5083d552fc39,Nahim|Sebastian|Nicolas,2|3|1,12.924|6.875|0.840,63,0,59
1790904264447618912,Vania,52588183beee,1.556,3,c23c86cdaf34|c8a39ebeb095|5083d552fc39,Nahim|Sebastian|Nicolas,2|3|1,13.123|7.075|1.040,63,0,59
1790904264647921216,Vania,52588183beee,1.756,3,c23c86cdaf34|c8a39ebeb095|5083d552fc39,Nahim|Sebastian|Nicolas,2|3|1,13.324|7.275|1.240,63,0,59
1790904264847342176,Vania,52588183beee,1.956,3,c23c86cdaf34|c8a39ebeb095|5083d552fc39,Nahim|Sebastian|Nicolas,2|3|1,13.523|7.475|1.439,63,0,59
1790904265047224896,Vania,52588183beee,2.156,3,c23c86cdaf34|c8a39ebeb095|5083d552fc39,Nahim|Sebastian|Nicolas,2|3|1,13.723|7.675|1.639,63,0,59
1790904265247876288,Vania,52588183beee,2.356,3,c23c86cdaf34|c8a39ebeb095|5083d552fc39,Nahim|Sebastian|Nicolas,2|3|1,13.924|7.875|1.840,63,0,59
1790904265447952576,Vania,52588183beee,2.556,3,c23c86cdaf34|c8a39ebeb095|5083d552fc39,Nahim|Sebastian|Nicolas,2|3|1,14.124|8.075|2.040,63,0,59
1790904265647941760,Vania,52588183beee,2.756,3,c23c86cdaf34|c8a39ebeb095|5083d552fc39,Nahim|Sebastian|Nicolas,2|3|1,14.324|8.275|2.240,63,0,59
1790904265847976000,Vania,52588183beee,2.956,3,c23c86cdaf34|c8a39ebeb095|5083d552fc39,Nahim|Sebastian|Nicolas,2|3|1,14.524|8.475|2.440,63,0,59
1790904266047828576,Sebastian,c8a39ebeb095,0.134,2,c23c86cdaf34|5083d552fc39,Nahim|Nicolas,2|1,14.723|2.640,63,0,60
1790904266247651584,Sebastian,c8a39ebeb095,0.334,2,c23c86cdaf34|5083d552fc39,Nahim|Nicolas,2|1,14.923|2.840,63,0,60
1790904266447176128,Sebastian,c8a39ebeb095,0.534,3,c23c86cdaf34|5083d552fc39|94e27478ad07,Nahim|Nicolas|Vania,2|1|4,15.123|3.039|0.014,64,0,60
1790904266647977376,Sebastian,c8a39ebeb095,0.734,3,c23c86cdaf34|5083d552fc39|94e27478ad07,Nahim|Nicolas|Vania,2|1|4,15.324|3.240|0.215,64,0,60
1790904266847850784,Sebastian,c8a39ebeb095,0.934,3,c23c86cdaf34|5083d552fc39|94e27478ad07,Nahim|Nicolas|Vania,2|1|4,15.524|3.440|0.415,64,0,60
1790904267047547040,Sebastian,c8a39ebeb095,1.134,3,c23c86cdaf34|5083d552fc39|94e27478ad07,Nahim|Nicolas|Vania,2|1|4,15.723|3.640|0.614,64,0,60
1790904267248077504,Sebastian,c8a39ebeb095,1.335,3,c23c86cdaf34|5083d552fc39|94e27478ad07,Nahim|Nicolas|Vania,2|1|4,15.924|3.840|0.815,64,0,60
1790904267447681568,Sebastian,c8a39ebeb095,1.534,3,c23c86cdaf34|5083d552fc39|94e27478ad07,Nahim|Nicolas|Vania,2|1|4,16.123|4.039|1.014,64,0,60
1790904267648070816,Sebastian,c8a39ebeb095,1.735,3,c23c86cdaf34|5083d552fc39|94e27478ad07,Nahim|Nicolas|Vania,2|1|4,16.324|4.240|1.215,64,0,60
1790904267847583008,Sebastian,c8a39ebeb095,1.934,3,c23c86cdaf34|5083d552fc39|94e27478ad07,Nahim|Nicolas|Vania,2|1|4,16.523|4.440|1.415,64,0,60
1790904268047803712,Sebastian,c8a39ebeb095,2.134,3,c23c86cdaf34|5083d552fc39|94e27478ad07,Nahim|Nicolas|Vania,2|1|4,16.724|4.640|1.615,64,0,60
1790904268248003776,Sebastian,c8a39ebeb095,2.334,3,c23c86cdaf34|5083d552fc39|94e27478ad07,Nahim|Nicolas|Vania,2|1|4,16.924|4.840|1.815,64,0,60
1790904268448022016,Sebastian,c8a39ebeb095,2.534,3,c23c86cdaf34|5083d552fc39|94e27478ad07,Nahim|Nicolas|Vania,2|1|4,17.124|5.040|2.015,64,0,60
1790904268647629696,Sebastian,c8a39ebeb095,2.734,3,c23c86cdaf34|5083d552fc39|94e27478ad07,Nahim|Nicolas|Vania,2|1|4,17.323|5.240|2.215,64,0,60
1790904268847968224,Sebastian,c8a39ebeb095,2.934,3,c23c86cdaf34|5083d552fc39|94e27478ad07,Nahim|Nicolas|Vania,2|1|4,17.524|5.440|2.415,64,0,60
1790904269047968896,Vania,94e27478ad07,0.115,2,c23c86cdaf34|5083d552fc39,Nahim|Nicolas,2|1,17.724|5.640,64,0,61
1790904269247795840,Vania,94e27478ad07,0.314,2,c23c86cdaf34|5083d552fc39,Nahim|Nicolas,2|1,17.924|5.840,64,0,61
1790904269448001152,Vania,94e27478ad07,0.515,2,c23c86cdaf34|5083d552fc39,Nahim|Nicolas,2|1,18.124|6.040,64,0,61
1790904269648343296,Vania,94e27478ad07,0.715,3,c23c86cdaf34|5083d552fc39|ada61cdffa03,Nahim|Nicolas|Sebastian,2|1|3,18.324|6.240|0.195,65,0,61
1790904269847249056,Vania,94e27478ad07,0.914,3,c23c86cdaf34|5083d552fc39|ada61cdffa03,Nahim|Nicolas|Sebastian,2|1|3,18.523|6.439|0.394,65,0,61
1790904270047267840,Vania,94e27478ad07,1.114,3,c23c86cdaf34|5083d552fc39|ada61cdffa03,Nahim|Nicolas|Sebastian,2|1|3,18.723|6.639|0.594,65,0,61
1790904270247981792,Vania,94e27478ad07,1.315,3,c23c86cdaf34|5083d552fc39|ada61cdffa03,Nahim|Nicolas|Sebastian,2|1|3,18.924|6.840|0.794,65,0,61
1790904270447699808,Vania,94e27478ad07,1.514,3,c23c86cdaf34|5083d552fc39|ada61cdffa03,Nahim|Nicolas|Sebastian,2|1|3,19.123|7.040|0.994,65,0,61
1790904270648153152,Vania,94e27478ad07,1.715,3,c23c86cdaf34|5083d552fc39|ada61cdffa03,Nahim|Nicolas|Sebastian,2|1|3,19.324|7.240|1.194,65,0,61
1790904270848113760,Vania,94e27478ad07,1.915,3,c23c86cdaf34|5083d552fc39|ada61cdffa03,Nahim|Nicolas|Sebastian,2|1|3,19.524|7.440|1.394,65,0,61
1790904271047405728,Vania,94e27478ad07,2.114,3,c23c86cdaf34|5083d552fc39|ada61cdffa03,Nahim|Nicolas|Sebastian,2|1|3,19.723|7.639|1.594,65,0,61
1790904271248061664,Vania,94e27478ad07,2.315,3,c23c86cdaf34|5083d552fc39|ada61cdffa03,Nahim|Nicolas|Sebastian,2|1|3,19.924|7.840|1.794,65,0,61
1790904271447916352,Vania,94e27478ad07,2.515,3,c23c86cdaf34|5083d552fc39|ada61cdffa03,Nahim|Nicolas|Sebastian,2|1|3,20.124|8.040|1.994,65,0,61
1790904271647948480,Vania,94e27478ad07,2.715,3,c23c86cdaf34|5083d552fc39|ada61cdffa03,Nahim|Nicolas|Sebastian,2|1|3,20.324|8.240|2.194,65,0,61
1790904271847972480,Vania,94e27478ad07,2.915,3,c23c86cdaf34|5083d552fc39|ada61cdffa03,Nahim|Nicolas|Sebastian,2|1|3,20.524|8.440|2.394,65,0,61
1790904272048064928,Nahim,c23c86cdaf34,0.093,2,5083d552fc39|ada61cdffa03,Nicolas|Sebastian,1|3,8.640|2.594,65,0,62
1790904272247402144,Nahim,c23c86cdaf34,0.293,2,5083d552fc39|ada61cdffa03,Nicolas|Sebastian,1|3,8.839|2.794,65,0,62
1790904272447977440,Nahim,c23c86cdaf34,0.493,2,5083d552fc39|ada61cdffa03,Nicolas|Sebastian,1|3,9.040|2.994,65,0,62
1790904272647245920,Nahim,c23c86cdaf34,0.692,3,5083d552fc39|ada61cdffa03|c46e6b8796b7,Nicolas|Sebastian|Vania,1|3|4,9.239|3.194|0.165,66,1,62
1790904272847929952,Nahim,c23c86cdaf34,0.893,3,5083d552fc39|ada61cdffa03|c46e6b8796b7,Nicolas|Sebastian|Vania,1|3|4,9.440|3.394|0.366,66,1,62
1790904273048082688,Nahim,c23c86cdaf34,1.093,3,5083d552fc39|ada61cdffa03|c46e6b8796b7,Nicolas|Sebastian|Vania,1|3|4,9.640|3.594|0.566,66,1,62
1790904273247902272,Nahim,c23c86cdaf34,1.293,3,5083d552fc39|ada61cdffa03|c46e6b8796b7,Nicolas|Sebastian|Vania,1|3|4,9.840|3.794|0.766,66,1,62
1790904273447327328,Nahim,c23c86cdaf34,1.493,3,5083d552fc39|ada61cdffa03|c46e6b8796b7,Nicolas|Sebastian|Vania,1|3|4,10.039|3.994|0.966,66,1,62
1790904273647871104,Nahim,c23c86cdaf34,1.693,3,5083d552fc39|ada61cdffa03|c46e6b8796b7,Nicolas|Sebastian|Vania,1|3|4,10.240|4.194|1.166,66,1,62
1790904273847883712,Nahim,c23c86cdaf34,1.893,3,5083d552fc39|ada61cdffa03|c46e6b8796b7,Nicolas|Sebastian|Vania,1|3|4,10.440|4.394|1.366,66,1,62
1790904274048008288,Nahim,c23c86cdaf34,2.093,3,5083d552fc39|ada61cdffa03|c46e6b8796b7,Nicolas|Sebastian|Vania,1|3|4,10.640|4.594|1.566,66,1,62
1790904274247905376,Nahim,c23c86cdaf34,2.293,3,5083d552fc39|ada61cdffa03|c46e6b8796b7,Nicolas|Sebastian|Vania,1|3|4,10.840|4.794|1.766,66,1,62
1790904274447454496,Nahim,c23c86cdaf34,2.493,3,5083d552fc39|ada61cdffa03|c46e6b8796b7,Nicolas|Sebastian|Vania,1|3|4,11.039|4.994|1.966,66,1,62
1790904274647299680,Nahim,c23c86cdaf34,2.692,3,5083d552fc39|ada61cdffa03|c46e6b8796b7,Nicolas|Sebastian|Vania,1|3|4,11.239|5.194|2.166,66,1,62
1790904274847932000,Nahim,c23c86cdaf34,2.893,3,5083d552fc39|ada61cdffa03|c46e6b8796b7,Nicolas|Sebastian|Vania,1|3|4,11.440|5.394|2.366,66,1,62
1790904275048082688,Vania,c46e6b8796b7,0.075,2,5083d552fc39|ada61cdffa03,Nicolas|Sebastian,1|3,11.640|5.594,66,1,63
1790904275247971104,Vania,c46e6b8796b7,0.275,2,5083d552fc39|ada61cdffa03,Nicolas|Sebastian,1|3,11.840|5.794,66,1,63
1790904275447895104,Vania,c46e6b8796b7,0.475,2,5083d552fc39|ada61cdffa03,Nicolas|Sebastian,1|3,12.040|5.994,66,1,63
1790904275647889440,Vania,c46e6b8796b7,0.675,3,5083d552fc39|ada61cdffa03|aa95bdd9493b,Nicolas|Sebastian|Nahim,1|3|2,12.240|6.194|0.155,67,1,63
1790904275847296544,Vania,c46e6b8796b7,0.874,3,5083d552fc39|ada61cdffa03|aa95bdd9493b,Nicolas|Sebastian|Nahim,1|3|2,12.439|6.394|0.354,67,1,63
1790904276047968480,Vania,c46e6b8796b7,1.075,3,5083d552fc39|ada61cdffa03|aa95bdd9493b,Nicolas|Sebastian|Nahim,1|3|2,12.640|6.594|0.555,67,1,63
1790904276247487936,Vania,c46e6b8796b7,1.274,3,5083d552fc39|ada61cdffa03|aa95bdd9493b,Nicolas|Sebastian|Nahim,1|3|2,12.839|6.794|0.755,67,1,63
1790904276448070208,Vania,c46e6b8796b7,1.475,3,5083d552fc39|ada61cdffa03|aa95bdd9493b,Nicolas|Sebastian|Nahim,1|3|2,13.040|6.994|0.955,67,1,63
1790904276647912480,Vania,c46e6b8796b7,1.675,3,5083d552fc39|ada61cdffa03|aa95bdd9493b,Nicolas|Sebastian|Nahim,1|3|2,13.240|7.194|1.155,67,1,63
1790904276847885888,Vania,c46e6b8796b7,1.875,3,5083d552fc39|ada61cdffa03|aa95bdd9493b,Nicolas|Sebastian|Nahim,1|3|2,13.440|7.394|1.355,67,1,63
1790904277048001536,Vania,c46e6b8796b7,2.075,3,5083d552fc39|ada61cdffa03|aa95bdd9493b,Nicolas|Sebastian|Nahim,1|3|2,13.640|7.594|1.555,67,1,63
1790904277247919552,Vania,c46e6b8796b7,2.275,3,5083d552fc39|ada61cdffa03|aa95bdd9493b,Nicolas|Sebastian|Nahim,1|3|2,13.840|7.794|1.755,67,1,63
1790904277448057120,Vania,c46e6b8796b7,2.475,3,5083d552fc39|ada61cdffa03|aa95bdd9493b,Nicolas|Sebastian|Nahim,1|3|2,14.040|7.994|1.955,67,1,63
1790904277648179488,Vania,c46e6b8796b7,2.675,3,5083d552fc39|ada61cdffa03|aa95bdd9493b,Nicolas|Sebastian|Nahim,1|3|2,14.240|8.194|2.155,67,1,63
1790904277848004096,Vania,c46e6b8796b7,2.875,3,5083d552fc39|ada61cdffa03|aa95bdd9493b,Nicolas|Sebastian|Nahim,1|3|2,14.440|8.394|2.355,67,1,63
1790904278047924736,Sebastian,ada61cdffa03,0.056,2,5083d552fc39|aa95bdd9493b,Nicolas|Nahim,1|2,14.640|2.555,67,1,64
1790904278248032960,Sebastian,ada61cdffa03,0.256,2,5083d552fc39|aa95bdd9493b,Nicolas|Nahim,1|2,14.840|2.755,67,1,64
1790904278448012736,Sebastian,ada61cdffa03,0.456,2,5083d552fc39|aa95bdd9493b,Nicolas|Nahim,1|2,15.040|2.955,67,1,64
1790904278647870496,Sebastian,ada61cdffa03,0.656,3,5083d552fc39|aa95bdd9493b|9507b0e62537,Nicolas|Nahim|Vania,1|2|4,15.240|3.155|0.137,68,1,64
1790904278847918144,Sebastian,ada61cdffa03,0.856,3,5083d552fc39|aa95bdd9493b|9507b0e62537,Nicolas|Nahim|Vania,1|2|4,15.440|3.355|0.337,68,1,64
1790904279047941216,Sebastian,ada61cdffa03,1.056,3,5083d552fc39|aa95bdd9493b|9507b0e62537,Nicolas|Nahim|Vania,1|2|4,15.640|3.555|0.537,68,1,64
1790904279247356992,Sebastian,ada61cdffa03,1.255,3,5083d552fc39|aa95bdd9493b|9507b0e62537,Nicolas|Nahim|Vania,1|2|4,15.839|3.754|0.736,68,1,64
1790904279448036704,Sebastian,ada61cdffa03,1.456,3,5083d552fc39|aa95bdd9493b|9507b0e62537,Nicolas|Nahim|Vania,1|2|4,16.040|3.955|0.937,68,1,64
1790904279647236192,Sebastian,ada61cdffa03,1.655,3,5083d552fc39|aa95bdd9493b|9507b0e62537,Nicolas|Nahim|Vania,1|2|4,16.239|4.154|1.136,68,1,64
1790904279847817888,Sebastian,ada61cdffa03,1.856,3,5083d552fc39|aa95bdd9493b|9507b0e62537,Nicolas|Nahim|Vania,1|2|4,16.440|4.355|1.337,68,1,64
1790904280047940896,Sebastian,ada61cdffa03,2.056,3,5083d552fc39|aa95bdd9493b|9507b0e62537,Nicolas|Nahim|Vania,1|2|4,16.640|4.555|1.537,68,1,64
1790904280248167584,Sebastian,ada61cdffa03,2.256,3,5083d552fc39|aa95bdd9493b|9507b0e62537,Nicolas|Nahim|Vania,1|2|4,16.840|4.755|1.737,68,1,64
1790904280447505088,Sebastian,ada61cdffa03,2.455,3,5083d552fc39|aa95bdd9493b|9507b0e62537,Nicolas|Nahim|Vania,1|2|4,17.039|4.955|1.936,68,1,64
1790904280647942336,Sebastian,ada61cdffa03,2.656,3,5083d552fc39|aa95bdd9493b|9507b0e62537,Nicolas|Nahim|Vania,1|2|4,17.240|5.155|2.137,68,1,64
1790904280848018336,Sebastian,ada61cdffa03,2.856,3,5083d552fc39|aa95bdd9493b|9507b0e62537,Nicolas|Nahim|Vania,1|2|4,17.440|5.355|2.337,68,1,64
1790904281047766944,Vania,9507b0e62537,0.036,2,5083d552fc39|aa95bdd9493b,Nicolas|Nahim,1|2,17.640|5.555,68,1,65
1790904281247879328,Vania,9507b0e62537,0.236,2,5083d552fc39|aa95bdd9493b,Nicolas|Nahim,1|2,17.840|5.755,68,1,65
1790904281447763392,Vania,9507b0e62537,0.436,2,5083d552fc39|aa95bdd9493b,Nicolas|Nahim,1|2,18.040|5.955,68,1,65
1790904281647912896,Vania,9507b0e62537,0.636,3,5083d552fc39|aa95bdd9493b|15b411343505,Nicolas|Nahim|Sebastian,1|2|3,18.240|6.155|0.114,69,1,65
1790904281847450432,Vania,9507b0e62537,0.836,3,5083d552fc39|aa95bdd9493b|15b411343505,Nicolas|Nahim|Sebastian,1|2|3,18.439|6.355|0.313,69,1,65
1790904282047923488,Vania,9507b0e62537,1.036,3,5083d552fc39|aa95bdd9493b|15b411343505,Nicolas|Nahim|Sebastian,1|2|3,18.640|6.555|0.514,69,1,65
1790904282247273152,Vania,9507b0e62537,1.236,3,5083d552fc39|aa95bdd9493b|15b411343505,Nicolas|Nahim|Sebastian,1|2|3,18.839|6.754|0.713,69,1,65
1790904282447903808,Vania,9507b0e62537,1.436,3,5083d552fc39|aa95bdd9493b|15b411343505,Nicolas|Nahim|Sebastian,1|2|3,19.040|6.955|0.914,69,1,65
1790904282647895680,Vania,9507b0e62537,1.636,3,5083d552fc39|aa95bdd9493b|15b411343505,Nicolas|Nahim|Sebastian,1|2|3,19.240|7.155|1.114,69,1,65
1790904282847822400,Vania,9507b0e62537,1.836,3,5083d552fc39|aa95bdd9493b|15b411343505,Nicolas|Nahim|Sebastian,1|2|3,19.440|7.355|1.314,69,1,65
1790904283047937664,Vania,9507b0e62537,2.036,3,5083d552fc39|aa95bdd9493b|15b411343505,Nicolas|Nahim|Sebastian,1|2|3,19.640|7.555|1.514,69,1,65
1790904283247978688,Vania,9507b0e62537,2.236,3,5083d552fc39|aa95bdd9493b|15b411343505,Nicolas|Nahim|Sebastian,1|2|3,19.840|7.755|1.714,69,1,65
1790904283447843968,Vania,9507b0e62537,2.436,3,5083d552fc39|aa95bdd9493b|15b411343505,Nicolas|Nahim|Sebastian,1|2|3,20.040|7.955|1.914,69,1,65
1790904283647992384,Vania,9507b0e62537,2.636,3,5083d552fc39|aa95bdd9493b|15b411343505,Nicolas|Nahim|Sebastian,1|2|3,20.240|8.155|2.114,69,1,65
1790904283848201728,Vania,9507b0e62537,2.836,3,5083d552fc39|aa95bdd9493b|15b411343505,Nicolas|Nahim|Sebastian,1|2|3,20.440|8.355|2.314,69,1,65
1790904284047798464,Nicolas,5083d552fc39,0.017,2,aa95bdd9493b|15b411343505,Nahim|Sebastian,2|3,8.555|2.514,69,1,66
1790904284248200864,Nicolas,5083d552fc39,0.217,2,aa95bdd9493b|15b411343505,Nahim|Sebastian,2|3,8.755|2.714,69,1,66
1790904284447864864,Nicolas,5083d552fc39,0.417,2,aa95bdd9493b|15b411343505,Nahim|Sebastian,2|3,8.955|2.914,69,1,66
1790904284647740896,Nicolas,5083d552fc39,0.617,3,aa95bdd9493b|15b411343505|7ab45321e56a,Nahim|Sebastian|Vania,2|3|4,9.155|3.114|0.096,70,1,66
1790904284847967872,Nicolas,5083d552fc39,0.817,3,aa95bdd9493b|15b411343505|7ab45321e56a,Nahim|Sebastian|Vania,2|3|4,9.355|3.314|0.296,70,1,66
1790904285047928928,Nicolas,5083d552fc39,1.017,3,aa95bdd9493b|15b411343505|7ab45321e56a,Nahim|Sebastian|Vania,2|3|4,9.555|3.514|0.496,70,1,66
1790904285247505248,Nicolas,5083d552fc39,1.217,3,aa95bdd9493b|15b411343505|7ab45321e56a,Nahim|Sebastian|Vania,2|3|4,9.755|3.714|0.696,70,1,66
1790904285448266528,Nicolas,5083d552fc39,1.417,3,aa95bdd9493b|15b411343505|7ab45321e56a,Nahim|Sebastian|Vania,2|3|4,9.955|3.914|0.897,70,1,66
1790904285648145920,Nicolas,5083d552fc39,1.617,3,aa95bdd9493b|15b411343505|7ab45321e56a,Nahim|Sebastian|Vania,2|3|4,10.155|4.114|1.096,70,1,66
1790904285847740800,Nicolas,5083d552fc39,1.817,3,aa95bdd9493b|15b411343505|7ab45321e56a,Nahim|Sebastian|Vania,2|3|4,10.355|4.314|1.296,70,1,66
1790904286048033504,Nicolas,5083d552fc39,2.017,3,aa95bdd9493b|15b411343505|7ab45321e56a,Nahim|Sebastian|Vania,2|3|4,10.555|4.514|1.497,70,1,66
1790904286247922592,Nicolas,5083d552fc39,2.217,3,aa95bdd9493b|15b411343505|7ab45321e56a,Nahim|Sebastian|Vania,2|3|4,10.755|4.714|1.696,70,1,66
1790904286449278976,Nicolas,5083d552fc39,2.418,3,aa95bdd9493b|15b411343505|7ab45321e56a,Nahim|Sebastian|Vania,2|3|4,10.956|4.915|1.898,70,1,66
1790904286647682272,Nicolas,5083d552fc39,2.617,3,aa95bdd9493b|15b411343505|7ab45321e56a,Nahim|Sebastian|Vania,2|3|4,11.155|5.114|2.096,70,1,66
1790904286847967488,Nicolas,5083d552fc39,2.817,3,aa95bdd9493b|15b411343505|7ab45321e56a,Nahim|Sebastian|Vania,2|3|4,11.355|5.314|2.296,70,1,66
1790904287047895360,Nicolas,5083d552fc39,3.017,3,aa95bdd9493b|15b411343505|7ab45321e56a,Nahim|Sebastian|Vania,2|3|4,11.555|5.514|2.496,70,1,66
1790904287247926432,Vania,7ab45321e56a,0.197,2,aa95bdd9493b|15b411343505,Nahim|Sebastian,2|3,11.755|5.714,70,1,67
1790904287448176768,Vania,7ab45321e56a,0.397,2,aa95bdd9493b|15b411343505,Nahim|Sebastian,2|3,11.955|5.914,70,1,67
1790904287647585376,Vania,7ab45321e56a,0.597,3,aa95bdd9493b|15b411343505|e10aa9cc708e,Nahim|Sebastian|Nicolas,2|3|1,12.155|6.114|0.075,71,1,67
1790904287848493376,Vania,7ab45321e56a,0.797,3,aa95bdd9493b|15b411343505|e10aa9cc708e,Nahim|Sebastian|Nicolas,2|3|1,12.356|6.314|0.276,71,1,67
1790904288048028288,Vania,7ab45321e56a,0.997,3,aa95bdd9493b|15b411343505|e10aa9cc708e,Nahim|Sebastian|Nicolas,2|3|1,12.555|6.514|0.476,71,1,67
1790904288247995936,Vania,7ab45321e56a,1.197,3,aa95bdd9493b|15b411343505|e10aa9cc708e,Nahim|Sebastian|Nicolas,2|3|1,12.755|6.714|0.675,71,1,67
1790904288448225280,Vania,7ab45321e56a,1.397,3,aa95bdd9493b|15b411343505|e10aa9cc708e,Nahim|Sebastian|Nicolas,2|3|1,12.955|6.914|0.875,71,1,67
1790904288648115424,Vania,7ab45321e56a,1.597,3,aa95bdd9493b|15b411343505|e10aa9cc708e,Nahim|Sebastian|Nicolas,2|3|1,13.155|7.114|1.076,71,1,67
1790904288847667232,Vania,7ab45321e56a,1.797,3,aa95bdd9493b|15b411343505|e10aa9cc708e,Nahim|Sebastian|Nicolas,2|3|1,13.355|7.314|1.275,71,1,67
1790904289048057024,Vania,7ab45321e56a,1.997,3,aa95bdd9493b|15b411343505|e10aa9cc708e,Nahim|Sebastian|Nicolas,2|3|1,13.555|7.514|1.476,71,1,67
1790904289247509568,Vania,7ab45321e56a,2.197,3,aa95bdd9493b|15b411343505|e10aa9cc708e,Nahim|Sebastian|Nicolas,2|3|1,13.755|7.714|1.675,71,1,67
1790904289447992224,Vania,7ab45321e56a,2.397,3,aa95bdd9493b|15b411343505|e10aa9cc708e,Nahim|Sebastian|Nicolas,2|3|1,13.955|7.914|1.875,71,1,67
1790904289647310176,Vania,7ab45321e56a,2.596,3,aa95bdd9493b|15b411343505|e10aa9cc708e,Nahim|Sebastian|Nicolas,2|3|1,14.154|8.113|2.075,71,1,67
1790904289847981440,Vania,7ab45321e56a,2.797,3,aa95bdd9493b|15b411343505|e10aa9cc708e,Nahim|Sebastian|Nicolas,2|3|1,14.355|8.314|2.275,71,1,67
1790904290047910752,Vania,7ab45321e56a,2.997,3,aa95bdd9493b|15b411343505|e10aa9cc708e,Nahim|Sebastian|Nicolas,2|3|1,14.555|8.514|2.475,71,1,67
1790904290247962528,Sebastian,15b411343505,0.178,2,aa95bdd9493b|e10aa9cc708e,Nahim|Nicolas,2|1,14.755|2.675,71,1,68
1790904290447861184,Sebastian,15b411343505,0.378,2,aa95bdd9493b|e10aa9cc708e,Nahim|Nicolas,2|1,14.955|2.875,71,1,68
1790904290647569856,Sebastian,15b411343505,0.578,3,aa95bdd9493b|e10aa9cc708e|7666a275f40e,Nahim|Nicolas|Vania,2|1|4,15.155|3.075|0.063,72,1,68
1790904290847859936,Sebastian,15b411343505,0.778,3,aa95bdd9493b|e10aa9cc708e|7666a275f40e,Nahim|Nicolas|Vania,2|1|4,15.355|3.275|0.263,72,1,68
1790904291047922944,Sebastian,15b411343505,0.978,3,aa95bdd9493b|e10aa9cc708e|7666a275f40e,Nahim|Nicolas|Vania,2|1|4,15.555|3.475|0.463,72,1,68
1790904291247916544,Sebastian,15b411343505,1.178,3,aa95bdd9493b|e10aa9cc708e|7666a275f40e,Nahim|Nicolas|Vania,2|1|4,15.755|3.675|0.663,72,1,68
1790904291447903200,Sebastian,15b411343505,1.378,3,aa95bdd9493b|e10aa9cc708e|7666a275f40e,Nahim|Nicolas|Vania,2|1|4,15.955|3.875|0.863,72,1,68
1790904291647869824,Sebastian,15b411343505,1.578,3,aa95bdd9493b|e10aa9cc708e|7666a275f40e,Nahim|Nicolas|Vania,2|1|4,16.155|4.075|1.063,72,1,68
1790904291847727360,Sebastian,15b411343505,1.778,3,aa95bdd9493b|e10aa9cc708e|7666a275f40e,Nahim|Nicolas|Vania,2|1|4,16.355|4.275|1.263,72,1,68
1790904292048112480,Sebastian,15b411343505,1.978,3,aa95bdd9493b|e10aa9cc708e|7666a275f40e,Nahim|Nicolas|Vania,2|1|4,16.555|4.476|1.463,72,1,68
1790904292247990816,Sebastian,15b411343505,2.178,3,aa95bdd9493b|e10aa9cc708e|7666a275f40e,Nahim|Nicolas|Vania,2|1|4,16.755|4.675|1.663,72,1,68
1790904292447589280,Sebastian,15b411343505,2.378,3,aa95bdd9493b|e10aa9cc708e|7666a275f40e,Nahim|Nicolas|Vania,2|1|4,16.955|4.875|1.863,72,1,68
1790904292647851136,Sebastian,15b411343505,2.578,3,aa95bdd9493b|e10aa9cc708e|7666a275f40e,Nahim|Nicolas|Vania,2|1|4,17.155|5.075|2.063,72,1,68
1790904292847785760,Sebastian,15b411343505,2.778,3,aa95bdd9493b|e10aa9cc708e|7666a275f40e,Nahim|Nicolas|Vania,2|1|4,17.355|5.275|2.263,72,1,68
1790904293047998400,Sebastian,15b411343505,2.978,3,aa95bdd9493b|e10aa9cc708e|7666a275f40e,Nahim|Nicolas|Vania,2|1|4,17.555|5.475|2.463,72,1,68
1790904293248180160,Vania,7666a275f40e,0.160,2,aa95bdd9493b|e10aa9cc708e,Nahim|Nicolas,2|1,17.755|5.676,72,1,69
1790904293447973376,Vania,7666a275f40e,0.359,2,aa95bdd9493b|e10aa9cc708e,Nahim|Nicolas,2|1,17.955|5.875,72,1,69
1790904293647372352,Vania,7666a275f40e,0.559,3,aa95bdd9493b|e10aa9cc708e|dcc5e81473e8,Nahim|Nicolas|Sebastian,2|1|3,18.155|6.075|0.038,73,1,69
1790904293847940608,Vania,7666a275f40e,0.759,3,aa95bdd9493b|e10aa9cc708e|dcc5e81473e8,Nahim|Nicolas|Sebastian,2|1|3,18.355|6.275|0.238,73,1,69
1790904294047468256,Vania,7666a275f40e,0.959,3,aa95bdd9493b|e10aa9cc708e|dcc5e81473e8,Nahim|Nicolas|Sebastian,2|1|3,18.555|6.475|0.438,73,1,69
1790904294247921344,Vania,7666a275f40e,1.159,3,aa95bdd9493b|e10aa9cc708e|dcc5e81473e8,Nahim|Nicolas|Sebastian,2|1|3,18.755|6.675|0.638,73,1,69
1790904294448092480,Vania,7666a275f40e,1.359,3,aa95bdd9493b|e10aa9cc708e|dcc5e81473e8,Nahim|Nicolas|Sebastian,2|1|3,18.955|6.875|0.838,73,1,69
1790904294648092896,Vania,7666a275f40e,1.559,3,aa95bdd9493b|e10aa9cc708e|dcc5e81473e8,Nahim|Nicolas|Sebastian,2|1|3,19.155|7.076|1.038,73,1,69
1790904294847230496,Vania,7666a275f40e,1.759,3,aa95bdd9493b|e10aa9cc708e|dcc5e81473e8,Nahim|Nicolas|Sebastian,2|1|3,19.354|7.275|1.238,73,1,69
1790904295048044832,Vania,7666a275f40e,1.959,3,aa95bdd9493b|e10aa9cc708e|dcc5e81473e8,Nahim|Nicolas|Sebastian,2|1|3,19.555|7.476|1.438,73,1,69
1790904295247909280,Vania,7666a275f40e,2.159,3,aa95bdd9493b|e10aa9cc708e|dcc5e81473e8,Nahim|Nicolas|Sebastian,2|1|3,19.755|7.675|1.638,73,1,69
1790904295448269664,Vania,7666a275f40e,2.360,3,aa95bdd9493b|e10aa9cc708e|dcc5e81473e8,Nahim|Nicolas|Sebastian,2|1|3,19.955|7.876|1.839,73,1,69
1790904295647944896,Vania,7666a275f40e,2.559,3,aa95bdd9493b|e10aa9cc708e|dcc5e81473e8,Nahim|Nicolas|Sebastian,2|1|3,20.155|8.075|2.038,73,1,69
1790904295848169024,Vania,7666a275f40e,2.759,3,aa95bdd9493b|e10aa9cc708e|dcc5e81473e8,Nahim|Nicolas|Sebastian,2|1|3,20.355|8.276|2.238,73,1,69
1790904296047294688,Vania,7666a275f40e,2.959,3,aa95bdd9493b|e10aa9cc708e|dcc5e81473e8,Nahim|Nicolas|Sebastian,2|1|3,20.554|8.475|2.438,73,1,69
1790904296247732576,Nahim,aa95bdd9493b,0.139,2,e10aa9cc708e|dcc5e81473e8,Nicolas|Sebastian,1|3,8.675|2.638,73,1,70
1790904296448172416,Nahim,aa95bdd9493b,0.339,2,e10aa9cc708e|dcc5e81473e8,Nicolas|Sebastian,1|3,8.876|2.838,73,1,70
1790904296647535744,Nahim,aa95bdd9493b,0.539,3,e10aa9cc708e|dcc5e81473e8|a6940cd3ee0d,Nicolas|Sebastian|Vania,1|3|4,9.075|3.038|0.025,74,1,70
1790904296848088576,Nahim,aa95bdd9493b,0.739,3,e10aa9cc708e|dcc5e81473e8|a6940cd3ee0d,Nicolas|Sebastian|Vania,1|3|4,9.276|3.238|0.226,74,1,70
1790904297047693344,Nahim,aa95bdd9493b,0.939,3,e10aa9cc708e|dcc5e81473e8|a6940cd3ee0d,Nicolas|Sebastian|Vania,1|3|4,9.475|3.438|0.425,74,1,70
1790904297247255328,Nahim,aa95bdd9493b,1.139,3,e10aa9cc708e|dcc5e81473e8|a6940cd3ee0d,Nicolas|Sebastian|Vania,1|3|4,9.675|3.638|0.625,74,1,70
1790904297448017120,Nahim,aa95bdd9493b,1.339,3,e10aa9cc708e|dcc5e81473e8|a6940cd3ee0d,Nicolas|Sebastian|Vania,1|3|4,9.876|3.838|0.825,74,1,70
1790904297647951360,Nahim,aa95bdd9493b,1.539,3,e10aa9cc708e|dcc5e81473e8|a6940cd3ee0d,Nicolas|Sebastian|Vania,1|3|4,10.075|4.038|1.025,74,1,70
1790904297847920864,Nahim,aa95bdd9493b,1.739,3,e10aa9cc708e|dcc5e81473e8|a6940cd3ee0d,Nicolas|Sebastian|Vania,1|3|4,10.275|4.238|1.225,74,1,70
1790904298047908032,Nahim,aa95bdd9493b,1.939,3,e10aa9cc708e|dcc5e81473e8|a6940cd3ee0d,Nicolas|Sebastian|Vania,1|3|4,10.475|4.438|1.425,74,1,70
1790904298247774784,Nahim,aa95bdd9493b,2.139,3,e10aa9cc708e|dcc5e81473e8|a6940cd3ee0d,Nicolas|Sebastian|Vania,1|3|4,10.675|4.638|1.625,74,1,70
1790904298447630816,Nahim,aa95bdd9493b,2.339,3,e10aa9cc708e|dcc5e81473e8|a6940cd3ee0d,Nicolas|Sebastian|Vania,1|3|4,10.875|4.838|1.825,74,1,70
1790904298647862816,Nahim,aa95bdd9493b,2.539,3,e10aa9cc708e|dcc5e81473e8|a6940cd3ee0d,Nicolas|Sebastian|Vania,1|3|4,11.075|5.038|2.025,74,1,70
1790904298847587520,Nahim,aa95bdd9493b,2.739,3,e10aa9cc708e|dcc5e81473e8|a6940cd3ee0d,Nicolas|Sebastian|Vania,1|3|4,11.275|5.238|2.225,74,1,70
1790904299047960032,Nahim,aa95bdd9493b,2.939,3,e10aa9cc708e|dcc5e81473e8|a6940cd3ee0d,Nicolas|Sebastian|Vania,1|3|4,11.475|5.438|2.425,74,1,70
1790904299247838144,Vania,a6940cd3ee0d,0.116,2,e10aa9cc708e|dcc5e81473e8,Nicolas|Sebastian,1|3,11.675|5.638,74,1,71
1790904299447678368,Vania,a6940cd3ee0d,0.316,2,e10aa9cc708e|dcc5e81473e8,Nicolas|Sebastian,1|3,11.875|5.838,74,1,71
1790904299647721760,Vania,a6940cd3ee0d,0.516,2,e10aa9cc708e|dcc5e81473e8,Nicolas|Sebastian,1|3,12.075|6.038,74,1,71
1790904299847883584,Vania,a6940cd3ee0d,0.716,3,e10aa9cc708e|dcc5e81473e8|426053c62909,Nicolas|Sebastian|Nahim,1|3|2,12.275|6.238|0.196,75,1,71
1790904300047493824,Vania,a6940cd3ee0d,0.915,3,e10aa9cc708e|dcc5e81473e8|426053c62909,Nicolas|Sebastian|Nahim,1|3|2,12.475|6.438|0.395,75,1,71
1790904300247957568,Vania,a6940cd3ee0d,1.116,3,e10aa9cc708e|dcc5e81473e8|426053c62909,Nicolas|Sebastian|Nahim,1|3|2,12.675|6.638|0.596,75,1,71
1790904300448297344,Vania,a6940cd3ee0d,1.316,3,e10aa9cc708e|dcc5e81473e8|426053c62909,Nicolas|Sebastian|Nahim,1|3|2,12.876|6.838|0.796,75,1,71
1790904300647919072,Vania,a6940cd3ee0d,1.516,3,e10aa9cc708e|dcc5e81473e8|426053c62909,Nicolas|Sebastian|Nahim,1|3|2,13.075|7.038|0.996,75,1,71
1790904300847439232,Vania,a6940cd3ee0d,1.715,3,e10aa9cc708e|dcc5e81473e8|426053c62909,Nicolas|Sebastian|Nahim,1|3|2,13.275|7.238|1.195,75,1,71
1790904301047895136,Vania,a6940cd3ee0d,1.916,3,e10aa9cc708e|dcc5e81473e8|426053c62909,Nicolas|Sebastian|Nahim,1|3|2,13.475|7.438|1.396,75,1,71
1790904301247888224,Vania,a6940cd3ee0d,2.116,3,e10aa9cc708e|dcc5e81473e8|426053c62909,Nicolas|Sebastian|Nahim,1|3|2,13.675|7.638|1.596,75,1,71
1790904301447316768,Vania,a6940cd3ee0d,2.315,3,e10aa9cc708e|dcc5e81473e8|426053c62909,Nicolas|Sebastian|Nahim,1|3|2,13.875|7.838|1.795,75,1,71
1790904301648060320,Vania,a6940cd3ee0d,2.516,3,e10aa9cc708e|dcc5e81473e8|426053c62909,Nicolas|Sebastian|Nahim,1|3|2,14.076|8.038|1.996,75,1,71
1790904301847875680,Vania,a6940cd3ee0d,2.716,3,e10aa9cc708e|dcc5e81473e8|426053c62909,Nicolas|Sebastian|Nahim,1|3|2,14.275|8.238|2.196,75,1,71
1790904302047265088,Vania,a6940cd3ee0d,2.915,3,e10aa9cc708e|dcc5e81473e8|426053c62909,Nicolas|Sebastian|Nahim,1|3|2,14.475|8.438|2.395,75,1,71
1790904302247740128,Sebastian,dcc5e81473e8,0.091,2,e10aa9cc708e|426053c62909,Nicolas|Nahim,1|2,14.675|2.596,75,1,72
1790904302447815424,Sebastian,dcc5e81473e8,0.291,2,e10aa9cc708e|426053c62909,Nicolas|Nahim,1|2,14.875|2.796,75,1,72
1790904302647786176,Sebastian,dcc5e81473e8,0.491,2,e10aa9cc708e|426053c62909,Nicolas|Nahim,1|2,15.075|2.996,75,1,72
1790904302847783552,Sebastian,dcc5e81473e8,0.691,3,e10aa9cc708e|426053c62909|553eb3db8642,Nicolas|Nahim|Vania,1|2|4,15.275|3.196|0.170,76,1,72
1790904303047957088,Sebastian,dcc5e81473e8,0.891,3,e10aa9cc708e|426053c62909|553eb3db8642,Nicolas|Nahim|Vania,1|2|4,15.475|3.396|0.371,76,1,72
1790904303247678432,Sebastian,dcc5e81473e8,1.091,3,e10aa9cc708e|426053c62909|553eb3db8642,Nicolas|Nahim|Vania,1|2|4,15.675|3.596|0.570,76,1,72
1790904303448055456,Sebastian,dcc5e81473e8,1.291,3,e10aa9cc708e|426053c62909|553eb3db8642,Nicolas|Nahim|Vania,1|2|4,15.876|3.796|0.771,76,1,72
1790904303648065408,Sebastian,dcc5e81473e8,1.491,3,e10aa9cc708e|426053c62909|553eb3db8642,Nicolas|Nahim|Vania,1|2|4,16.076|3.996|0.971,76,1,72
1790904303847956640,Sebastian,dcc5e81473e8,1.691,3,e10aa9cc708e|426053c62909|553eb3db8642,Nicolas|Nahim|Vania,1|2|4,16.276|4.196|1.171,76,1,72
1790904304048293344,Sebastian,dcc5e81473e8,1.891,3,e10aa9cc708e|426053c62909|553eb3db8642,Nicolas|Nahim|Vania,1|2|4,16.476|4.396|1.371,76,1,72
1790904304247954016,Sebastian,dcc5e81473e8,2.091,3,e10aa9cc708e|426053c62909|553eb3db8642,Nicolas|Nahim|Vania,1|2|4,16.675|4.596|1.571,76,1,72
1790904304448047936,Sebastian,dcc5e81473e8,2.291,3,e10aa9cc708e|426053c62909|553eb3db8642,Nicolas|Nahim|Vania,1|2|4,16.876|4.796|1.771,76,1,72
1790904304647770304,Sebastian,dcc5e81473e8,2.491,3,e10aa9cc708e|426053c62909|553eb3db8642,Nicolas|Nahim|Vania,1|2|4,17.075|4.996|1.970,76,1,72
1790904304847772352,Sebastian,dcc5e81473e8,2.691,3,e10aa9cc708e|426053c62909|553eb3db8642,Nicolas|Nahim|Vania,1|2|4,17.275|5.196|2.171,76,1,72
1790904305047834048,Sebastian,dcc5e81473e8,2.891,3,e10aa9cc708e|426053c62909|553eb3db8642,Nicolas|Nahim|Vania,1|2|4,17.475|5.396|2.371,76,1,72
1790904305247708416,Vania,553eb3db8642,0.072,2,e10aa9cc708e|426053c62909,Nicolas|Nahim,1|2,17.675|5.595,76,1,73
1790904305447940032,Vania,553eb3db8642,0.272,2,e10aa9cc708e|426053c62909,Nicolas|Nahim,1|2,17.875|5.796,76,1,73
1790904305648002016,Vania,553eb3db8642,0.472,2,e10aa9cc708e|426053c62909,Nicolas|Nahim,1|2,18.075|5.996,76,1,73
1790904305847920832,Vania,553eb3db8642,0.672,3,e10aa9cc708e|426053c62909|9817b6b685b5,Nicolas|Nahim|Sebastian,1|2|3,18.275|6.196|0.150,77,1,73
1790904306048021120,Vania,553eb3db8642,0.872,3,e10aa9cc708e|426053c62909|9817b6b685b5,Nicolas|Nahim|Sebastian,1|2|3,18.476|6.396|0.350,77,1,73
1790904306248034560,Vania,553eb3db8642,1.072,3,e10aa9cc708e|426053c62909|9817b6b685b5,Nicolas|Nahim|Sebastian,1|2|3,18.676|6.596|0.550,77,1,73
1790904306447899200,Vania,553eb3db8642,1.272,3,e10aa9cc708e|426053c62909|9817b6b685b5,Nicolas|Nahim|Sebastian,1|2|3,18.875|6.796|0.750,77,1,73
1790904306647857536,Vania,553eb3db8642,1.472,3,e10aa9cc708e|426053c62909|9817b6b685b5,Nicolas|Nahim|Sebastian,1|2|3,19.075|6.995|0.949,77,1,73
1790904306848065408,Vania,553eb3db8642,1.672,3,e10aa9cc708e|426053c62909|9817b6b685b5,Nicolas|Nahim|Sebastian,1|2|3,19.276|7.196|1.150,77,1,73
1790904307047835264,Vania,553eb3db8642,1.872,3,e10aa9cc708e|426053c62909|9817b6b685b5,Nicolas|Nahim|Sebastian,1|2|3,19.475|7.396|1.349,77,1,73
1790904307247809024,Vania,553eb3db8642,2.072,3,e10aa9cc708e|426053c62909|9817b6b685b5,Nicolas|Nahim|Sebastian,1|2|3,19.675|7.596|1.549,77,1,73
1790904307448017504,Vania,553eb3db8642,2.272,3,e10aa9cc708e|426053c62909|9817b6b685b5,Nicolas|Nahim|Sebastian,1|2|3,19.876|7.796|1.750,77,1,73
1790904307647812960,Vania,553eb3db8642,2.472,3,e10aa9cc708e|426053c62909|9817b6b685b5,Nicolas|Nahim|Sebastian,1|2|3,20.075|7.996|1.949,77,1,73
1790904307847892384,Vania,553eb3db8642,2.672,3,e10aa9cc708e|426053c62909|9817b6b685b5,Nicolas|Nahim|Sebastian,1|2|3,20.275|8.196|2.150,77,1,73
1790904308048112064,Vania,553eb3db8642,2.872,3,e10aa9cc708e|426053c62909|9817b6b685b5,Nicolas|Nahim|Sebastian,1|2|3,20.476|8.396|2.350,77,1,73
1790904308248317504,Nicolas,e10aa9cc708e,0.051,2,426053c62909|9817b6b685b5,Nahim|Sebastian,2|3,8.596|2.550,77,1,74
1790904308448285632,Nicolas,e10aa9cc708e,0.251,2,426053c62909|9817b6b685b5,Nahim|Sebastian,2|3,8.796|2.750,77,1,74
1790904308648050912,Nicolas,e10aa9cc708e,0.451,2,426053c62909|9817b6b685b5,Nahim|Sebastian,2|3,8.996|2.950,77,1,74
1790904308847910464,Nicolas,e10aa9cc708e,0.651,3,426053c62909|9817b6b685b5|3a3c549c36e8,Nahim|Sebastian|Vania,2|3|4,9.196|3.150|0.115,78,3,74
1790904309047905728,Nicolas,e10aa9cc708e,0.851,3,426053c62909|9817b6b685b5|3a3c549c36e8,Nahim|Sebastian|Vania,2|3|4,9.396|3.350|0.315,78,3,74
1790904309247829984,Nicolas,e10aa9cc708e,1.051,3,426053c62909|9817b6b685b5|3a3c549c36e8,Nahim|Sebastian|Vania,2|3|4,9.596|3.550|0.515,78,3,74
1790904309447931296,Nicolas,e10aa9cc708e,1.251,3,426053c62909|9817b6b685b5|3a3c549c36e8,Nahim|Sebastian|Vania,2|3|4,9.796|3.750|0.715,78,3,74
1790904309647878752,Nicolas,e10aa9cc708e,1.451,3,426053c62909|9817b6b685b5|3a3c549c36e8,Nahim|Sebastian|Vania,2|3|4,9.996|3.950|0.915,78,3,74
1790904309847893920,Nicolas,e10aa9cc708e,1.651,3,426053c62909|9817b6b685b5|3a3c549c36e8,Nahim|Sebastian|Vania,2|3|4,10.196|4.150|1.115,78,3,74
1790904310048061760,Nicolas,e10aa9cc708e,1.851,3,426053c62909|9817b6b685b5|3a3c549c36e8,Nahim|Sebastian|Vania,2|3|4,10.396|4.350|1.315,78,3,74
1790904310247769280,Nicolas,e10aa9cc708e,2.051,3,426053c62909|9817b6b685b5|3a3c549c36e8,Nahim|Sebastian|Vania,2|3|4,10.596|4.549|1.515,78,3,74
1790904310448516608,Nicolas,e10aa9cc708e,2.251,3,426053c62909|9817b6b685b5|3a3c549c36e8,Nahim|Sebastian|Vania,2|3|4,10.796|4.750|1.716,78,3,74
1790904310647985504,Nicolas,e10aa9cc708e,2.451,3,426053c62909|9817b6b685b5|3a3c549c36e8,Nahim|Sebastian|Vania,2|3|4,10.996|4.950|1.916,78,3,74
1790904310848328416,Nicolas,e10aa9cc708e,2.651,3,426053c62909|9817b6b685b5|3a3c549c36e8,Nahim|Sebastian|Vania,2|3|4,11.196|5.150|2.116,78,3,74
1790904311048051808,Nicolas,e10aa9cc708e,2.851,3,426053c62909|9817b6b685b5|3a3c549c36e8,Nahim|Sebastian|Vania,2|3|4,11.396|5.350|2.316,78,3,74
1790904311247871648,Vania,3a3c549c36e8,0.031,2,426053c62909|9817b6b685b5,Nahim|Sebastian,2|3,11.596|5.550,78,3,75
1790904311447916416,Vania,3a3c549c36e8,0.231,2,426053c62909|9817b6b685b5,Nahim|Sebastian,2|3,11.796|5.750,78,3,75
1790904311648007488,Vania,3a3c549c36e8,0.431,2,426053c62909|9817b6b685b5,Nahim|Sebastian,2|3,11.996|5.950,78,3,75
1790904311847538048,Vania,3a3c549c36e8,0.631,3,426053c62909|9817b6b685b5|c4a6a2edccff,Nahim|Sebastian|Nicolas,2|3|1,12.195|6.149|0.108,79,3,75
1790904312048056064,Vania,3a3c549c36e8,0.831,3,426053c62909|9817b6b685b5|c4a6a2edccff,Nahim|Sebastian|Nicolas,2|3|1,12.396|6.350|0.309,79,3,75
1790904312247900160,Vania,3a3c549c36e8,1.031,3,426053c62909|9817b6b685b5|c4a6a2edccff,Nahim|Sebastian|Nicolas,2|3|1,12.596|6.550|0.508,79,3,75
1790904312447857280,Vania,3a3c549c36e8,1.231,3,426053c62909|9817b6b685b5|c4a6a2edccff,Nahim|Sebastian|Nicolas,2|3|1,12.796|6.749|0.708,79,3,75
1790904312647584352,Vania,3a3c549c36e8,1.431,3,426053c62909|9817b6b685b5|c4a6a2edccff,Nahim|Sebastian|Nicolas,2|3|1,12.995|6.949|0.908,79,3,75
1790904312847859936,Vania,3a3c549c36e8,1.631,3,426053c62909|9817b6b685b5|c4a6a2edccff,Nahim|Sebastian|Nicolas,2|3|1,13.196|7.150|1.108,79,3,75
1790904313047761088,Vania,3a3c549c36e8,1.831,3,426053c62909|9817b6b685b5|c4a6a2edccff,Nahim|Sebastian|Nicolas,2|3|1,13.396|7.349|1.308,79,3,75
1790904313247536480,Vania,3a3c549c36e8,2.031,3,426053c62909|9817b6b685b5|c4a6a2edccff,Nahim|Sebastian|Nicolas,2|3|1,13.595|7.549|1.508,79,3,75
1790904313447867008,Vania,3a3c549c36e8,2.231,3,426053c62909|9817b6b685b5|c4a6a2edccff,Nahim|Sebastian|Nicolas,2|3|1,13.796|7.750|1.708,79,3,75
1790904313647059392,Vania,3a3c549c36e8,2.430,3,426053c62909|9817b6b685b5|c4a6a2edccff,Nahim|Sebastian|Nicolas,2|3|1,13.995|7.949|1.908,79,3,75
1790904313847583136,Vania,3a3c549c36e8,2.631,3,426053c62909|9817b6b685b5|c4a6a2edccff,Nahim|Sebastian|Nicolas,2|3|1,14.195|8.149|2.108,79,3,75
1790904314047860192,Vania,3a3c549c36e8,2.831,3,426053c62909|9817b6b685b5|c4a6a2edccff,Nahim|Sebastian|Nicolas,2|3|1,14.396|8.350|2.308,79,3,75
1790904314248321856,Sebastian,9817b6b685b5,0.008,2,426053c62909|c4a6a2edccff,Nahim|Nicolas,2|1,14.596|2.509,79,3,76
1790904314447882368,Sebastian,9817b6b685b5,0.207,2,426053c62909|c4a6a2edccff,Nahim|Nicolas,2|1,14.796|2.708,79,3,76
1790904314647980096,Sebastian,9817b6b685b5,0.408,2,426053c62909|c4a6a2edccff,Nahim|Nicolas,2|1,14.996|2.909,79,3,76
1790904314847874528,Sebastian,9817b6b685b5,0.608,2,426053c62909|c4a6a2edccff,Nahim|Nicolas,2|1,15.196|3.109,79,3,76
1790904315047577376,Sebastian,9817b6b685b5,0.807,2,426053c62909|c4a6a2edccff,Nahim|Nicolas,2|1,15.395|3.308,79,3,76
1790904315248006400,Sebastian,9817b6b685b5,1.008,2,426053c62909|c4a6a2edccff,Nahim|Nicolas,2|1,15.596|3.509,79,3,76
1790904315447659968,Sebastian,9817b6b685b5,1.207,2,426053c62909|c4a6a2edccff,Nahim|Nicolas,2|1,15.796|3.708,79,3,76
1790904315648042976,Sebastian,9817b6b685b5,1.408,2,426053c62909|c4a6a2edccff,Nahim|Nicolas,2|1,15.996|3.909,79,3,76
1790904315847627168,Sebastian,9817b6b685b5,1.607,2,426053c62909|c4a6a2edccff,Nahim|Nicolas,2|1,16.195|4.108,79,3,76
1790904316047813472,Sebastian,9817b6b685b5,1.807,2,426053c62909|c4a6a2edccff,Nahim|Nicolas,2|1,16.396|4.308,79,3,76
1790904316247804128,Sebastian,9817b6b685b5,2.007,2,426053c62909|c4a6a2edccff,Nahim|Nicolas,2|1,16.596|4.508,79,3,76
1790904316447882336,Sebastian,9817b6b685b5,2.207,2,426053c62909|c4a6a2edccff,Nahim|Nicolas,2|1,16.796|4.708,79,3,76
1790904316647886336,Sebastian,9817b6b685b5,2.407,2,426053c62909|c4a6a2edccff,Nahim|Nicolas,2|1,16.996|4.908,79,3,76
1790904316847917920,Sebastian,9817b6b685b5,2.607,2,426053c62909|c4a6a2edccff,Nahim|Nicolas,2|1,17.196|5.108,79,3,76
1790904317047928736,Sebastian,9817b6b685b5,2.807,2,426053c62909|c4a6a2edccff,Nahim|Nicolas,2|1,17.396|5.308,79,3,76
1790904317247936416,Sebastian,9817b6b685b5,3.008,2,426053c62909|c4a6a2edccff,Nahim|Nicolas,2|1,17.596|5.509,79,3,76
1790904317447899200,Nahim,426053c62909,0.188,1,c4a6a2edccff,Nicolas,1,5.708,79,3,77
1790904317647917536,Nahim,426053c62909,0.388,1,c4a6a2edccff,Nicolas,1,5.908,79,3,77
1790904317848087424,Nahim,426053c62909,0.588,2,c4a6a2edccff|8601d11e7cd2,Nicolas|Sebastian,1|3,6.109|0.066,80,3,77
1790904318048068288,Nahim,426053c62909,0.788,2,c4a6a2edccff|8601d11e7cd2,Nicolas|Sebastian,1|3,6.309|0.266,80,3,77
1790904318247981600,Nahim,426053c62909,0.988,2,c4a6a2edccff|8601d11e7cd2,Nicolas|Sebastian,1|3,6.508|0.465,80,3,77
1790904318447501280,Nahim,426053c62909,1.187,2,c4a6a2edccff|8601d11e7cd2,Nicolas|Sebastian,1|3,6.708|0.665,80,3,77
1790904318647746240,Nahim,426053c62909,1.387,2,c4a6a2edccff|8601d11e7cd2,Nicolas|Sebastian,1|3,6.908|0.865,80,3,77
1790904318847900480,Nahim,426053c62909,1.588,2,c4a6a2edccff|8601d11e7cd2,Nicolas|Sebastian,1|3,7.108|1.065,80,3,77
1790904319048123136,Nahim,426053c62909,1.788,2,c4a6a2edccff|8601d11e7cd2,Nicolas|Sebastian,1|3,7.309|1.266,80,3,77
1790904319248200192,Nahim,426053c62909,1.988,2,c4a6a2edccff|8601d11e7cd2,Nicolas|Sebastian,1|3,7.509|1.466,80,3,77
1790904319447984160,Nahim,426053c62909,2.188,2,c4a6a2edccff|8601d11e7cd2,Nicolas|Sebastian,1|3,7.709|1.665,80,3,77
1790904319648018272,Nahim,426053c62909,2.388,2,c4a6a2edccff|8601d11e7cd2,Nicolas|Sebastian,1|3,7.909|1.865,80,3,77
1790904319847331232,Nahim,426053c62909,2.587,2,c4a6a2edccff|8601d11e7cd2,Nicolas|Sebastian,1|3,8.108|2.065,80,3,77
1790904320048087360,Nahim,426053c62909,2.788,2,c4a6a2edccff|8601d11e7cd2,Nicolas|Sebastian,1|3,8.309|2.266,80,3,77
1790904320247323168,Nahim,426053c62909,2.987,2,c4a6a2edccff|8601d11e7cd2,Nicolas|Sebastian,1|3,8.508|2.465,80,3,77
1790904320448045920,Sebastian,8601d11e7cd2,0.168,1,c4a6a2edccff,Nicolas,1,8.709,80,3,78
1790904320647614240,Sebastian,8601d11e7cd2,0.367,1,c4a6a2edccff,Nicolas,1,8.908,80,3,78
1790904320847554464,Sebastian,8601d11e7cd2,0.567,2,c4a6a2edccff|05c7c996e02d,Nicolas|Nahim,1|2,9.108|0.045,81,3,78
1790904321047317952,Sebastian,8601d11e7cd2,0.767,2,c4a6a2edccff|05c7c996e02d,Nicolas|Nahim,1|2,9.308|0.245,81,3,78
1790904321247873408,Sebastian,8601d11e7cd2,0.968,2,c4a6a2edccff|05c7c996e02d,Nicolas|Nahim,1|2,9.508|0.445,81,3,78
1790904321447995296,Sebastian,8601d11e7cd2,1.168,2,c4a6a2edccff|05c7c996e02d,Nicolas|Nahim,1|2,9.709|0.645,81,3,78
1790904321647985504,Sebastian,8601d11e7cd2,1.368,2,c4a6a2edccff|05c7c996e02d,Nicolas|Nahim,1|2,9.909|0.845,81,3,78
1790904321847908992,Sebastian,8601d11e7cd2,1.568,2,c4a6a2edccff|05c7c996e02d,Nicolas|Nahim,1|2,10.109|1.045,81,3,78
1790904322047925568,Sebastian,8601d11e7cd2,1.768,2,c4a6a2edccff|05c7c996e02d,Nicolas|Nahim,1|2,10.308|1.245,81,3,78
1790904322247215040,Sebastian,8601d11e7cd2,1.967,2,c4a6a2edccff|05c7c996e02d,Nicolas|Nahim,1|2,10.508|1.444,81,3,78
1790904322447449312,Sebastian,8601d11e7cd2,2.167,2,c4a6a2edccff|05c7c996e02d,Nicolas|Nahim,1|2,10.708|1.645,81,3,78
1790904322647927840,Sebastian,8601d11e7cd2,2.368,2,c4a6a2edccff|05c7c996e02d,Nicolas|Nahim,1|2,10.908|1.845,81,3,78
1790904322847623136,Sebastian,8601d11e7cd2,2.567,2,c4a6a2edccff|05c7c996e02d,Nicolas|Nahim,1|2,11.108|2.045,81,3,78
1790904323048340704,Sebastian,8601d11e7cd2,2.768,2,c4a6a2edccff|05c7c996e02d,Nicolas|Nahim,1|2,11.309|2.245,81,3,78
1790904323248162208,Sebastian,8601d11e7cd2,2.968,2,c4a6a2edccff|05c7c996e02d,Nicolas|Nahim,1|2,11.509|2.445,81,3,78
1790904323447233696,Nicolas,c4a6a2edccff,0.147,1,05c7c996e02d,Nahim,2,2.644,81,3,79
1790904323648003776,Nicolas,c4a6a2edccff,0.348,1,05c7c996e02d,Nahim,2,2.845,81,3,79
1790904323847297248,Nicolas,c4a6a2edccff,0.547,2,05c7c996e02d|aebf6b53f027,Nahim|Sebastian,2|3,3.044|0.024,82,3,79
1790904324047912928,Nicolas,c4a6a2edccff,0.747,2,05c7c996e02d|aebf6b53f027,Nahim|Sebastian,2|3,3.245|0.225,82,3,79
1790904324247456896,Nicolas,c4a6a2edccff,0.947,2,05c7c996e02d|aebf6b53f027,Nahim|Sebastian,2|3,3.445|0.425,82,3,79
1790904324447907456,Nicolas,c4a6a2edccff,1.147,2,05c7c996e02d|aebf6b53f027,Nahim|Sebastian,2|3,3.645|0.625,82,3,79
1790904324647293088,Nicolas,c4a6a2edccff,1.347,2,05c7c996e02d|aebf6b53f027,Nahim|Sebastian,2|3,3.845|0.824,82,3,79
1790904324847828992,Nicolas,c4a6a2edccff,1.547,2,05c7c996e02d|aebf6b53f027,Nahim|Sebastian,2|3,4.045|1.025,82,3,79
1790904325047703552,Nicolas,c4a6a2edccff,1.747,2,05c7c996e02d|aebf6b53f027,Nahim|Sebastian,2|3,4.245|1.225,82,3,79
1790904325247867456,Nicolas,c4a6a2edccff,1.947,2,05c7c996e02d|aebf6b53f027,Nahim|Sebastian,2|3,4.445|1.425,82,3,79
1790904325447843200,Nicolas,c4a6a2edccff,2.147,2,05c7c996e02d|aebf6b53f027,Nahim|Sebastian,2|3,4.645|1.625,82,3,79
1790904325647914432,Nicolas,c4a6a2edccff,2.347,2,05c7c996e02d|aebf6b53f027,Nahim|Sebastian,2|3,4.845|1.825,82,3,79
1790904325847221152,Nicolas,c4a6a2edccff,2.547,2,05c7c996e02d|aebf6b53f027,Nahim|Sebastian,2|3,5.044|2.024,82,3,79
1790904326047650560,Nicolas,c4a6a2edccff,2.747,2,05c7c996e02d|aebf6b53f027,Nahim|Sebastian,2|3,5.245|2.225,82,3,79
1790904326247926048,Nicolas,c4a6a2edccff,2.948,2,05c7c996e02d|aebf6b53f027,Nahim|Sebastian,2|3,5.445|2.425,82,3,79
1790904326448066048,Sebastian,aebf6b53f027,0.127,1,05c7c996e02d,Nahim,2,5.645,82,3,80
1790904326647748064,Sebastian,aebf6b53f027,0.327,1,05c7c996e02d,Nahim,2,5.845,82,3,80
1790904326847488512,Sebastian,aebf6b53f027,0.526,2,05c7c996e02d|f9e6228ef53c,Nahim|Nicolas,2|1,6.044|0.009,83,3,80
1790904327047845792,Sebastian,aebf6b53f027,0.727,2,05c7c996e02d|f9e6228ef53c,Nahim|Nicolas,2|1,6.245|0.210,83,3,80
1790904327247518656,Sebastian,aebf6b53f027,0.927,2,05c7c996e02d|f9e6228ef53c,Nahim|Nicolas,2|1,6.445|0.409,83,3,80
1790904327448018336,Sebastian,aebf6b53f027,1.127,2,05c7c996e02d|f9e6228ef53c,Nahim|Nicolas,2|1,6.645|0.610,83,3,80
1790904327647281024,Sebastian,aebf6b53f027,1.327,2,05c7c996e02d|f9e6228ef53c,Nahim|Nicolas,2|1,6.845|0.809,83,3,80
1790904327847728288,Sebastian,aebf6b53f027,1.527,2,05c7c996e02d|f9e6228ef53c,Nahim|Nicolas,2|1,7.045|1.010,83,3,80
1790904328047819072,Sebastian,aebf6b53f027,1.727,2,05c7c996e02d|f9e6228ef53c,Nahim|Nicolas,2|1,7.245|1.210,83,3,80
1790904328247712096,Sebastian,aebf6b53f027,1.927,2,05c7c996e02d|f9e6228ef53c,Nahim|Nicolas,2|1,7.445|1.410,83,3,80
1790904328447697888,Sebastian,aebf6b53f027,2.127,2,05c7c996e02d|f9e6228ef53c,Nahim|Nicolas,2|1,7.645|1.610,83,3,80
1790904328648101152,Sebastian,aebf6b53f027,2.327,2,05c7c996e02d|f9e6228ef53c,Nahim|Nicolas,2|1,7.845|1.810,83,3,80
1790904328847981952,Sebastian,aebf6b53f027,2.527,2,05c7c996e02d|f9e6228ef53c,Nahim|Nicolas,2|1,8.045|2.010,83,3,80
1790904329047642176,Sebastian,aebf6b53f027,2.727,2,05c7c996e02d|f9e6228ef53c,Nahim|Nicolas,2|1,8.245|2.210,83,3,80
1790904329247996160,Sebastian,aebf6b53f027,2.927,2,05c7c996e02d|f9e6228ef53c,Nahim|Nicolas,2|1,8.445|2.410,83,3,80
1790904329448038432,Nahim,05c7c996e02d,0.106,1,f9e6228ef53c,Nicolas,1,2.610,83,3,81
1790904329647944736,Nahim,05c7c996e02d,0.306,1,f9e6228ef53c,Nicolas,1,2.810,83,3,81
1790904329847571168,Nahim,05c7c996e02d,0.506,1,f9e6228ef53c,Nicolas,1,3.010,83,3,81
1790904330047883296,Nahim,05c7c996e02d,0.706,2,f9e6228ef53c|8dcfc0f0002e,Nicolas|Sebastian,1|3,3.210|0.183,84,3,81
1790904330247809248,Nahim,05c7c996e02d,0.906,2,f9e6228ef53c|8dcfc0f0002e,Nicolas|Sebastian,1|3,3.410|0.383,84,3,81
1790904330448020064,Nahim,05c7c996e02d,1.106,2,f9e6228ef53c|8dcfc0f0002e,Nicolas|Sebastian,1|3,3.610|0.583,84,3,81
1790904330647918368,Nahim,05c7c996e02d,1.306,2,f9e6228ef53c|8dcfc0f0002e,Nicolas|Sebastian,1|3,3.810|0.783,84,3,81
1790904330847986592,Nahim,05c7c996e02d,1.506,2,f9e6228ef53c|8dcfc0f0002e,Nicolas|Sebastian,1|3,4.010|0.983,84,3,81
1790904331047921888,Nahim,05c7c996e02d,1.706,2,f9e6228ef53c|8dcfc0f0002e,Nicolas|Sebastian,1|3,4.210|1.183,84,3,81
1790904331247907744,Nahim,05c7c996e02d,1.906,2,f9e6228ef53c|8dcfc0f0002e,Nicolas|Sebastian,1|3,4.410|1.383,84,3,81
1790904331447952448,Nahim,05c7c996e02d,2.106,2,f9e6228ef53c|8dcfc0f0002e,Nicolas|Sebastian,1|3,4.610|1.583,84,3,81
1790904331647958752,Nahim,05c7c996e02d,2.306,2,f9e6228ef53c|8dcfc0f0002e,Nicolas|Sebastian,1|3,4.810|1.783,84,3,81
1790904331848003200,Nahim,05c7c996e02d,2.506,2,f9e6228ef53c|8dcfc0f0002e,Nicolas|Sebastian,1|3,5.010|1.983,84,3,81
1790904332047509408,Nahim,05c7c996e02d,2.705,2,f9e6228ef53c|8dcfc0f0002e,Nicolas|Sebastian,1|3,5.209|2.183,84,3,81
1790904332247881856,Nahim,05c7c996e02d,2.906,2,f9e6228ef53c|8dcfc0f0002e,Nicolas|Sebastian,1|3,5.410|2.383,84,3,81
1790904332447953344,Sebastian,8dcfc0f0002e,0.075,1,f9e6228ef53c,Nicolas,1,5.610,84,3,82
1790904332647922432,Sebastian,8dcfc0f0002e,0.275,1,f9e6228ef53c,Nicolas,1,5.810,84,3,82
1790904332847995072,Sebastian,8dcfc0f0002e,0.475,1,f9e6228ef53c,Nicolas,1,6.010,84,3,82
1790904333048095680,Sebastian,8dcfc0f0002e,0.675,2,f9e6228ef53c|26d8a09fc357,Nicolas|Nahim,1|2,6.210|0.154,85,3,82
1790904333248040096,Sebastian,8dcfc0f0002e,0.875,2,f9e6228ef53c|26d8a09fc357,Nicolas|Nahim,1|2,6.410|0.354,85,3,82
1790904333448059552,Sebastian,8dcfc0f0002e,1.075,2,f9e6228ef53c|26d8a09fc357,Nicolas|Nahim,1|2,6.610|0.554,85,3,82
1790904333648008000,Sebastian,8dcfc0f0002e,1.275,2,f9e6228ef53c|26d8a09fc357,Nicolas|Nahim,1|2,6.810|0.754,85,3,82
1790904333847656288,Sebastian,8dcfc0f0002e,1.475,2,f9e6228ef53c|26d8a09fc357,Nicolas|Nahim,1|2,7.010|0.953,85,3,82
1790904334047592352,Sebastian,8dcfc0f0002e,1.675,2,f9e6228ef53c|26d8a09fc357,Nicolas|Nahim,1|2,7.209|1.153,85,3,82
1790904334247691200,Sebastian,8dcfc0f0002e,1.875,2,f9e6228ef53c|26d8a09fc357,Nicolas|Nahim,1|2,7.410|1.353,85,3,82
1790904334448003648,Sebastian,8dcfc0f0002e,2.075,2,f9e6228ef53c|26d8a09fc357,Nicolas|Nahim,1|2,7.610|1.554,85,3,82
1790904334647932608,Sebastian,8dcfc0f0002e,2.275,2,f9e6228ef53c|26d8a09fc357,Nicolas|Nahim,1|2,7.810|1.753,85,3,82
1790904334847976000,Sebastian,8dcfc0f0002e,2.475,2,f9e6228ef53c|26d8a09fc357,Nicolas|Nahim,1|2,8.010|1.953,85,3,82
1790904335047997568,Sebastian,8dcfc0f0002e,2.675,2,f9e6228ef53c|26d8a09fc357,Nicolas|Nahim,1|2,8.210|2.153,85,3,82
1790904335247980192,Sebastian,8dcfc0f0002e,2.875,2,f9e6228ef53c|26d8a09fc357,Nicolas|Nahim,1|2,8.410|2.353,85,3,82
1790904335448055136,Nahim,26d8a09fc357,0.055,1,f9e6228ef53c,Nicolas,1,8.610,85,3,83
1790904335648407744,Nahim,26d8a09fc357,0.256,1,f9e6228ef53c,Nicolas,1,8.810,85,3,83
1790904335848081888,Nahim,26d8a09fc357,0.455,1,f9e6228ef53c,Nicolas,1,9.010,85,3,83
1790904336047866624,Nahim,26d8a09fc357,0.655,2,f9e6228ef53c|56a68ee8d576,Nicolas|Sebastian,1|3,9.210|0.133,86,3,83
1790904336247953152,Nahim,26d8a09fc357,0.855,2,f9e6228ef53c|56a68ee8d576,Nicolas|Sebastian,1|3,9.410|0.333,86,3,83
1790904336447881152,Nahim,26d8a09fc357,1.055,2,f9e6228ef53c|56a68ee8d576,Nicolas|Sebastian,1|3,9.610|0.533,86,3,83
1790904336648013824,Nahim,26d8a09fc357,1.255,2,f9e6228ef53c|56a68ee8d576,Nicolas|Sebastian,1|3,9.810|0.733,86,3,83
1790904336847891904,Nahim,26d8a09fc357,1.455,2,f9e6228ef53c|56a68ee8d576,Nicolas|Sebastian,1|3,10.010|0.933,86,3,83
1790904337047918240,Nahim,26d8a09fc357,1.655,2,f9e6228ef53c|56a68ee8d576,Nicolas|Sebastian,1|3,10.210|1.133,86,3,83
1790904337248321536,Nahim,26d8a09fc357,1.856,2,f9e6228ef53c|56a68ee8d576,Nicolas|Sebastian,1|3,10.410|1.334,86,3,83
1790904337447914880,Nahim,26d8a09fc357,2.055,2,f9e6228ef53c|56a68ee8d576,Nicolas|Sebastian,1|3,10.610|1.533,86,3,83
1790904337647849824,Nahim,26d8a09fc357,2.255,2,f9e6228ef53c|56a68ee8d576,Nicolas|Sebastian,1|3,10.810|1.733,86,3,83
1790904337847883488,Nahim,26d8a09fc357,2.455,2,f9e6228ef53c|56a68ee8d576,Nicolas|Sebastian,1|3,11.010|1.933,86,3,83
1790904338047922688,Nahim,26d8a09fc357,2.655,2,f9e6228ef53c|56a68ee8d576,Nicolas|Sebastian,1|3,11.210|2.133,86,3,83
1790904338247936256,Nahim,26d8a09fc357,2.855,2,f9e6228ef53c|56a68ee8d576,Nicolas|Sebastian,1|3,11.410|2.333,86,3,83
1790904338447850976,Sebastian,56a68ee8d576,0.034,1,f9e6228ef53c,Nicolas,1,11.610,86,3,84
1790904338647998688,Sebastian,56a68ee8d576,0.234,1,f9e6228ef53c,Nicolas,1,11.810,86,3,84
1790904338847772192,Sebastian,56a68ee8d576,0.434,1,f9e6228ef53c,Nicolas,1,12.010,86,3,84
1790904339047744544,Sebastian,56a68ee8d576,0.634,2,f9e6228ef53c|7bdd5ddfebfa,Nicolas|Nahim,1|2,12.210|0.117,87,3,84
1790904339248050112,Sebastian,56a68ee8d576,0.834,2,f9e6228ef53c|7bdd5ddfebfa,Nicolas|Nahim,1|2,12.410|0.317,87,3,84
1790904339447885440,Sebastian,56a68ee8d576,1.034,2,f9e6228ef53c|7bdd5ddfebfa,Nicolas|Nahim,1|2,12.610|0.517,87,3,84
1790904339647869856,Sebastian,56a68ee8d576,1.234,2,f9e6228ef53c|7bdd5ddfebfa,Nicolas|Nahim,1|2,12.810|0.717,87,3,84
1790904339847830336,Sebastian,56a68ee8d576,1.434,2,f9e6228ef53c|7bdd5ddfebfa,Nicolas|Nahim,1|2,13.010|0.917,87,3,84
1790904340047647904,Sebastian,56a68ee8d576,1.634,2,f9e6228ef53c|7bdd5ddfebfa,Nicolas|Nahim,1|2,13.210|1.117,87,3,84
1790904340247821312,Sebastian,56a68ee8d576,1.834,2,f9e6228ef53c|7bdd5ddfebfa,Nicolas|Nahim,1|2,13.410|1.317,87,3,84
1790904340447939200,Sebastian,56a68ee8d576,2.034,2,f9e6228ef53c|7bdd5ddfebfa,Nicolas|Nahim,1|2,13.610|1.517,87,3,84
1790904340647858880,Sebastian,56a68ee8d576,2.234,2,f9e6228ef53c|7bdd5ddfebfa,Nicolas|Nahim,1|2,13.810|1.717,87,3,84
1790904340847775008,Sebastian,56a68ee8d576,2.434,2,f9e6228ef53c|7bdd5ddfebfa,Nicolas|Nahim,1|2,14.010|1.917,87,3,84
1790904341047745184,Sebastian,56a68ee8d576,2.634,2,f9e6228ef53c|7bdd5ddfebfa,Nicolas|Nahim,1|2,14.210|2.117,87,3,84
1790904341247546208,Sebastian,56a68ee8d576,2.834,2,f9e6228ef53c|7bdd5ddfebfa,Nicolas|Nahim,1|2,14.410|2.317,87,3,84
1790904341447597664,Nicolas,f9e6228ef53c,0.011,1,7bdd5ddfebfa,Nahim,2,2.517,87,3,85
1790904341647907104,Nicolas,f9e6228ef53c,0.211,1,7bdd5ddfebfa,Nahim,2,2.717,87,3,85
1790904341848019232,Nicolas,f9e6228ef53c,0.411,1,7bdd5ddfebfa,Nahim,2,2.917,87,3,85
1790904342047546400,Nicolas,f9e6228ef53c,0.611,2,7bdd5ddfebfa|deef525622aa,Nahim|Sebastian,2|3,3.117|0.089,88,3,85
1790904342247783072,Nicolas,f9e6228ef53c,0.811,2,7bdd5ddfebfa|deef525622aa,Nahim|Sebastian,2|3,3.317|0.290,88,3,85
1790904342447807072,Nicolas,f9e6228ef53c,1.011,2,7bdd5ddfebfa|deef525622aa,Nahim|Sebastian,2|3,3.517|0.489,88,3,85
1790904342647648864,Nicolas,f9e6228ef53c,1.211,2,7bdd5ddfebfa|deef525622aa,Nahim|Sebastian,2|3,3.717|0.690,88,3,85
1790904342847682688,Nicolas,f9e6228ef53c,1.411,2,7bdd5ddfebfa|deef525622aa,Nahim|Sebastian,2|3,3.917|0.889,88,3,85
1790904343047696000,Nicolas,f9e6228ef53c,1.611,2,7bdd5ddfebfa|deef525622aa,Nahim|Sebastian,2|3,4.117|1.090,88,3,85
1790904343248162688,Nicolas,f9e6228ef53c,1.811,2,7bdd5ddfebfa|deef525622aa,Nahim|Sebastian,2|3,4.317|1.290,88,3,85
1790904343447696896,Nicolas,f9e6228ef53c,2.011,2,7bdd5ddfebfa|deef525622aa,Nahim|Sebastian,2|3,4.517|1.490,88,3,85
1790904343647281664,Nicolas,f9e6228ef53c,2.211,2,7bdd5ddfebfa|deef525622aa,Nahim|Sebastian,2|3,4.717|1.689,88,3,85
1790904343847639360,Nicolas,f9e6228ef53c,2.411,2,7bdd5ddfebfa|deef525622aa,Nahim|Sebastian,2|3,4.917|1.890,88,3,85
1790904344047961696,Nicolas,f9e6228ef53c,2.611,2,7bdd5ddfebfa|deef525622aa,Nahim|Sebastian,2|3,5.117|2.090,88,3,85
1790904344247907168,Nicolas,f9e6228ef53c,2.811,2,7bdd5ddfebfa|deef525622aa,Nahim|Sebastian,2|3,5.317|2.290,88,3,85
1790904344447922432,Nicolas,f9e6228ef53c,3.011,2,7bdd5ddfebfa|deef525622aa,Nahim|Sebastian,2|3,5.517|2.490,88,3,85
1790904344648035296,Sebastian,deef525622aa,0.192,1,7bdd5ddfebfa,Nahim,2,5.717,88,3,86
1790904344847450432,Sebastian,deef525622aa,0.391,1,7bdd5ddfebfa,Nahim,2,5.917,88,3,86
1790904345047981152,Sebastian,deef525622aa,0.592,2,7bdd5ddfebfa|48508dcaa47d,Nahim|Nicolas,2|1,6.117|0.066,89,3,86
1790904345247971648,Sebastian,deef525622aa,0.792,2,7bdd5ddfebfa|48508dcaa47d,Nahim|Nicolas,2|1,6.317|0.266,89,3,86
1790904345447957440,Sebastian,deef525622aa,0.992,2,7bdd5ddfebfa|48508dcaa47d,Nahim|Nicolas,2|1,6.517|0.466,89,3,86
1790904345648314176,Sebastian,deef525622aa,1.191,2,7bdd5ddfebfa|48508dcaa47d,Nahim|Nicolas,2|1,6.717|0.666,89,3,86
1790904345847866144,Sebastian,deef525622aa,1.392,2,7bdd5ddfebfa|48508dcaa47d,Nahim|Nicolas,2|1,6.917|0.866,89,3,86
1790904346047854016,Sebastian,deef525622aa,1.591,2,7bdd5ddfebfa|48508dcaa47d,Nahim|Nicolas,2|1,7.117|1.066,89,3,86
1790904346247788064,Sebastian,deef525622aa,1.791,2,7bdd5ddfebfa|48508dcaa47d,Nahim|Nicolas,2|1,7.317|1.266,89,3,86
1790904346447935808,Sebastian,deef525622aa,1.992,2,7bdd5ddfebfa|48508dcaa47d,Nahim|Nicolas,2|1,7.517|1.466,89,3,86
1790904346647702912,Sebastian,deef525622aa,2.191,2,7bdd5ddfebfa|48508dcaa47d,Nahim|Nicolas,2|1,7.717|1.666,89,3,86
1790904346847985856,Sebastian,deef525622aa,2.392,2,7bdd5ddfebfa|48508dcaa47d,Nahim|Nicolas,2|1,7.917|1.866,89,3,86
1790904347048005504,Sebastian,deef525622aa,2.592,2,7bdd5ddfebfa|48508dcaa47d,Nahim|Nicolas,2|1,8.117|2.066,89,3,86
1790904347247821440,Sebastian,deef525622aa,2.792,2,7bdd5ddfebfa|48508dcaa47d,Nahim|Nicolas,2|1,8.317|2.266,89,3,86
1790904347447818528,Sebastian,deef525622aa,2.992,2,7bdd5ddfebfa|48508dcaa47d,Nahim|Nicolas,2|1,8.517|2.466,89,3,86
1790904347648061152,Nahim,7bdd5ddfebfa,0.172,1,48508dcaa47d,Nicolas,1,2.666,89,3,87
1790904347847891488,Nahim,7bdd5ddfebfa,0.371,1,48508dcaa47d,Nicolas,1,2.866,89,3,87
1790904348049330272,Nahim,7bdd5ddfebfa,0.571,2,48508dcaa47d|4921a1f11321,Nicolas|Sebastian,1|3,3.066|0.049,90,3,87
1790904348247820736,Nahim,7bdd5ddfebfa,0.771,2,48508dcaa47d|4921a1f11321,Nicolas|Sebastian,1|3,3.266|0.249,90,3,87
1790904348447738496,Nahim,7bdd5ddfebfa,0.971,2,48508dcaa47d|4921a1f11321,Nicolas|Sebastian,1|3,3.466|0.449,90,3,87
1790904348648073696,Nahim,7bdd5ddfebfa,1.172,2,48508dcaa47d|4921a1f11321,Nicolas|Sebastian,1|3,3.666|0.649,90,3,87
1790904348848009536,Nahim,7bdd5ddfebfa,1.372,2,48508dcaa47d|4921a1f11321,Nicolas|Sebastian,1|3,3.866|0.849,90,3,87
1790904349047932448,Nahim,7bdd5ddfebfa,1.572,2,48508dcaa47d|4921a1f11321,Nicolas|Sebastian,1|3,4.066|1.049,90,3,87
1790904349248315168,Nahim,7bdd5ddfebfa,1.772,2,48508dcaa47d|4921a1f11321,Nicolas|Sebastian,1|3,4.267|1.250,90,3,87
1790904349449040256,Nahim,7bdd5ddfebfa,1.973,2,48508dcaa47d|4921a1f11321,Nicolas|Sebastian,1|3,4.467|1.450,90,3,87
1790904349647484256,Nahim,7bdd5ddfebfa,2.171,2,48508dcaa47d|4921a1f11321,Nicolas|Sebastian,1|3,4.666|1.649,90,3,87
1790904349848043392,Nahim,7bdd5ddfebfa,2.372,2,48508dcaa47d|4921a1f11321,Nicolas|Sebastian,1|3,4.866|1.849,90,3,87
1790904350047420832,Nahim,7bdd5ddfebfa,2.571,2,48508dcaa47d|4921a1f11321,Nicolas|Sebastian,1|3,5.066|2.049,90,3,87
1790904350247916224,Nahim,7bdd5ddfebfa,2.772,2,48508dcaa47d|4921a1f11321,Nicolas|Sebastian,1|3,5.266|2.249,90,3,87
1790904350447398208,Nahim,7bdd5ddfebfa,2.971,2,48508dcaa47d|4921a1f11321,Nicolas|Sebastian,1|3,5.466|2.449,90,3,87
1790904350647935968,Sebastian,4921a1f11321,0.151,1,48508dcaa47d,Nicolas,1,5.666,90,3,88
1790904350847436128,Sebastian,4921a1f11321,0.351,1,48508dcaa47d,Nicolas,1,5.866,90,3,88
1790904351047272448,Sebastian,4921a1f11321,0.550,2,48508dcaa47d|d18c56064eaa,Nicolas|Nahim,1|2,6.066|0.025,91,3,88
1790904351247971488,Sebastian,4921a1f11321,0.751,2,48508dcaa47d|d18c56064eaa,Nicolas|Nahim,1|2,6.266|0.226,91,3,88
1790904351447805248,Sebastian,4921a1f11321,0.951,2,48508dcaa47d|d18c56064eaa,Nicolas|Nahim,1|2,6.466|0.426,91,3,88
1790904351647978784,Sebastian,4921a1f11321,1.151,2,48508dcaa47d|d18c56064eaa,Nicolas|Nahim,1|2,6.666|0.626,91,3,88
1790904351847662432,Sebastian,4921a1f11321,1.351,2,48508dcaa47d|d18c56064eaa,Nicolas|Nahim,1|2,6.866|0.826,91,3,88
1790904352047460320,Sebastian,4921a1f11321,1.551,2,48508dcaa47d|d18c56064eaa,Nicolas|Nahim,1|2,7.066|1.026,91,3,88
1790904352247702688,Sebastian,4921a1f11321,1.751,2,48508dcaa47d|d18c56064eaa,Nicolas|Nahim,1|2,7.266|1.226,91,3,88
1790904352448038560,Sebastian,4921a1f11321,1.951,2,48508dcaa47d|d18c56064eaa,Nicolas|Nahim,1|2,7.466|1.426,91,3,88
1790904352647945888,Sebastian,4921a1f11321,2.151,2,48508dcaa47d|d18c56064eaa,Nicolas|Nahim,1|2,7.666|1.626,91,3,88
1790904352847965920,Sebastian,4921a1f11321,2.351,2,48508dcaa47d|d18c56064eaa,Nicolas|Nahim,1|2,7.866|1.826,91,3,88
1790904353047829472,Sebastian,4921a1f11321,2.551,2,48508dcaa47d|d18c56064eaa,Nicolas|Nahim,1|2,8.066|2.026,91,3,88
1790904353247243200,Sebastian,4921a1f11321,2.751,2,48508dcaa47d|d18c56064eaa,Nicolas|Nahim,1|2,8.266|2.225,91,3,88
1790904353447927136,Sebastian,4921a1f11321,2.951,2,48508dcaa47d|d18c56064eaa,Nicolas|Nahim,1|2,8.466|2.426,91,3,88
1790904353647810592,Nahim,d18c56064eaa,0.132,1,48508dcaa47d,Nicolas,1,8.666,91,3,89
1790904353847636800,Nahim,d18c56064eaa,0.332,1,48508dcaa47d,Nicolas,1,8.866,91,3,89
1790904354047159584,Nahim,d18c56064eaa,0.531,2,48508dcaa47d|015d4b3a9b2b,Nicolas|Sebastian,1|3,9.066|0.009,92,3,89
1790904354247888096,Nahim,d18c56064eaa,0.732,2,48508dcaa47d|015d4b3a9b2b,Nicolas|Sebastian,1|3,9.266|0.210,92,3,89
1790904354447491232,Nahim,d18c56064eaa,0.931,2,48508dcaa47d|015d4b3a9b2b,Nicolas|Sebastian,1|3,9.466|0.410,92,3,89
1790904354648033856,Nahim,d18c56064eaa,1.132,2,48508dcaa47d|015d4b3a9b2b,Nicolas|Sebastian,1|3,9.666|0.610,92,3,89
1790904354847933056,Nahim,d18c56064eaa,1.332,2,48508dcaa47d|015d4b3a9b2b,Nicolas|Sebastian,1|3,9.866|0.810,92,3,89
1790904355047692128,Nahim,d18c56064eaa,1.532,2,48508dcaa47d|015d4b3a9b2b,Nicolas|Sebastian,1|3,10.066|1.010,92,3,89
1790904355247875808,Nahim,d18c56064eaa,1.732,2,48508dcaa47d|015d4b3a9b2b,Nicolas|Sebastian,1|3,10.266|1.210,92,3,89
1790904355447952704,Nahim,d18c56064eaa,1.932,2,48508dcaa47d|015d4b3a9b2b,Nicolas|Sebastian,1|3,10.466|1.410,92,3,89
1790904355647634592,Nahim,d18c56064eaa,2.132,2,48508dcaa47d|015d4b3a9b2b,Nicolas|Sebastian,1|3,10.666|1.610,92,3,89
1790904355847443968,Nahim,d18c56064eaa,2.331,2,48508dcaa47d|015d4b3a9b2b,Nicolas|Sebastian,1|3,10.866|1.809,92,3,89
1790904356047961120,Nahim,d18c56064eaa,2.532,2,48508dcaa47d|015d4b3a9b2b,Nicolas|Sebastian,1|3,11.066|2.010,92,3,89
1790904356247704416,Nahim,d18c56064eaa,2.732,2,48508dcaa47d|015d4b3a9b2b,Nicolas|Sebastian,1|3,11.266|2.210,92,3,89
1790904356447919296,Nahim,d18c56064eaa,2.932,2,48508dcaa47d|015d4b3a9b2b,Nicolas|Sebastian,1|3,11.466|2.410,92,3,89
1790904356647972384,Sebastian,015d4b3a9b2b,0.111,1,48508dcaa47d,Nicolas,1,11.666,92,3,90
1790904356847381216,Sebastian,015d4b3a9b2b,0.311,1,48508dcaa47d,Nicolas,1,11.866,92,3,90
1790904357047875520,Sebastian,015d4b3a9b2b,0.511,1,48508dcaa47d,Nicolas,1,12.066,92,3,90
1790904357247915136,Sebastian,015d4b3a9b2b,0.711,2,48508dcaa47d|1bf7138792ea,Nicolas|Nahim,1|2,12.266|0.188,93,3,90
1790904357448194592,Sebastian,015d4b3a9b2b,0.911,2,48508dcaa47d|1bf7138792ea,Nicolas|Nahim,1|2,12.467|0.389,93,3,90
1790904357647643744,Sebastian,015d4b3a9b2b,1.111,2,48508dcaa47d|1bf7138792ea,Nicolas|Nahim,1|2,12.666|0.588,93,3,90
1790904357847919904,Sebastian,015d4b3a9b2b,1.311,2,48508dcaa47d|1bf7138792ea,Nicolas|Nahim,1|2,12.866|0.788,93,3,90
1790904358048500960,Sebastian,015d4b3a9b2b,1.512,2,48508dcaa47d|1bf7138792ea,Nicolas|Nahim,1|2,13.067|0.989,93,3,90
1790904358248031616,Sebastian,015d4b3a9b2b,1.711,2,48508dcaa47d|1bf7138792ea,Nicolas|Nahim,1|2,13.266|1.188,93,3,90
1790904358448019872,Sebastian,015d4b3a9b2b,1.911,2,48508dcaa47d|1bf7138792ea,Nicolas|Nahim,1|2,13.466|1.388,93,3,90
1790904358648361216,Sebastian,015d4b3a9b2b,2.111,2,48508dcaa47d|1bf7138792ea,Nicolas|Nahim,1|2,13.666|1.588,93,3,90
1790904358847939040,Sebastian,015d4b3a9b2b,2.311,2,48508dcaa47d|1bf7138792ea,Nicolas|Nahim,1|2,13.866|1.788,93,3,90
1790904359047895200,Sebastian,015d4b3a9b2b,2.511,2,48508dcaa47d|1bf7138792ea,Nicolas|Nahim,1|2,14.066|1.988,93,3,90
1790904359247358656,Sebastian,015d4b3a9b2b,2.711,2,48508dcaa47d|1bf7138792ea,Nicolas|Nahim,1|2,14.266|2.188,93,3,90
1790904359448026048,Sebastian,015d4b3a9b2b,2.911,2,48508dcaa47d|1bf7138792ea,Nicolas|Nahim,1|2,14.466|2.388,93,3,90
1790904359647877408,Nicolas,48508dcaa47d,0.091,1,1bf7138792ea,Nahim,2,2.588,93,3,91
1790904359847438720,Nicolas,48508dcaa47d,0.291,1,1bf7138792ea,Nahim,2,2.788,93,3,91
1790904360047877120,Nicolas,48508dcaa47d,0.491,1,1bf7138792ea,Nahim,2,2.988,93,3,91
1790904360248021600,Nicolas,48508dcaa47d,0.691,2,1bf7138792ea|c11cc5b76730,Nahim|Sebastian,2|3,3.188|0.168,94,3,91
1790904360447429920,Nicolas,48508dcaa47d,0.891,2,1bf7138792ea|c11cc5b76730,Nahim|Sebastian,2|3,3.388|0.368,94,3,91
1790904360647876928,Nicolas,48508dcaa47d,1.091,2,1bf7138792ea|c11cc5b76730,Nahim|Sebastian,2|3,3.588|0.568,94,3,91
1790904360848013312,Nicolas,48508dcaa47d,1.291,2,1bf7138792ea|c11cc5b76730,Nahim|Sebastian,2|3,3.788|0.768,94,3,91
1790904361047965056,Nicolas,48508dcaa47d,1.491,2,1bf7138792ea|c11cc5b76730,Nahim|Sebastian,2|3,3.988|0.968,94,3,91
1790904361247954592,Nicolas,48508dcaa47d,1.691,2,1bf7138792ea|c11cc5b76730,Nahim|Sebastian,2|3,4.188|1.168,94,3,91
1790904361448434176,Nicolas,48508dcaa47d,1.892,2,1bf7138792ea|c11cc5b76730,Nahim|Sebastian,2|3,4.389|1.369,94,3,91
1790904361647537824,Nicolas,48508dcaa47d,2.091,2,1bf7138792ea|c11cc5b76730,Nahim|Sebastian,2|3,4.588|1.568,94,3,91
1790904361847948288,Nicolas,48508dcaa47d,2.291,2,1bf7138792ea|c11cc5b76730,Nahim|Sebastian,2|3,4.788|1.768,94,3,91
1790904362047496128,Nicolas,48508dcaa47d,2.491,2,1bf7138792ea|c11cc5b76730,Nahim|Sebastian,2|3,4.988|1.968,94,3,91
1790904362248033824,Nicolas,48508dcaa47d,2.691,2,1bf7138792ea|c11cc5b76730,Nahim|Sebastian,2|3,5.188|2.168,94,3,91
1790904362448082272,Nicolas,48508dcaa47d,2.891,2,1bf7138792ea|c11cc5b76730,Nahim|Sebastian,2|3,5.388|2.368,94,3,91
1790904362647993536,Sebastian,c11cc5b76730,0.072,1,1bf7138792ea,Nahim,2,5.588,94,3,92
1790904362847434304,Sebastian,c11cc5b76730,0.272,1,1bf7138792ea,Nahim,2,5.788,94,3,92
1790904363047944800,Sebastian,c11cc5b76730,0.472,1,1bf7138792ea,Nahim,2,5.988,94,3,92
1790904363247923840,Sebastian,c11cc5b76730,0.672,2,1bf7138792ea|8d3d9bc6a907,Nahim|Nicolas,2|1,6.188|0.153,95,3,92
1790904363447928256,Sebastian,c11cc5b76730,0.872,2,1bf7138792ea|8d3d9bc6a907,Nahim|Nicolas,2|1,6.388|0.353,95,3,92
1790904363647986208,Sebastian,c11cc5b76730,1.072,2,1bf7138792ea|8d3d9bc6a907,Nahim|Nicolas,2|1,6.588|0.553,95,3,92
1790904363847988448,Sebastian,c11cc5b76730,1.272,2,1bf7138792ea|8d3d9bc6a907,Nahim|Nicolas,2|1,6.788|0.753,95,3,92
1790904364047773952,Sebastian,c11cc5b76730,1.472,2,1bf7138792ea|8d3d9bc6a907,Nahim|Nicolas,2|1,6.988|0.953,95,3,92
1790904364247698368,Sebastian,c11cc5b76730,1.672,2,1bf7138792ea|8d3d9bc6a907,Nahim|Nicolas,2|1,7.188|1.153,95,3,92
1790904364447896960,Sebastian,c11cc5b76730,1.872,2,1bf7138792ea|8d3d9bc6a907,Nahim|Nicolas,2|1,7.388|1.353,95,3,92
1790904364647713344,Sebastian,c11cc5b76730,2.072,2,1bf7138792ea|8d3d9bc6a907,Nahim|Nicolas,2|1,7.588|1.553,95,3,92
1790904364848041440,Sebastian,c11cc5b76730,2.272,2,1bf7138792ea|8d3d9bc6a907,Nahim|Nicolas,2|1,7.788|1.753,95,3,92
1790904365047670400,Sebastian,c11cc5b76730,2.472,2,1bf7138792ea|8d3d9bc6a907,Nahim|Nicolas,2|1,7.988|1.953,95,3,92
1790904365247441888,Sebastian,c11cc5b76730,2.672,2,1bf7138792ea|8d3d9bc6a907,Nahim|Nicolas,2|1,8.188|2.153,95,3,92
1790904365448060000,Sebastian,c11cc5b76730,2.872,2,1bf7138792ea|8d3d9bc6a907,Nahim|Nicolas,2|1,8.388|2.353,95,3,92
1790904365647898752,Nahim,1bf7138792ea,0.053,1,8d3d9bc6a907,Nicolas,1,2.553,95,3,93
1790904365848029760,Nahim,1bf7138792ea,0.253,1,8d3d9bc6a907,Nicolas,1,2.753,95,3,93
1790904366047973088,Nahim,1bf7138792ea,0.453,1,8d3d9bc6a907,Nicolas,1,2.953,95,3,93
1790904366247901632,Nahim,1bf7138792ea,0.653,2,8d3d9bc6a907|5ca7692ffa35,Nicolas|Sebastian,1|3,3.153|0.127,96,3,93
1790904366447414720,Nahim,1bf7138792ea,0.853,2,8d3d9bc6a907|5ca7692ffa35,Nicolas|Sebastian,1|3,3.353|0.327,96,3,93
1790904366647935904,Nahim,1bf7138792ea,1.053,2,8d3d9bc6a907|5ca7692ffa35,Nicolas|Sebastian,1|3,3.553|0.527,96,3,93
1790904366847629888,Nahim,1bf7138792ea,1.253,2,8d3d9bc6a907|5ca7692ffa35,Nicolas|Sebastian,1|3,3.753|0.727,96,3,93
1790904367047991040,Nahim,1bf7138792ea,1.453,2,8d3d9bc6a907|5ca7692ffa35,Nicolas|Sebastian,1|3,3.953|0.927,96,3,93
1790904367247527680,Nahim,1bf7138792ea,1.653,2,8d3d9bc6a907|5ca7692ffa35,Nicolas|Sebastian,1|3,4.153|1.127,96,3,93
1790904367448004288,Nahim,1bf7138792ea,1.853,2,8d3d9bc6a907|5ca7692ffa35,Nicolas|Sebastian,1|3,4.353|1.327,96,3,93
1790904367647379936,Nahim,1bf7138792ea,2.053,2,8d3d9bc6a907|5ca7692ffa35,Nicolas|Sebastian,1|3,4.553|1.527,96,3,93
1790904367847914944,Nahim,1bf7138792ea,2.253,2,8d3d9bc6a907|5ca7692ffa35,Nicolas|Sebastian,1|3,4.753|1.727,96,3,93
1790904368048024928,Nahim,1bf7138792ea,2.453,2,8d3d9bc6a907|5ca7692ffa35,Nicolas|Sebastian,1|3,4.953|1.927,96,3,93
1790904368247914592,Nahim,1bf7138792ea,2.653,2,8d3d9bc6a907|5ca7692ffa35,Nicolas|Sebastian,1|3,5.153|2.127,96,3,93
1790904368448027168,Nahim,1bf7138792ea,2.853,2,8d3d9bc6a907|5ca7692ffa35,Nicolas|Sebastian,1|3,5.353|2.327,96,3,93
1790904368648157248,Sebastian,5ca7692ffa35,0.032,1,8d3d9bc6a907,Nicolas,1,5.553,96,3,94
1790904368847322784,Sebastian,5ca7692ffa35,0.232,1,8d3d9bc6a907,Nicolas,1,5.753,96,3,94
1790904369048134336,Sebastian,5ca7692ffa35,0.432,1,8d3d9bc6a907,Nicolas,1,5.953,96,3,94
1790904369247936544,Sebastian,5ca7692ffa35,0.632,2,8d3d9bc6a907|32fa6d8299bd,Nicolas|Nahim,1|2,6.153|0.108,97,3,94
1790904369448073632,Sebastian,5ca7692ffa35,0.832,2,8d3d9bc6a907|32fa6d8299bd,Nicolas|Nahim,1|2,6.353|0.308,97,3,94
1790904369647989120,Sebastian,5ca7692ffa35,1.032,2,8d3d9bc6a907|32fa6d8299bd,Nicolas|Nahim,1|2,6.553|0.508,97,3,94
1790904369847580096,Sebastian,5ca7692ffa35,1.232,2,8d3d9bc6a907|32fa6d8299bd,Nicolas|Nahim,1|2,6.753|0.708,97,3,94
1790904370047433312,Sebastian,5ca7692ffa35,1.432,2,8d3d9bc6a907|32fa6d8299bd,Nicolas|Nahim,1|2,6.953|0.908,97,3,94
1790904370248038240,Sebastian,5ca7692ffa35,1.632,2,8d3d9bc6a907|32fa6d8299bd,Nicolas|Nahim,1|2,7.153|1.108,97,3,94
1790904370447779840,Sebastian,5ca7692ffa35,1.832,2,8d3d9bc6a907|32fa6d8299bd,Nicolas|Nahim,1|2,7.353|1.308,97,3,94
1790904370648033056,Sebastian,5ca7692ffa35,2.032,2,8d3d9bc6a907|32fa6d8299bd,Nicolas|Nahim,1|2,7.553|1.508,97,3,94
1790904370847910784,Sebastian,5ca7692ffa35,2.232,2,8d3d9bc6a907|32fa6d8299bd,Nicolas|Nahim,1|2,7.753|1.708,97,3,94
1790904371047836320,Sebastian,5ca7692ffa35,2.432,2,8d3d9bc6a907|32fa6d8299bd,Nicolas|Nahim,1|2,7.953|1.908,97,3,94
1790904371247833824,Sebastian,5ca7692ffa35,2.632,2,8d3d9bc6a907|32fa6d8299bd,Nicolas|Nahim,1|2,8.153|2.108,97,3,94
1790904371447996032,Sebastian,5ca7692ffa35,2.832,2,8d3d9bc6a907|32fa6d8299bd,Nicolas|Nahim,1|2,8.353|2.308,97,3,94
1790904371647520032,Nahim,32fa6d8299bd,0.008,1,8d3d9bc6a907,Nicolas,1,8.553,97,3,95
1790904371847889568,Nahim,32fa6d8299bd,0.208,1,8d3d9bc6a907,Nicolas,1,8.753,97,3,95
1790904372047944928,Nahim,32fa6d8299bd,0.408,1,8d3d9bc6a907,Nicolas,1,8.953,97,3,95
1790904372247784256,Nahim,32fa6d8299bd,0.608,2,8d3d9bc6a907|fcb40040b502,Nicolas|Sebastian,1|3,9.153|0.086,98,3,95
1790904372447450784,Nahim,32fa6d8299bd,0.808,2,8d3d9bc6a907|fcb40040b502,Nicolas|Sebastian,1|3,9.353|0.286,98,3,95
1790904372647947392,Nahim,32fa6d8299bd,1.008,2,8d3d9bc6a907|fcb40040b502,Nicolas|Sebastian,1|3,9.553|0.486,98,3,95
1790904372848265792,Nahim,32fa6d8299bd,1.208,2,8d3d9bc6a907|fcb40040b502,Nicolas|Sebastian,1|3,9.753|0.686,98,3,95
1790904373047931776,Nahim,32fa6d8299bd,1.408,2,8d3d9bc6a907|fcb40040b502,Nicolas|Sebastian,1|3,9.953|0.886,98,3,95
1790904373247921600,Nahim,32fa6d8299bd,1.608,2,8d3d9bc6a907|fcb40040b502,Nicolas|Sebastian,1|3,10.153|1.086,98,3,95
1790904373448207776,Nahim,32fa6d8299bd,1.808,2,8d3d9bc6a907|fcb40040b502,Nicolas|Sebastian,1|3,10.353|1.286,98,3,95
1790904373647373600,Nahim,32fa6d8299bd,2.008,2,8d3d9bc6a907|fcb40040b502,Nicolas|Sebastian,1|3,10.553|1.486,98,3,95
1790904373847990016,Nahim,32fa6d8299bd,2.208,2,8d3d9bc6a907|fcb40040b502,Nicolas|Sebastian,1|3,10.753|1.686,98,3,95
1790904374047919840,Nahim,32fa6d8299bd,2.408,2,8d3d9bc6a907|fcb40040b502,Nicolas|Sebastian,1|3,10.953|1.886,98,3,95
1790904374247984608,Nahim,32fa6d8299bd,2.608,2,8d3d9bc6a907|fcb40040b502,Nicolas|Sebastian,1|3,11.153|2.086,98,3,95
1790904374448178624,Nahim,32fa6d8299bd,2.808,2,8d3d9bc6a907|fcb40040b502,Nicolas|Sebastian,1|3,11.353|2.286,98,3,95
1790904374647289824,Nahim,32fa6d8299bd,3.008,2,8d3d9bc6a907|fcb40040b502,Nicolas|Sebastian,1|3,11.553|2.486,98,3,95
1790904374847334528,Sebastian,fcb40040b502,0.185,1,8d3d9bc6a907,Nicolas,1,11.753,98,3,96
1790904375047897728,Sebastian,fcb40040b502,0.386,1,8d3d9bc6a907,Nicolas,1,11.953,98,3,96
1790904375247776928,Sebastian,fcb40040b502,0.585,2,8d3d9bc6a907|22b34c5335d9,Nicolas|Nahim,1|2,12.153|0.066,99,3,96
1790904375447704864,Sebastian,fcb40040b502,0.785,2,8d3d9bc6a907|22b34c5335d9,Nicolas|Nahim,1|2,12.353|0.266,99,3,96
1790904375647932480,Sebastian,fcb40040b502,0.986,2,8d3d9bc6a907|22b34c5335d9,Nicolas|Nahim,1|2,12.553|0.466,99,3,96
1790904375847646208,Sebastian,fcb40040b502,1.185,2,8d3d9bc6a907|22b34c5335d9,Nicolas|Nahim,1|2,12.753|0.666,99,3,96
1790904376047841920,Sebastian,fcb40040b502,1.386,2,8d3d9bc6a907|22b34c5335d9,Nicolas|Nahim,1|2,12.953|0.866,99,3,96
1790904376248196448,Sebastian,fcb40040b502,1.586,2,8d3d9bc6a907|22b34c5335d9,Nicolas|Nahim,1|2,13.153|1.066,99,3,96
1790904376448076832,Sebastian,fcb40040b502,1.786,2,8d3d9bc6a907|22b34c5335d9,Nicolas|Nahim,1|2,13.353|1.266,99,3,96
1790904376647996480,Sebastian,fcb40040b502,1.986,2,8d3d9bc6a907|22b34c5335d9,Nicolas|Nahim,1|2,13.553|1.466,99,3,96
1790904376848250944,Sebastian,fcb40040b502,2.186,2,8d3d9bc6a907|22b34c5335d9,Nicolas|Nahim,1|2,13.753|1.666,99,3,96
1790904377048016736,Sebastian,fcb40040b502,2.386,2,8d3d9bc6a907|22b34c5335d9,Nicolas|Nahim,1|2,13.953|1.866,99,3,96
1790904377247669184,Sebastian,fcb40040b502,2.585,2,8d3d9bc6a907|22b34c5335d9,Nicolas|Nahim,1|2,14.153|2.066,99,3,96
1790904377447949792,Sebastian,fcb40040b502,2.786,2,8d3d9bc6a907|22b34c5335d9,Nicolas|Nahim,1|2,14.353|2.266,99,3,96
1790904377647753920,Sebastian,fcb40040b502,2.985,2,8d3d9bc6a907|22b34c5335d9,Nicolas|Nahim,1|2,14.553|2.466,99,3,96
1790904377848043744,Nicolas,8d3d9bc6a907,0.166,1,22b34c5335d9,Nahim,2,2.666,99,3,97
1790904378047738144,Nicolas,8d3d9bc6a907,0.366,1,22b34c5335d9,Nahim,2,2.866,99,3,97
1790904378247787616,Nicolas,8d3d9bc6a907,0.566,2,22b34c5335d9|bd94e1f6162d,Nahim|Sebastian,2|3,3.066|0.041,100,3,97
1790904378448089440,Nicolas,8d3d9bc6a907,0.766,2,22b34c5335d9|bd94e1f6162d,Nahim|Sebastian,2|3,3.266|0.242,100,3,97
1790904378647883392,Nicolas,8d3d9bc6a907,0.966,2,22b34c5335d9|bd94e1f6162d,Nahim|Sebastian,2|3,3.466|0.442,100,3,97
1790904378847998048,Nicolas,8d3d9bc6a907,1.166,2,22b34c5335d9|bd94e1f6162d,Nahim|Sebastian,2|3,3.666|0.642,100,3,97
1790904379047929856,Nicolas,8d3d9bc6a907,1.366,2,22b34c5335d9|bd94e1f6162d,Nahim|Sebastian,2|3,3.866|0.842,100,3,97
1790904379248005216,Nicolas,8d3d9bc6a907,1.566,2,22b34c5335d9|bd94e1f6162d,Nahim|Sebastian,2|3,4.066|1.042,100,3,97
1790904379447980736,Nicolas,8d3d9bc6a907,1.766,2,22b34c5335d9|bd94e1f6162d,Nahim|Sebastian,2|3,4.266|1.242,100,3,97
1790904379648027872,Nicolas,8d3d9bc6a907,1.966,2,22b34c5335d9|bd94e1f6162d,Nahim|Sebastian,2|3,4.466|1.442,100,3,97
1790904379848083968,Nicolas,8d3d9bc6a907,2.166,2,22b34c5335d9|bd94e1f6162d,Nahim|Sebastian,2|3,4.666|1.642,100,3,97
1790904380048314752,Nicolas,8d3d9bc6a907,2.366,2,22b34c5335d9|bd94e1f6162d,Nahim|Sebastian,2|3,4.866|1.842,100,3,97
1790904380247872384,Nicolas,8d3d9bc6a907,2.566,2,22b34c5335d9|bd94e1f6162d,Nahim|Sebastian,2|3,5.066|2.042,100,3,97
1790904380447986464,Nicolas,8d3d9bc6a907,2.766,2,22b34c5335d9|bd94e1f6162d,Nahim|Sebastian,2|3,5.266|2.242,100,3,97
1790904380647897376,Nicolas,8d3d9bc6a907,2.966,2,22b34c5335d9|bd94e1f6162d,Nahim|Sebastian,2|3,5.466|2.442,100,3,97
1790904380847908768,Sebastian,bd94e1f6162d,0.145,1,22b34c5335d9,Nahim,2,5.666,100,3,98
1790904381047963360,Sebastian,bd94e1f6162d,0.345,1,22b34c5335d9,Nahim,2,5.866,100,3,98
1790904381247727424,Sebastian,bd94e1f6162d,0.545,2,22b34c5335d9|deadcacdbad1,Nahim|Nicolas,2|1,6.066|0.027,101,3,98
1790904381447999776,Sebastian,bd94e1f6162d,0.745,2,22b34c5335d9|deadcacdbad1,Nahim|Nicolas,2|1,6.266|0.228,101,3,98
1790904381647763808,Sebastian,bd94e1f6162d,0.945,2,22b34c5335d9|deadcacdbad1,Nahim|Nicolas,2|1,6.466|0.427,101,3,98
1790904381847669568,Sebastian,bd94e1f6162d,1.145,2,22b34c5335d9|deadcacdbad1,Nahim|Nicolas,2|1,6.666|0.627,101,3,98
1790904382047603552,Sebastian,bd94e1f6162d,1.344,2,22b34c5335d9|deadcacdbad1,Nahim|Nicolas,2|1,6.865|0.827,101,3,98
1790904382247918592,Sebastian,bd94e1f6162d,1.545,2,22b34c5335d9|deadcacdbad1,Nahim|Nicolas,2|1,7.066|1.027,101,3,98
1790904382447997664,Sebastian,bd94e1f6162d,1.745,2,22b34c5335d9|deadcacdbad1,Nahim|Nicolas,2|1,7.266|1.228,101,3,98
1790904382648061536,Sebastian,bd94e1f6162d,1.945,2,22b34c5335d9|deadcacdbad1,Nahim|Nicolas,2|1,7.466|1.428,101,3,98
1790904382847926624,Sebastian,bd94e1f6162d,2.145,2,22b34c5335d9|deadcacdbad1,Nahim|Nicolas,2|1,7.666|1.627,101,3,98
1790904383047542624,Sebastian,bd94e1f6162d,2.345,2,22b34c5335d9|deadcacdbad1,Nahim|Nicolas,2|1,7.866|1.827,101,3,98
1790904383247912448,Sebastian,bd94e1f6162d,2.545,2,22b34c5335d9|deadcacdbad1,Nahim|Nicolas,2|1,8.066|2.027,101,3,98
1790904383448021792,Sebastian,bd94e1f6162d,2.745,2,22b34c5335d9|deadcacdbad1,Nahim|Nicolas,2|1,8.266|2.228,101,3,98
1790904383647938304,Sebastian,bd94e1f6162d,2.945,2,22b34c5335d9|deadcacdbad1,Nahim|Nicolas,2|1,8.466|2.427,101,3,98
1790904383847464096,Nahim,22b34c5335d9,0.121,1,deadcacdbad1,Nicolas,1,2.627,101,3,99
1790904384047769952,Nahim,22b34c5335d9,0.321,1,deadcacdbad1,Nicolas,1,2.827,101,3,99
1790904384247112864,Nahim,22b34c5335d9,0.520,1,deadcacdbad1,Nicolas,1,3.027,101,3,99
1790904384447930976,Nahim,22b34c5335d9,0.721,2,deadcacdbad1|f21a3b7a4f37,Nicolas|Sebastian,1|3,3.227|0.187,102,4,99
1790904384647135136,Nahim,22b34c5335d9,0.920,2,deadcacdbad1|f21a3b7a4f37,Nicolas|Sebastian,1|3,3.427|0.387,102,4,99
1790904384847870496,Nahim,22b34c5335d9,1.121,2,deadcacdbad1|f21a3b7a4f37,Nicolas|Sebastian,1|3,3.627|0.587,102,4,99
1790904385047958688,Nahim,22b34c5335d9,1.321,2,deadcacdbad1|f21a3b7a4f37,Nicolas|Sebastian,1|3,3.827|0.788,102,4,99
1790904385247744512,Nahim,22b34c5335d9,1.521,2,deadcacdbad1|f21a3b7a4f37,Nicolas|Sebastian,1|3,4.027|0.987,102,4,99
1790904385447893664,Nahim,22b34c5335d9,1.721,2,deadcacdbad1|f21a3b7a4f37,Nicolas|Sebastian,1|3,4.227|1.187,102,4,99
1790904385648018784,Nahim,22b34c5335d9,1.921,2,deadcacdbad1|f21a3b7a4f37,Nicolas|Sebastian,1|3,4.428|1.388,102,4,99
1790904385847878080,Nahim,22b34c5335d9,2.121,2,deadcacdbad1|f21a3b7a4f37,Nicolas|Sebastian,1|3,4.627|1.587,102,4,99
1790904386047952896,Nahim,22b34c5335d9,2.321,2,deadcacdbad1|f21a3b7a4f37,Nicolas|Sebastian,1|3,4.827|1.787,102,4,99
1790904386248149280,Nahim,22b34c5335d9,2.521,2,deadcacdbad1|f21a3b7a4f37,Nicolas|Sebastian,1|3,5.028|1.988,102,4,99
1790904386447227296,Nahim,22b34c5335d9,2.720,2,deadcacdbad1|f21a3b7a4f37,Nicolas|Sebastian,1|3,5.227|2.187,102,4,99
1790904386647338112,Nahim,22b34c5335d9,2.920,2,deadcacdbad1|f21a3b7a4f37,Nicolas|Sebastian,1|3,5.427|2.387,102,4,99
1790904386847561152,Sebastian,f21a3b7a4f37,0.102,1,deadcacdbad1,Nicolas,1,5.627,102,4,100
1790904387047950528,Sebastian,f21a3b7a4f37,0.302,1,deadcacdbad1,Nicolas,1,5.827,102,4,100
1790904387247375584,Sebastian,f21a3b7a4f37,0.502,1,deadcacdbad1,Nicolas,1,6.027,102,4,100
1790904387447996768,Sebastian,f21a3b7a4f37,0.702,2,deadcacdbad1|227d3d65967e,Nicolas|Nahim,1|2,6.228|0.174,103,4,100
1790904387647963264,Sebastian,f21a3b7a4f37,0.902,2,deadcacdbad1|227d3d65967e,Nicolas|Nahim,1|2,6.428|0.374,103,4,100
1790904387847231520,Sebastian,f21a3b7a4f37,1.101,2,deadcacdbad1|227d3d65967e,Nicolas|Nahim,1|2,6.627|0.573,103,4,100
1790904388047936064,Sebastian,f21a3b7a4f37,1.302,2,deadcacdbad1|227d3d65967e,Nicolas|Nahim,1|2,6.827|0.774,103,4,100
1790904388247910944,Sebastian,f21a3b7a4f37,1.502,2,deadcacdbad1|227d3d65967e,Nicolas|Nahim,1|2,7.027|0.974,103,4,100
1790904388447937056,Sebastian,f21a3b7a4f37,1.702,2,deadcacdbad1|227d3d65967e,Nicolas|Nahim,1|2,7.227|1.174,103,4,100
1790904388647870240,Sebastian,f21a3b7a4f37,1.902,2,deadcacdbad1|227d3d65967e,Nicolas|Nahim,1|2,7.427|1.374,103,4,100
1790904388847866304,Sebastian,f21a3b7a4f37,2.102,2,deadcacdbad1|227d3d65967e,Nicolas|Nahim,1|2,7.627|1.574,103,4,100
1790904389047458240,Sebastian,f21a3b7a4f37,2.302,2,deadcacdbad1|227d3d65967e,Nicolas|Nahim,1|2,7.827|1.774,103,4,100
1790904389247970912,Sebastian,f21a3b7a4f37,2.502,2,deadcacdbad1|227d3d65967e,Nicolas|Nahim,1|2,8.027|1.974,103,4,100
1790904389447266912,Sebastian,f21a3b7a4f37,2.701,2,deadcacdbad1|227d3d65967e,Nicolas|Nahim,1|2,8.227|2.173,103,4,100
1790904389647942240,Sebastian,f21a3b7a4f37,2.902,2,deadcacdbad1|227d3d65967e,Nicolas|Nahim,1|2,8.427|2.374,103,4,100
1790904389847911040,Nahim,227d3d65967e,0.082,1,deadcacdbad1,Nicolas,1,8.627,103,4,101
1790904390047939616,Nahim,227d3d65967e,0.282,1,deadcacdbad1,Nicolas,1,8.827,103,4,101
1790904390247413696,Nahim,227d3d65967e,0.482,1,deadcacdbad1,Nicolas,1,9.027,103,4,101
1790904390448282784,Nahim,227d3d65967e,0.682,2,deadcacdbad1|a4f926a6c2ea,Nicolas|Sebastian,1|3,9.228|0.155,104,4,101
1790904390648342304,Nahim,227d3d65967e,0.882,2,deadcacdbad1|a4f926a6c2ea,Nicolas|Sebastian,1|3,9.428|0.355,104,4,101
1790904390848354816,Nahim,227d3d65967e,1.083,2,deadcacdbad1|a4f926a6c2ea,Nicolas|Sebastian,1|3,9.628|0.555,104,4,101
1790904391048044640,Nahim,227d3d65967e,1.282,2,deadcacdbad1|a4f926a6c2ea,Nicolas|Sebastian,1|3,9.828|0.755,104,4,101
1790904391248170208,Nahim,227d3d65967e,1.482,2,deadcacdbad1|a4f926a6c2ea,Nicolas|Sebastian,1|3,10.028|0.955,104,4,101
1790904391447738464,Nahim,227d3d65967e,1.682,2,deadcacdbad1|a4f926a6c2ea,Nicolas|Sebastian,1|3,10.227|1.155,104,4,101
1790904391647790976,Nahim,227d3d65967e,1.882,2,deadcacdbad1|a4f926a6c2ea,Nicolas|Sebastian,1|3,10.427|1.355,104,4,101
1790904391848019552,Nahim,227d3d65967e,2.082,2,deadcacdbad1|a4f926a6c2ea,Nicolas|Sebastian,1|3,10.628|1.555,104,4,101
1790904392047902944,Nahim,227d3d65967e,2.282,2,deadcacdbad1|a4f926a6c2ea,Nicolas|Sebastian,1|3,10.828|1.755,104,4,101
1790904392248404512,Nahim,227d3d65967e,2.482,2,deadcacdbad1|a4f926a6c2ea,Nicolas|Sebastian,1|3,11.028|1.955,104,4,101
1790904392447334016,Nahim,227d3d65967e,2.682,2,deadcacdbad1|a4f926a6c2ea,Nicolas|Sebastian,1|3,11.227|2.154,104,4,101
1790904392647409408,Nahim,227d3d65967e,2.882,2,deadcacdbad1|a4f926a6c2ea,Nicolas|Sebastian,1|3,11.427|2.354,104,4,101
1790904392847864256,Sebastian,a4f926a6c2ea,0.063,1,deadcacdbad1,Nicolas,1,11.627,104,4,102
1790904393048050464,Sebastian,a4f926a6c2ea,0.263,1,deadcacdbad1,Nicolas,1,11.828,104,4,102
1790904393247924896,Sebastian,a4f926a6c2ea,0.463,1,deadcacdbad1,Nicolas,1,12.027,104,4,102
1790904393448356544,Sebastian,a4f926a6c2ea,0.663,2,deadcacdbad1|4c9f709db097,Nicolas|Nahim,1|2,12.228|0.138,105,4,102
1790904393647964096,Sebastian,a4f926a6c2ea,0.863,2,deadcacdbad1|4c9f709db097,Nicolas|Nahim,1|2,12.427|0.338,105,4,102
1790904393847548160,Sebastian,a4f926a6c2ea,1.062,2,deadcacdbad1|4c9f709db097,Nicolas|Nahim,1|2,12.627|0.537,105,4,102
1790904394048190976,Sebastian,a4f926a6c2ea,1.263,2,deadcacdbad1|4c9f709db097,Nicolas|Nahim,1|2,12.828|0.738,105,4,102
1790904394247603552,Sebastian,a4f926a6c2ea,1.462,2,deadcacdbad1|4c9f709db097,Nicolas|Nahim,1|2,13.027|0.937,105,4,102
1790904394448043104,Sebastian,a4f926a6c2ea,1.663,2,deadcacdbad1|4c9f709db097,Nicolas|Nahim,1|2,13.228|1.138,105,4,102
1790904394647440480,Sebastian,a4f926a6c2ea,1.862,2,deadcacdbad1|4c9f709db097,Nicolas|Nahim,1|2,13.427|1.337,105,4,102
1790904394847960736,Sebastian,a4f926a6c2ea,2.063,2,deadcacdbad1|4c9f709db097,Nicolas|Nahim,1|2,13.627|1.537,105,4,102
1790904395047341984,Sebastian,a4f926a6c2ea,2.262,2,deadcacdbad1|4c9f709db097,Nicolas|Nahim,1|2,13.827|1.737,105,4,102
1790904395247896960,Sebastian,a4f926a6c2ea,2.463,2,deadcacdbad1|4c9f709db097,Nicolas|Nahim,1|2,14.027|1.937,105,4,102
1790904395447953376,Sebastian,a4f926a6c2ea,2.663,2,deadcacdbad1|4c9f709db097,Nicolas|Nahim,1|2,14.227|2.137,105,4,102
1790904395648001952,Sebastian,a4f926a6c2ea,2.863,2,deadcacdbad1|4c9f709db097,Nicolas|Nahim,1|2,14.428|2.338,105,4,102
1790904395847773056,Nicolas,deadcacdbad1,0.043,1,4c9f709db097,Nahim,2,2.537,105,4,103
1790904396048040448,Nicolas,deadcacdbad1,0.243,1,4c9f709db097,Nahim,2,2.737,105,4,103
1790904396248082272,Nicolas,deadcacdbad1,0.444,1,4c9f709db097,Nahim,2,2.938,105,4,103
1790904396447873248,Nicolas,deadcacdbad1,0.643,2,4c9f709db097|a4d751dbd1be,Nahim|Sebastian,2|3,3.137|0.116,106,4,103
1790904396648086784,Nicolas,deadcacdbad1,0.844,2,4c9f709db097|a4d751dbd1be,Nahim|Sebastian,2|3,3.337|0.316,106,4,103
1790904396847611264,Nicolas,deadcacdbad1,1.043,2,4c9f709db097|a4d751dbd1be,Nahim|Sebastian,2|3,3.537|0.516,106,4,103
1790904397047924128,Nicolas,deadcacdbad1,1.244,2,4c9f709db097|a4d751dbd1be,Nahim|Sebastian,2|3,3.737|0.716,106,4,103
1790904397248083616,Nicolas,deadcacdbad1,1.443,2,4c9f709db097|a4d751dbd1be,Nahim|Sebastian,2|3,3.937|0.916,106,4,103
1790904397447902976,Nicolas,deadcacdbad1,1.644,2,4c9f709db097|a4d751dbd1be,Nahim|Sebastian,2|3,4.137|1.116,106,4,103
1790904397647294400,Nicolas,deadcacdbad1,1.843,2,4c9f709db097|a4d751dbd1be,Nahim|Sebastian,2|3,4.337|1.316,106,4,103
1790904397848100736,Nicolas,deadcacdbad1,2.044,2,4c9f709db097|a4d751dbd1be,Nahim|Sebastian,2|3,4.538|1.517,106,4,103
1790904398047904864,Nicolas,deadcacdbad1,2.244,2,4c9f709db097|a4d751dbd1be,Nahim|Sebastian,2|3,4.737|1.716,106,4,103
1790904398247959520,Nicolas,deadcacdbad1,2.444,2,4c9f709db097|a4d751dbd1be,Nahim|Sebastian,2|3,4.938|1.916,106,4,103
1790904398447942304,Nicolas,deadcacdbad1,2.644,2,4c9f709db097|a4d751dbd1be,Nahim|Sebastian,2|3,5.137|2.116,106,4,103
1790904398647895392,Nicolas,deadcacdbad1,2.844,2,4c9f709db097|a4d751dbd1be,Nahim|Sebastian,2|3,5.337|2.316,106,4,103
1790904398847740352,Sebastian,a4d751dbd1be,0.023,1,4c9f709db097,Nahim,2,5.537,106,4,104
1790904399048047776,Sebastian,a4d751dbd1be,0.223,1,4c9f709db097,Nahim,2,5.738,106,4,104
1790904399247900416,Sebastian,a4d751dbd1be,0.423,1,4c9f709db097,Nahim,2,5.937,106,4,104
1790904399447527456,Sebastian,a4d751dbd1be,0.623,2,4c9f709db097|903666a085ba,Nahim|Nicolas,2|1,6.137|0.100,107,4,104
1790904399648011936,Sebastian,a4d751dbd1be,0.823,2,4c9f709db097|903666a085ba,Nahim|Nicolas,2|1,6.338|0.301,107,4,104
1790904399847264096,Sebastian,a4d751dbd1be,1.022,2,4c9f709db097|903666a085ba,Nahim|Nicolas,2|1,6.537|0.500,107,4,104
1790904400047787488,Sebastian,a4d751dbd1be,1.223,2,4c9f709db097|903666a085ba,Nahim|Nicolas,2|1,6.737|0.701,107,4,104
1790904400247717280,Sebastian,a4d751dbd1be,1.423,2,4c9f709db097|903666a085ba,Nahim|Nicolas,2|1,6.937|0.901,107,4,104
1790904400447890208,Sebastian,a4d751dbd1be,1.623,2,4c9f709db097|903666a085ba,Nahim|Nicolas,2|1,7.137|1.101,107,4,104
1790904400647901952,Sebastian,a4d751dbd1be,1.823,2,4c9f709db097|903666a085ba,Nahim|Nicolas,2|1,7.337|1.301,107,4,104
1790904400848057344,Sebastian,a4d751dbd1be,2.023,2,4c9f709db097|903666a085ba,Nahim|Nicolas,2|1,7.538|1.501,107,4,104
1790904401047956032,Sebastian,a4d751dbd1be,2.223,2,4c9f709db097|903666a085ba,Nahim|Nicolas,2|1,7.737|1.701,107,4,104
1790904401247764896,Sebastian,a4d751dbd1be,2.423,2,4c9f709db097|903666a085ba,Nahim|Nicolas,2|1,7.937|1.901,107,4,104
1790904401447918272,Sebastian,a4d751dbd1be,2.623,2,4c9f709db097|903666a085ba,Nahim|Nicolas,2|1,8.137|2.101,107,4,104
1790904401647947264,Sebastian,a4d751dbd1be,2.823,2,4c9f709db097|903666a085ba,Nahim|Nicolas,2|1,8.337|2.301,107,4,104
1790904401849517536,Nahim,4c9f709db097,0.005,1,903666a085ba,Nicolas,1,2.502,107,4,105
1790904402047820864,Nahim,4c9f709db097,0.203,1,903666a085ba,Nicolas,1,2.701,107,4,105
1790904402247874208,Nahim,4c9f709db097,0.403,1,903666a085ba,Nicolas,1,2.901,107,4,105
1790904402447890784,Nahim,4c9f709db097,0.603,2,903666a085ba|28f618a1aa1a,Nicolas|Sebastian,1|3,3.101|0.077,108,4,105
1790904402647945344,Nahim,4c9f709db097,0.803,2,903666a085ba|28f618a1aa1a,Nicolas|Sebastian,1|3,3.301|0.277,108,4,105
1790904402847960736,Nahim,4c9f709db097,1.003,2,903666a085ba|28f618a1aa1a,Nicolas|Sebastian,1|3,3.501|0.477,108,4,105
1790904403047922848,Nahim,4c9f709db097,1.203,2,903666a085ba|28f618a1aa1a,Nicolas|Sebastian,1|3,3.701|0.677,108,4,105
1790904403248013248,Nahim,4c9f709db097,1.404,2,903666a085ba|28f618a1aa1a,Nicolas|Sebastian,1|3,3.901|0.877,108,4,105
1790904403448000192,Nahim,4c9f709db097,1.604,2,903666a085ba|28f618a1aa1a,Nicolas|Sebastian,1|3,4.101|1.077,108,4,105
1790904403648014592,Nahim,4c9f709db097,1.804,2,903666a085ba|28f618a1aa1a,Nicolas|Sebastian,1|3,4.301|1.277,108,4,105
1790904403847837600,Nahim,4c9f709db097,2.003,2,903666a085ba|28f618a1aa1a,Nicolas|Sebastian,1|3,4.501|1.477,108,4,105
1790904404047929568,Nahim,4c9f709db097,2.203,2,903666a085ba|28f618a1aa1a,Nicolas|Sebastian,1|3,4.701|1.677,108,4,105
1790904404247901920,Nahim,4c9f709db097,2.403,2,903666a085ba|28f618a1aa1a,Nicolas|Sebastian,1|3,4.901|1.877,108,4,105
1790904404447683968,Nahim,4c9f709db097,2.603,2,903666a085ba|28f618a1aa1a,Nicolas|Sebastian,1|3,5.100|2.077,108,4,105
1790904404647850912,Nahim,4c9f709db097,2.804,2,903666a085ba|28f618a1aa1a,Nicolas|Sebastian,1|3,5.301|2.277,108,4,105
1790904404848015008,Nahim,4c9f709db097,3.004,2,903666a085ba|28f618a1aa1a,Nicolas|Sebastian,1|3,5.501|2.477,108,4,105
1790904405047988448,Sebastian,28f618a1aa1a,0.185,1,903666a085ba,Nicolas,1,5.701,108,4,106
1790904405248153184,Sebastian,28f618a1aa1a,0.385,1,903666a085ba,Nicolas,1,5.901,108,4,106
1790904405447839456,Sebastian,28f618a1aa1a,0.584,2,903666a085ba|8bc87ff3ac70,Nicolas|Nahim,1|2,6.101|0.056,109,4,106
1790904405647859488,Sebastian,28f618a1aa1a,0.784,2,903666a085ba|8bc87ff3ac70,Nicolas|Nahim,1|2,6.301|0.256,109,4,106
1790904405848011936,Sebastian,28f618a1aa1a,0.985,2,903666a085ba|8bc87ff3ac70,Nicolas|Nahim,1|2,6.501|0.456,109,4,106
1790904406047944288,Sebastian,28f618a1aa1a,1.184,2,903666a085ba|8bc87ff3ac70,Nicolas|Nahim,1|2,6.701|0.656,109,4,106
1790904406247964032,Sebastian,28f618a1aa1a,1.384,2,903666a085ba|8bc87ff3ac70,Nicolas|Nahim,1|2,6.901|0.856,109,4,106
1790904406447416832,Sebastian,28f618a1aa1a,1.584,2,903666a085ba|8bc87ff3ac70,Nicolas|Nahim,1|2,7.100|1.055,109,4,106
1790904406647970304,Sebastian,28f618a1aa1a,1.784,2,903666a085ba|8bc87ff3ac70,Nicolas|Nahim,1|2,7.301|1.256,109,4,106
1790904406847902688,Sebastian,28f618a1aa1a,1.985,2,903666a085ba|8bc87ff3ac70,Nicolas|Nahim,1|2,7.501|1.456,109,4,106
1790904407047946752,Sebastian,28f618a1aa1a,2.184,2,903666a085ba|8bc87ff3ac70,Nicolas|Nahim,1|2,7.701|1.656,109,4,106
1790904407248059488,Sebastian,28f618a1aa1a,2.385,2,903666a085ba|8bc87ff3ac70,Nicolas|Nahim,1|2,7.901|1.856,109,4,106
1790904407447931104,Sebastian,28f618a1aa1a,2.584,2,903666a085ba|8bc87ff3ac70,Nicolas|Nahim,1|2,8.101|2.056,109,4,106
1790904407648058048,Sebastian,28f618a1aa1a,2.785,2,903666a085ba|8bc87ff3ac70,Nicolas|Nahim,1|2,8.301|2.256,109,4,106
1790904407848055008,Sebastian,28f618a1aa1a,2.985,2,903666a085ba|8bc87ff3ac70,Nicolas|Nahim,1|2,8.501|2.456,109,4,106
1790904408047633056,Nahim,8bc87ff3ac70,0.165,1,903666a085ba,Nicolas,1,8.700,109,4,107
1790904408247963424,Nahim,8bc87ff3ac70,0.365,1,903666a085ba,Nicolas,1,8.901,109,4,107
1790904408447718240,Nahim,8bc87ff3ac70,0.565,2,903666a085ba|f41b6719a636,Nicolas|Sebastian,1|3,9.100|0.036,110,4,107
1790904408648269216,Nahim,8bc87ff3ac70,0.765,2,903666a085ba|f41b6719a636,Nicolas|Sebastian,1|3,9.301|0.236,110,4,107
1790904408847988992,Nahim,8bc87ff3ac70,0.965,2,903666a085ba|f41b6719a636,Nicolas|Sebastian,1|3,9.501|0.436,110,4,107
1790904409047609248,Nahim,8bc87ff3ac70,1.165,2,903666a085ba|f41b6719a636,Nicolas|Sebastian,1|3,9.700|0.636,110,4,107
1790904409247296864,Nahim,8bc87ff3ac70,1.364,2,903666a085ba|f41b6719a636,Nicolas|Sebastian,1|3,9.900|0.836,110,4,107
1790904409447904736,Nahim,8bc87ff3ac70,1.565,2,903666a085ba|f41b6719a636,Nicolas|Sebastian,1|3,10.101|1.036,110,4,107
1790904409647998240,Nahim,8bc87ff3ac70,1.765,2,903666a085ba|f41b6719a636,Nicolas|Sebastian,1|3,10.301|1.236,110,4,107
1790904409848016640,Nahim,8bc87ff3ac70,1.965,2,903666a085ba|f41b6719a636,Nicolas|Sebastian,1|3,10.501|1.436,110,4,107
1790904410047911808,Nahim,8bc87ff3ac70,2.165,2,903666a085ba|f41b6719a636,Nicolas|Sebastian,1|3,10.701|1.636,110,4,107
1790904410248144960,Nahim,8bc87ff3ac70,2.365,2,903666a085ba|f41b6719a636,Nicolas|Sebastian,1|3,10.901|1.836,110,4,107
1790904410447504736,Nahim,8bc87ff3ac70,2.565,2,903666a085ba|f41b6719a636,Nicolas|Sebastian,1|3,11.100|2.036,110,4,107
1790904410647895264,Nahim,8bc87ff3ac70,2.765,2,903666a085ba|f41b6719a636,Nicolas|Sebastian,1|3,11.301|2.236,110,4,107
1790904410847321472,Nahim,8bc87ff3ac70,2.964,2,903666a085ba|f41b6719a636,Nicolas|Sebastian,1|3,11.500|2.435,110,4,107
1790904411048164000,Sebastian,f41b6719a636,0.144,1,903666a085ba,Nicolas,1,11.701,110,4,108
1790904411248034176,Sebastian,f41b6719a636,0.344,1,903666a085ba,Nicolas,1,11.901,110,4,108
1790904411447279488,Sebastian,f41b6719a636,0.544,2,903666a085ba|acd20acc8b09,Nicolas|Nahim,1|2,12.100|0.018,111,4,108
1790904411647543008,Sebastian,f41b6719a636,0.744,2,903666a085ba|acd20acc8b09,Nicolas|Nahim,1|2,12.300|0.218,111,4,108
1790904411848051232,Sebastian,f41b6719a636,0.944,2,903666a085ba|acd20acc8b09,Nicolas|Nahim,1|2,12.501|0.418,111,4,108
1790904412048080416,Sebastian,f41b6719a636,1.144,2,903666a085ba|acd20acc8b09,Nicolas|Nahim,1|2,12.701|0.618,111,4,108
1790904412248054752,Sebastian,f41b6719a636,1.344,2,903666a085ba|acd20acc8b09,Nicolas|Nahim,1|2,12.901|0.818,111,4,108
1790904412447898112,Sebastian,f41b6719a636,1.544,2,903666a085ba|acd20acc8b09,Nicolas|Nahim,1|2,13.101|1.018,111,4,108
1790904412648032672,Sebastian,f41b6719a636,1.744,2,903666a085ba|acd20acc8b09,Nicolas|Nahim,1|2,13.301|1.218,111,4,108
1790904412847375744,Sebastian,f41b6719a636,1.944,2,903666a085ba|acd20acc8b09,Nicolas|Nahim,1|2,13.500|1.418,111,4,108
1790904413047620736,Sebastian,f41b6719a636,2.144,2,903666a085ba|acd20acc8b09,Nicolas|Nahim,1|2,13.700|1.618,111,4,108
1790904413248025216,Sebastian,f41b6719a636,2.344,2,903666a085ba|acd20acc8b09,Nicolas|Nahim,1|2,13.901|1.818,111,4,108
1790904413448073120,Sebastian,f41b6719a636,2.544,2,903666a085ba|acd20acc8b09,Nicolas|Nahim,1|2,14.101|2.019,111,4,108
1790904413647803776,Sebastian,f41b6719a636,2.744,2,903666a085ba|acd20acc8b09,Nicolas|Nahim,1|2,14.301|2.218,111,4,108
1790904413847899424,Sebastian,f41b6719a636,2.944,2,903666a085ba|acd20acc8b09,Nicolas|Nahim,1|2,14.501|2.418,111,4,108
1790904414047850112,Nicolas,903666a085ba,0.124,1,acd20acc8b09,Nahim,2,2.618,111,4,109
1790904414247960480,Nicolas,903666a085ba,0.324,1,acd20acc8b09,Nahim,2,2.818,111,4,109
1790904414447923680,Nicolas,903666a085ba,0.524,1,acd20acc8b09,Nahim,2,3.018,111,4,109
1790904414647998304,Nicolas,903666a085ba,0.724,2,acd20acc8b09|5b4a73d02153,Nahim|Sebastian,2|3,3.218|0.179,112,6,109
1790904414847960320,Nicolas,903666a085ba,0.924,2,acd20acc8b09|5b4a73d02153,Nahim|Sebastian,2|3,3.418|0.379,112,6,109
1790904415048016352,Nicolas,903666a085ba,1.124,2,acd20acc8b09|5b4a73d02153,Nahim|Sebastian,2|3,3.618|0.579,112,6,109
1790904415247979072,Nicolas,903666a085ba,1.324,2,acd20acc8b09|5b4a73d02153,Nahim|Sebastian,2|3,3.818|0.778,112,6,109
1790904415447797152,Nicolas,903666a085ba,1.524,2,acd20acc8b09|5b4a73d02153,Nahim|Sebastian,2|3,4.018|0.979,112,6,109
1790904415647797312,Nicolas,903666a085ba,1.724,2,acd20acc8b09|5b4a73d02153,Nahim|Sebastian,2|3,4.218|1.178,112,6,109
1790904415847939200,Nicolas,903666a085ba,1.924,2,acd20acc8b09|5b4a73d02153,Nahim|Sebastian,2|3,4.418|1.379,112,6,109
1790904416047770752,Nicolas,903666a085ba,2.124,2,acd20acc8b09|5b4a73d02153,Nahim|Sebastian,2|3,4.618|1.578,112,6,109
1790904416247659200,Nicolas,903666a085ba,2.324,2,acd20acc8b09|5b4a73d02153,Nahim|Sebastian,2|3,4.818|1.778,112,6,109
1790904416447766176,Nicolas,903666a085ba,2.524,2,acd20acc8b09|5b4a73d02153,Nahim|Sebastian,2|3,5.018|1.978,112,6,109
1790904416647768960,Nicolas,903666a085ba,2.724,2,acd20acc8b09|5b4a73d02153,Nahim|Sebastian,2|3,5.218|2.179,112,6,109
1790904416847887520,Nicolas,903666a085ba,2.924,2,acd20acc8b09|5b4a73d02153,Nahim|Sebastian,2|3,5.418|2.379,112,6,109
1790904417048069216,Sebastian,5b4a73d02153,0.105,1,acd20acc8b09,Nahim,2,5.619,112,6,110
1790904417249121728,Sebastian,5b4a73d02153,0.306,1,acd20acc8b09,Nahim,2,5.820,112,6,110
1790904417447715808,Sebastian,5b4a73d02153,0.504,1,acd20acc8b09,Nahim,2,6.018,112,6,110
1790904417647423648,Sebastian,5b4a73d02153,0.704,2,acd20acc8b09|8adb0f64026d,Nahim|Nicolas,2|1,6.218|0.176,113,6,110
1790904417847752928,Sebastian,5b4a73d02153,0.904,2,acd20acc8b09|8adb0f64026d,Nahim|Nicolas,2|1,6.418|0.376,113,6,110
1790904418047979520,Sebastian,5b4a73d02153,1.105,2,acd20acc8b09|8adb0f64026d,Nahim|Nicolas,2|1,6.618|0.577,113,6,110
1790904418247668416,Sebastian,5b4a73d02153,1.304,2,acd20acc8b09|8adb0f64026d,Nahim|Nicolas,2|1,6.818|0.776,113,6,110
1790904418448051488,Sebastian,5b4a73d02153,1.505,2,acd20acc8b09|8adb0f64026d,Nahim|Nicolas,2|1,7.018|0.977,113,6,110
1790904418648057824,Sebastian,5b4a73d02153,1.705,2,acd20acc8b09|8adb0f64026d,Nahim|Nicolas,2|1,7.218|1.177,113,6,110
1790904418847279904,Sebastian,5b4a73d02153,1.904,2,acd20acc8b09|8adb0f64026d,Nahim|Nicolas,2|1,7.418|1.376,113,6,110
1790904419047940928,Sebastian,5b4a73d02153,2.104,2,acd20acc8b09|8adb0f64026d,Nahim|Nicolas,2|1,7.618|1.577,113,6,110
1790904419247946784,Sebastian,5b4a73d02153,2.304,2,acd20acc8b09|8adb0f64026d,Nahim|Nicolas,2|1,7.818|1.777,113,6,110
1790904419447996256,Sebastian,5b4a73d02153,2.505,2,acd20acc8b09|8adb0f64026d,Nahim|Nicolas,2|1,8.018|1.977,113,6,110
1790904419648078496,Sebastian,5b4a73d02153,2.704,2,acd20acc8b09|8adb0f64026d,Nahim|Nicolas,2|1,8.218|2.177,113,6,110
1790904419847941664,Sebastian,5b4a73d02153,2.905,2,acd20acc8b09|8adb0f64026d,Nahim|Nicolas,2|1,8.418|2.377,113,6,110
1790904420047678784,Nahim,acd20acc8b09,0.087,1,8adb0f64026d,Nicolas,1,2.576,113,6,111
1790904420247858624,Nahim,acd20acc8b09,0.287,1,8adb0f64026d,Nicolas,1,2.776,113,6,111
1790904420447567360,Nahim,acd20acc8b09,0.487,1,8adb0f64026d,Nicolas,1,2.976,113,6,111
1790904420647926624,Nahim,acd20acc8b09,0.687,1,8adb0f64026d,Nicolas,1,3.177,113,6,111
1790904420847621408,Nahim,acd20acc8b09,0.887,1,8adb0f64026d,Nicolas,1,3.376,113,6,111
1790904421047908096,Nahim,acd20acc8b09,1.087,1,8adb0f64026d,Nicolas,1,3.577,113,6,111
1790904421247381728,Nahim,acd20acc8b09,1.287,1,8adb0f64026d,Nicolas,1,3.776,113,6,111
1790904421448113856,Nahim,acd20acc8b09,1.487,1,8adb0f64026d,Nicolas,1,3.977,113,6,111
1790904421647950816,Nahim,acd20acc8b09,1.687,1,8adb0f64026d,Nicolas,1,4.177,113,6,111
1790904421847547456,Nahim,acd20acc8b09,1.887,1,8adb0f64026d,Nicolas,1,4.376,113,6,111
1790904422047997664,Nahim,acd20acc8b09,2.087,1,8adb0f64026d,Nicolas,1,4.577,113,6,111
1790904422247758496,Nahim,acd20acc8b09,2.287,1,8adb0f64026d,Nicolas,1,4.776,113,6,111
1790904422447434432,Nahim,acd20acc8b09,2.487,1,8adb0f64026d,Nicolas,1,4.976,113,6,111
1790904422647933376,Nahim,acd20acc8b09,2.687,1,8adb0f64026d,Nicolas,1,5.177,113,6,111
1790904422847931648,Nahim,acd20acc8b09,2.887,1,8adb0f64026d,Nicolas,1,5.377,113,6,111
1790904423047860736,Nicolas,8adb0f64026d,0.067,0,,,,,113,6,112
1790904423247961632,Nicolas,8adb0f64026d,0.267,0,,,,,113,6,112
1790904423447929536,Nicolas,8adb0f64026d,0.467,0,,,,,113,6,112
1790904423647232864,Nicolas,8adb0f64026d,0.666,1,61d137e6aa61,Nahim,2,0.139,114,6,112
1790904423847892096,Nicolas,8adb0f64026d,0.867,1,61d137e6aa61,Nahim,2,0.340,114,6,112
1790904424047386752,Nicolas,8adb0f64026d,1.066,1,61d137e6aa61,Nahim,2,0.539,114,6,112
1790904424247993888,Nicolas,8adb0f64026d,1.267,1,61d137e6aa61,Nahim,2,0.740,114,6,112
1790904424447252352,Nicolas,8adb0f64026d,1.466,1,61d137e6aa61,Nahim,2,0.939,114,6,112
1790904424647937472,Nicolas,8adb0f64026d,1.667,1,61d137e6aa61,Nahim,2,1.140,114,6,112
1790904424847462688,Nicolas,8adb0f64026d,1.866,1,61d137e6aa61,Nahim,2,1.339,114,6,112
1790904425048592896,Nicolas,8adb0f64026d,2.067,1,61d137e6aa61,Nahim,2,1.540,114,6,112
1790904425248025600,Nicolas,8adb0f64026d,2.267,1,61d137e6aa61,Nahim,2,1.740,114,6,112
1790904425447935936,Nicolas,8adb0f64026d,2.467,1,61d137e6aa61,Nahim,2,1.940,114,6,112
1790904425647958592,Nicolas,8adb0f64026d,2.667,1,61d137e6aa61,Nahim,2,2.140,114,6,112
1790904425847995808,Nicolas,8adb0f64026d,2.867,1,61d137e6aa61,Nahim,2,2.340,114,6,112
1790904426047748768,Nahim,61d137e6aa61,0.049,0,,,,,114,6,113
1790904426247912320,Nahim,61d137e6aa61,0.249,0,,,,,114,6,113
1790904426447904992,Nahim,61d137e6aa61,0.449,0,,,,,114,6,113
1790904426647470816,Nahim,61d137e6aa61,0.649,1,3dc87c5e0656,Nicolas,1,0.133,115,6,113
1790904426847917056,Nahim,61d137e6aa61,0.849,1,3dc87c5e0656,Nicolas,1,0.333,115,6,113
1790904427047910496,Nahim,61d137e6aa61,1.049,1,3dc87c5e0656,Nicolas,1,0.533,115,6,113
1790904427247918784,Nahim,61d137e6aa61,1.249,1,3dc87c5e0656,Nicolas,1,0.733,115,6,113
1790904427447835936,Nahim,61d137e6aa61,1.449,1,3dc87c5e0656,Nicolas,1,0.933,115,6,113
1790904427647978976,Nahim,61d137e6aa61,1.649,1,3dc87c5e0656,Nicolas,1,1.133,115,6,113
1790904427847947296,Nahim,61d137e6aa61,1.849,1,3dc87c5e0656,Nicolas,1,1.333,115,6,113
1790904428047936800,Nahim,61d137e6aa61,2.049,1,3dc87c5e0656,Nicolas,1,1.533,115,6,113
1790904428247909120,Nahim,61d137e6aa61,2.249,1,3dc87c5e0656,Nicolas,1,1.733,115,6,113
1790904428447874720,Nahim,61d137e6aa61,2.449,1,3dc87c5e0656,Nicolas,1,1.933,115,6,113
1790904428647963840,Nahim,61d137e6aa61,2.649,1,3dc87c5e0656,Nicolas,1,2.133,115,6,113
1790904428847824096,Nahim,61d137e6aa61,2.849,1,3dc87c5e0656,Nicolas,1,2.333,115,6,113
1790904429047910496,Nicolas,3dc87c5e0656,0.030,0,,,,,115,6,114
1790904429247270176,Nicolas,3dc87c5e0656,0.230,0,,,,,115,6,114
1790904429447645056,Nicolas,3dc87c5e0656,0.430,0,,,,,115,6,114
1790904429647178720,Nicolas,3dc87c5e0656,0.629,1,6f2f51300057,Nahim,2,0.106,116,6,114
1790904429847857920,Nicolas,3dc87c5e0656,0.830,1,6f2f51300057,Nahim,2,0.307,116,6,114
1790904430047368288,Nicolas,3dc87c5e0656,1.030,1,6f2f51300057,Nahim,2,0.506,116,6,114
1790904430247833376,Nicolas,3dc87c5e0656,1.230,1,6f2f51300057,Nahim,2,0.707,116,6,114
1790904430447870336,Nicolas,3dc87c5e0656,1.430,1,6f2f51300057,Nahim,2,0.907,116,6,114
1790904430647615328,Nicolas,3dc87c5e0656,1.630,1,6f2f51300057,Nahim,2,1.106,116,6,114
1790904430848067328,Nicolas,3dc87c5e0656,1.830,1,6f2f51300057,Nahim,2,1.307,116,6,114
1790904431047880032,Nicolas,3dc87c5e0656,2.030,1,6f2f51300057,Nahim,2,1.507,116,6,114
1790904431248245760,Nicolas,3dc87c5e0656,2.230,1,6f2f51300057,Nahim,2,1.707,116,6,114
1790904431447735360,Nicolas,3dc87c5e0656,2.430,1,6f2f51300057,Nahim,2,1.907,116,6,114
1790904431648017120,Nicolas,3dc87c5e0656,2.630,1,6f2f51300057,Nahim,2,2.107,116,6,114
1790904431847415936,Nicolas,3dc87c5e0656,2.830,1,6f2f51300057,Nahim,2,2.306,116,6,114
1790904432047288992,Nahim,6f2f51300057,0.008,0,,,,,116,6,115
1790904432247832544,Nahim,6f2f51300057,0.209,0,,,,,116,6,115
1790904432447979232,Nahim,6f2f51300057,0.409,0,,,,,116,6,115
1790904432647750816,Nahim,6f2f51300057,0.609,1,61543f34b58c,Nicolas,1,0.079,117,6,115
1790904432847893088,Nahim,6f2f51300057,0.809,1,61543f34b58c,Nicolas,1,0.279,117,6,115
1790904433047556640,Nahim,6f2f51300057,1.008,1,61543f34b58c,Nicolas,1,0.479,117,6,115
1790904433248009568,Nahim,6f2f51300057,1.209,1,61543f34b58c,Nicolas,1,0.679,117,6,115
1790904433447930528,Nahim,6f2f51300057,1.409,1,61543f34b58c,Nicolas,1,0.879,117,6,115
1790904433647973632,Nahim,6f2f51300057,1.609,1,61543f34b58c,Nicolas,1,1.079,117,6,115
1790904433847942016,Nahim,6f2f51300057,1.809,1,61543f34b58c,Nicolas,1,1.279,117,6,115
1790904434048582688,Nahim,6f2f51300057,2.009,1,61543f34b58c,Nicolas,1,1.480,117,6,115
1790904434247916256,Nahim,6f2f51300057,2.209,1,61543f34b58c,Nicolas,1,1.679,117,6,115
1790904434447311616,Nahim,6f2f51300057,2.408,1,61543f34b58c,Nicolas,1,1.879,117,6,115
1790904434648249120,Nahim,6f2f51300057,2.609,1,61543f34b58c,Nicolas,1,2.079,117,6,115
1790904434847647456,Nahim,6f2f51300057,2.808,1,61543f34b58c,Nicolas,1,2.279,117,6,115
1790904435047878272,Nahim,6f2f51300057,3.009,1,61543f34b58c,Nicolas,1,2.479,117,6,115
1790904435247622016,Nicolas,61543f34b58c,0.188,0,,,,,117,6,116
1790904435447437568,Nicolas,61543f34b58c,0.388,0,,,,,117,6,116
1790904435647783360,Nicolas,61543f34b58c,0.588,1,8a94e80364a8,Nahim,2,0.062,118,6,116
1790904435847928704,Nicolas,61543f34b58c,0.788,1,8a94e80364a8,Nahim,2,0.262,118,6,116
1790904436047888864,Nicolas,61543f34b58c,0.988,1,8a94e80364a8,Nahim,2,0.462,118,6,116
1790904436247877280,Nicolas,61543f34b58c,1.188,1,8a94e80364a8,Nahim,2,0.662,118,6,116
1790904436448004992,Nicolas,61543f34b58c,1.388,1,8a94e80364a8,Nahim,2,0.862,118,6,116
1790904436647935328,Nicolas,61543f34b58c,1.588,1,8a94e80364a8,Nahim,2,1.062,118,6,116
1790904436847970752,Nicolas,61543f34b58c,1.788,1,8a94e80364a8,Nahim,2,1.262,118,6,116
1790904437047510816,Nicolas,61543f34b58c,1.988,1,8a94e80364a8,Nahim,2,1.461,118,6,116
1790904437247878720,Nicolas,61543f34b58c,2.188,1,8a94e80364a8,Nahim,2,1.662,118,6,116
1790904437447254304,Nicolas,61543f34b58c,2.388,1,8a94e80364a8,Nahim,2,1.861,118,6,116
1790904437647873600,Nicolas,61543f34b58c,2.588,1,8a94e80364a8,Nahim,2,2.062,118,6,116
1790904437847684768,Nicolas,61543f34b58c,2.788,1,8a94e80364a8,Nahim,2,2.262,118,6,116
1790904438047945984,Nicolas,61543f34b58c,2.988,1,8a94e80364a8,Nahim,2,2.462,118,6,116
1790904438247928480,Nahim,8a94e80364a8,0.167,0,,,,,118,6,117
1790904438447935200,Nahim,8a94e80364a8,0.367,0,,,,,118,6,117
1790904438647729312,Nahim,8a94e80364a8,0.567,1,cb55aeb24cb8,Nicolas,1,0.041,119,6,117
1790904438847925216,Nahim,8a94e80364a8,0.767,1,cb55aeb24cb8,Nicolas,1,0.241,119,6,117
1790904439047343392,Nahim,8a94e80364a8,0.967,1,cb55aeb24cb8,Nicolas,1,0.441,119,6,117
1790904439247877952,Nahim,8a94e80364a8,1.167,1,cb55aeb24cb8,Nicolas,1,0.641,119,6,117
1790904439447898912,Nahim,8a94e80364a8,1.367,1,cb55aeb24cb8,Nicolas,1,0.841,119,6,117
1790904439647357024,Nahim,8a94e80364a8,1.567,1,cb55aeb24cb8,Nicolas,1,1.041,119,6,117
1790904439847958784,Nahim,8a94e80364a8,1.767,1,cb55aeb24cb8,Nicolas,1,1.241,119,6,117
1790904440047415776,Nahim,8a94e80364a8,1.967,1,cb55aeb24cb8,Nicolas,1,1.441,119,6,117
1790904440247392096,Nahim,8a94e80364a8,2.167,1,cb55aeb24cb8,Nicolas,1,1.641,119,6,117
1790904440447945120,Nahim,8a94e80364a8,2.367,1,cb55aeb24cb8,Nicolas,1,1.841,119,6,117
1790904440648183456,Nahim,8a94e80364a8,2.568,1,cb55aeb24cb8,Nicolas,1,2.041,119,6,117
1790904440848191776,Nahim,8a94e80364a8,2.768,1,cb55aeb24cb8,Nicolas,1,2.241,119,6,117
1790904441048212224,Nahim,8a94e80364a8,2.968,1,cb55aeb24cb8,Nicolas,1,2.441,119,6,117
1790904441247943104,Nicolas,cb55aeb24cb8,0.145,0,,,,,119,6,118
1790904441447584800,Nicolas,cb55aeb24cb8,0.345,0,,,,,119,6,118
1790904441647354720,Nicolas,cb55aeb24cb8,0.545,1,861297cb82e3,Nahim,2,0.017,120,6,118
1790904441847960576,Nicolas,cb55aeb24cb8,0.745,1,861297cb82e3,Nahim,2,0.217,120,6,118
1790904442047858880,Nicolas,cb55aeb24cb8,0.945,1,861297cb82e3,Nahim,2,0.417,120,6,118
1790904442247946368,Nicolas,cb55aeb24cb8,1.145,1,861297cb82e3,Nahim,2,0.617,120,6,118
1790904442448237024,Nicolas,cb55aeb24cb8,1.346,1,861297cb82e3,Nahim,2,0.818,120,6,118
1790904442647155936,Nicolas,cb55aeb24cb8,1.545,1,861297cb82e3,Nahim,2,1.017,120,6,118
1790904442847948128,Nicolas,cb55aeb24cb8,1.745,1,861297cb82e3,Nahim,2,1.217,120,6,118
1790904443047887456,Nicolas,cb55aeb24cb8,1.945,1,861297cb82e3,Nahim,2,1.417,120,6,118
1790904443247951360,Nicolas,cb55aeb24cb8,2.145,1,861297cb82e3,Nahim,2,1.617,120,6,118
1790904443447961024,Nicolas,cb55aeb24cb8,2.345,1,861297cb82e3,Nahim,2,1.817,120,6,118
1790904443648415328,Nicolas,cb55aeb24cb8,2.546,1,861297cb82e3,Nahim,2,2.018,120,6,118
1790904443847755392,Nicolas,cb55aeb24cb8,2.745,1,861297cb82e3,Nahim,2,2.217,120,6,118
1790904444047955584,Nicolas,cb55aeb24cb8,2.945,1,861297cb82e3,Nahim,2,2.417,120,6,118
1790904444248015520,Nahim,861297cb82e3,0.124,0,,,,,120,6,119
1790904444447599840,Nahim,861297cb82e3,0.324,0,,,,,120,6,119
1790904444647872576,Nahim,861297cb82e3,0.524,0,,,,,120,6,119
1790904444847691520,Nahim,861297cb82e3,0.724,1,a142b3d63dad,Nicolas,1,0.195,121,6,119
1790904445047622432,Nahim,861297cb82e3,0.924,1,a142b3d63dad,Nicolas,1,0.395,121,6,119
1790904445247982560,Nahim,861297cb82e3,1.124,1,a142b3d63dad,Nicolas,1,0.595,121,6,119
1790904445447983008,Nahim,861297cb82e3,1.324,1,a142b3d63dad,Nicolas,1,0.795,121,6,119
1790904445647860192,Nahim,861297cb82e3,1.524,1,a142b3d63dad,Nicolas,1,0.995,121,6,119
1790904445847792480,Nahim,861297cb82e3,1.724,1,a142b3d63dad,Nicolas,1,1.195,121,6,119
1790904446048016256,Nahim,861297cb82e3,1.924,1,a142b3d63dad,Nicolas,1,1.395,121,6,119
1790904446247385440,Nahim,861297cb82e3,2.124,1,a142b3d63dad,Nicolas,1,1.595,121,6,119
1790904446448134272,Nahim,861297cb82e3,2.324,1,a142b3d63dad,Nicolas,1,1.795,121,6,119
1790904446647684736,Nahim,861297cb82e3,2.524,1,a142b3d63dad,Nicolas,1,1.995,121,6,119
1790904446847794816,Nahim,861297cb82e3,2.724,1,a142b3d63dad,Nicolas,1,2.195,121,6,119
1790904447047972768,Nahim,861297cb82e3,2.924,1,a142b3d63dad,Nicolas,1,2.395,121,6,119
1790904447247886432,Nicolas,a142b3d63dad,0.105,0,,,,,121,6,120
1790904447448230432,Nicolas,a142b3d63dad,0.305,0,,,,,121,6,120
1790904447647883392,Nicolas,a142b3d63dad,0.505,0,,,,,121,6,120
1790904447848142464,Nicolas,a142b3d63dad,0.705,1,21f18f74df8c,Nahim,2,0.178,122,6,120
1790904448047494624,Nicolas,a142b3d63dad,0.904,1,21f18f74df8c,Nahim,2,0.378,122,6,120
1790904448248073184,Nicolas,a142b3d63dad,1.105,1,21f18f74df8c,Nahim,2,0.578,122,6,120
1790904448447977856,Nicolas,a142b3d63dad,1.305,1,21f18f74df8c,Nahim,2,0.778,122,6,120
1790904448647702432,Nicolas,a142b3d63dad,1.504,1,21f18f74df8c,Nahim,2,0.978,122,6,120
1790904448847972224,Nicolas,a142b3d63dad,1.705,1,21f18f74df8c,Nahim,2,1.178,122,6,120
1790904449047890208,Nicolas,a142b3d63dad,1.905,1,21f18f74df8c,Nahim,2,1.378,122,6,120
1790904449247925280,Nicolas,a142b3d63dad,2.105,1,21f18f74df8c,Nahim,2,1.578,122,6,120
1790904449448034048,Nicolas,a142b3d63dad,2.305,1,21f18f74df8c,Nahim,2,1.778,122,6,120
1790904449647998560,Nicolas,a142b3d63dad,2.505,1,21f18f74df8c,Nahim,2,1.978,122,6,120
1790904449847664672,Nicolas,a142b3d63dad,2.705,1,21f18f74df8c,Nahim,2,2.178,122,6,120
1790904450048002496,Nicolas,a142b3d63dad,2.905,1,21f18f74df8c,Nahim,2,2.378,122,6,120
1790904450247910688,Nahim,21f18f74df8c,0.087,0,,,,,122,6,121
1790904450447957824,Nahim,21f18f74df8c,0.287,0,,,,,122,6,121
1790904450647904736,Nahim,21f18f74df8c,0.487,0,,,,,122,6,121
1790904450847969280,Nahim,21f18f74df8c,0.687,1,7395587bb24c,Nicolas,1,0.160,123,6,121
1790904451048004192,Nahim,21f18f74df8c,0.887,1,7395587bb24c,Nicolas,1,0.360,123,6,121
1790904451247990400,Nahim,21f18f74df8c,1.087,1,7395587bb24c,Nicolas,1,0.560,123,6,121
1790904451447827104,Nahim,21f18f74df8c,1.287,1,7395587bb24c,Nicolas,1,0.760,123,6,121
1790904451648033760,Nahim,21f18f74df8c,1.487,1,7395587bb24c,Nicolas,1,0.960,123,6,121
1790904451847968608,Nahim,21f18f74df8c,1.687,1,7395587bb24c,Nicolas,1,1.160,123,6,121
1790904452048122464,Nahim,21f18f74df8c,1.887,1,7395587bb24c,Nicolas,1,1.360,123,6,121
1790904452247663680,Nahim,21f18f74df8c,2.087,1,7395587bb24c,Nicolas,1,1.560,123,6,121
1790904452447506688,Nahim,21f18f74df8c,2.287,1,7395587bb24c,Nicolas,1,1.760,123,6,121
1790904452648042272,Nahim,21f18f74df8c,2.487,1,7395587bb24c,Nicolas,1,1.960,123,6,121
1790904452847977472,Nahim,21f18f74df8c,2.687,1,7395587bb24c,Nicolas,1,2.160,123,6,121
1790904453047886304,Nahim,21f18f74df8c,2.887,1,7395587bb24c,Nicolas,1,2.360,123,6,121
1790904453247578912,Nicolas,7395587bb24c,0.067,0,,,,,123,6,122
1790904453447889728,Nicolas,7395587bb24c,0.267,0,,,,,123,6,122
1790904453647875904,Nicolas,7395587bb24c,0.467,0,,,,,123,6,122
1790904453847928832,Nicolas,7395587bb24c,0.667,1,99985bf5d88e,Nahim,2,0.139,124,6,122
1790904454047930816,Nicolas,7395587bb24c,0.867,1,99985bf5d88e,Nahim,2,0.339,124,6,122
1790904454247847488,Nicolas,7395587bb24c,1.067,1,99985bf5d88e,Nahim,2,0.539,124,6,122
1790904454447754112,Nicolas,7395587bb24c,1.267,1,99985bf5d88e,Nahim,2,0.739,124,6,122
1790904454647400896,Nicolas,7395587bb24c,1.467,1,99985bf5d88e,Nahim,2,0.939,124,6,122
1790904454847978496,Nicolas,7395587bb24c,1.667,1,99985bf5d88e,Nahim,2,1.139,124,6,122
1790904455047332384,Nicolas,7395587bb24c,1.867,1,99985bf5d88e,Nahim,2,1.339,124,6,122
1790904455247968992,Nicolas,7395587bb24c,2.067,1,99985bf5d88e,Nahim,2,1.539,124,6,122
1790904455447605248,Nicolas,7395587bb24c,2.267,1,99985bf5d88e,Nahim,2,1.739,124,6,122
1790904455647926848,Nicolas,7395587bb24c,2.467,1,99985bf5d88e,Nahim,2,1.939,124,6,122
1790904455847265760,Nicolas,7395587bb24c,2.667,1,99985bf5d88e,Nahim,2,2.139,124,6,122
1790904456047991616,Nicolas,7395587bb24c,2.867,1,99985bf5d88e,Nahim,2,2.339,124,6,122
1790904456247986688,Nahim,99985bf5d88e,0.048,0,,,,,124,6,123
1790904456447937376,Nahim,99985bf5d88e,0.248,0,,,,,124,6,123
1790904456647931520,Nahim,99985bf5d88e,0.448,0,,,,,124,6,123
1790904456847840032,Nahim,99985bf5d88e,0.648,1,9f1a0b350371,Nicolas,1,0.123,125,6,123
1790904457047907456,Nahim,99985bf5d88e,0.848,1,9f1a0b350371,Nicolas,1,0.324,125,6,123
1790904457247959776,Nahim,99985bf5d88e,1.048,1,9f1a0b350371,Nicolas,1,0.524,125,6,123
1790904457447842272,Nahim,99985bf5d88e,1.248,1,9f1a0b350371,Nicolas,1,0.723,125,6,123
1790904457647277920,Nahim,99985bf5d88e,1.448,1,9f1a0b350371,Nicolas,1,0.923,125,6,123
1790904457847975232,Nahim,99985bf5d88e,1.648,1,9f1a0b350371,Nicolas,1,1.124,125,6,123
1790904458047298496,Nahim,99985bf5d88e,1.848,1,9f1a0b350371,Nicolas,1,1.323,125,6,123
1790904458248020768,Nahim,99985bf5d88e,2.048,1,9f1a0b350371,Nicolas,1,1.524,125,6,123
1790904458448004960,Nahim,99985bf5d88e,2.248,1,9f1a0b350371,Nicolas,1,1.724,125,6,123
1790904458647926208,Nahim,99985bf5d88e,2.448,1,9f1a0b350371,Nicolas,1,1.924,125,6,123
1790904458847938400,Nahim,99985bf5d88e,2.648,1,9f1a0b350371,Nicolas,1,2.124,125,6,123
1790904459048072480,Nahim,99985bf5d88e,2.848,1,9f1a0b350371,Nicolas,1,2.324,125,6,123
1790904459247850560,Nicolas,9f1a0b350371,0.028,0,,,,,125,6,124
1790904459447925984,Nicolas,9f1a0b350371,0.228,0,,,,,125,6,124
1790904459648347712,Nicolas,9f1a0b350371,0.428,0,,,,,125,6,124
1790904459847710496,Nicolas,9f1a0b350371,0.628,1,2a1f244056a3,Nahim,2,0.101,126,6,124
1790904460048038976,Nicolas,9f1a0b350371,0.828,1,2a1f244056a3,Nahim,2,0.301,126,6,124
1790904460247565568,Nicolas,9f1a0b350371,1.028,1,2a1f244056a3,Nahim,2,0.501,126,6,124
1790904460447884448,Nicolas,9f1a0b350371,1.228,1,2a1f244056a3,Nahim,2,0.701,126,6,124
1790904460647580192,Nicolas,9f1a0b350371,1.428,1,2a1f244056a3,Nahim,2,0.901,126,6,124
1790904460847932320,Nicolas,9f1a0b350371,1.628,1,2a1f244056a3,Nahim,2,1.101,126,6,124
1790904461047768576,Nicolas,9f1a0b350371,1.828,1,2a1f244056a3,Nahim,2,1.301,126,6,124
1790904461247993664,Nicolas,9f1a0b350371,2.028,1,2a1f244056a3,Nahim,2,1.501,126,6,124
1790904461447917120,Nicolas,9f1a0b350371,2.228,1,2a1f244056a3,Nahim,2,1.701,126,6,124
1790904461647833728,Nicolas,9f1a0b350371,2.428,1,2a1f244056a3,Nahim,2,1.901,126,6,124
1790904461848007456,Nicolas,9f1a0b350371,2.628,1,2a1f244056a3,Nahim,2,2.101,126,6,124
1790904462048120736,Nicolas,9f1a0b350371,2.829,1,2a1f244056a3,Nahim,2,2.301,126,6,124
1790904462247268832,Nahim,2a1f244056a3,0.008,0,,,,,126,6,125
1790904462447425920,Nahim,2a1f244056a3,0.208,0,,,,,126,6,125
1790904462647917856,Nahim,2a1f244056a3,0.408,0,,,,,126,6,125
1790904462847345056,Nahim,2a1f244056a3,0.608,1,210f615dd270,Nicolas,1,0.078,127,6,125
1790904463048015360,Nahim,2a1f244056a3,0.808,1,210f615dd270,Nicolas,1,0.278,127,6,125
1790904463248000224,Nahim,2a1f244056a3,1.008,1,210f615dd270,Nicolas,1,0.478,127,6,125
1790904463449028960,Nahim,2a1f244056a3,1.209,1,210f615dd270,Nicolas,1,0.679,127,6,125
1790904463647987168,Nahim,2a1f244056a3,1.408,1,210f615dd270,Nicolas,1,0.878,127,6,125
1790904463848176992,Nahim,2a1f244056a3,1.608,1,210f615dd270,Nicolas,1,1.078,127,6,125
1790904464048065728,Nahim,2a1f244056a3,1.808,1,210f615dd270,Nicolas,1,1.278,127,6,125
1790904464248037888,Nahim,2a1f244056a3,2.008,1,210f615dd270,Nicolas,1,1.478,127,6,125
1790904464447899424,Nahim,2a1f244056a3,2.208,1,210f615dd270,Nicolas,1,1.678,127,6,125
1790904464647271392,Nahim,2a1f244056a3,2.408,1,210f615dd270,Nicolas,1,1.878,127,6,125
1790904464847803392,Nahim,2a1f244056a3,2.608,1,210f615dd270,Nicolas,1,2.078,127,6,125
1790904465047672224,Nahim,2a1f244056a3,2.808,1,210f615dd270,Nicolas,1,2.278,127,6,125
1790904465248039680,Nahim,2a1f244056a3,3.008,1,210f615dd270,Nicolas,1,2.478,127,6,125
1790904465448055616,Nicolas,210f615dd270,0.185,0,,,,,127,6,126
1790904465648078752,Nicolas,210f615dd270,0.385,0,,,,,127,6,126
1790904465848372064,Nicolas,210f615dd270,0.585,1,1bba662803bc,Nahim,2,0.061,128,6,126
1790904466048020160,Nicolas,210f615dd270,0.785,1,1bba662803bc,Nahim,2,0.261,128,6,126
1790904466247964064,Nicolas,210f615dd270,0.985,1,1bba662803bc,Nahim,2,0.461,128,6,126
1790904466448045728,Nicolas,210f615dd270,1.185,1,1bba662803bc,Nahim,2,0.661,128,6,126
1790904466648009184,Nicolas,210f615dd270,1.385,1,1bba662803bc,Nahim,2,0.861,128,6,126
1790904466847841920,Nicolas,210f615dd270,1.585,1,1bba662803bc,Nahim,2,1.061,128,6,126
1790904467048013248,Nicolas,210f615dd270,1.785,1,1bba662803bc,Nahim,2,1.261,128,6,126
1790904467248014720,Nicolas,210f615dd270,1.985,1,1bba662803bc,Nahim,2,1.461,128,6,126
1790904467447963072,Nicolas,210f615dd270,2.185,1,1bba662803bc,Nahim,2,1.661,128,6,126
1790904467647882112,Nicolas,210f615dd270,2.385,1,1bba662803bc,Nahim,2,1.861,128,6,126
1790904467848026432,Nicolas,210f615dd270,2.585,1,1bba662803bc,Nahim,2,2.061,128,6,126
1790904468047864224,Nicolas,210f615dd270,2.785,1,1bba662803bc,Nahim,2,2.261,128,6,126
1790904468247956096,Nicolas,210f615dd270,2.985,1,1bba662803bc,Nahim,2,2.461,128,6,126
1790904468447842880,Nahim,1bba662803bc,0.166,0,,,,,128,6,127
1790904468647964064,Nahim,1bba662803bc,0.366,0,,,,,128,6,127
1790904468847338112,Nahim,1bba662803bc,0.566,1,69a375a7f74b,Nicolas,1,0.043,129,6,127
1790904469047903680,Nahim,1bba662803bc,0.766,1,69a375a7f74b,Nicolas,1,0.244,129,6,127
1790904469247833184,Nahim,1bba662803bc,0.966,1,69a375a7f74b,Nicolas,1,0.444,129,6,127
1790904469447712096,Nahim,1bba662803bc,1.166,1,69a375a7f74b,Nicolas,1,0.643,129,6,127
1790904469647933568,Nahim,1bba662803bc,1.366,1,69a375a7f74b,Nicolas,1,0.844,129,6,127
1790904469847420544,Nahim,1bba662803bc,1.565,1,69a375a7f74b,Nicolas,1,1.043,129,6,127
1790904470047609984,Nahim,1bba662803bc,1.766,1,69a375a7f74b,Nicolas,1,1.243,129,6,127
1790904470247944160,Nahim,1bba662803bc,1.966,1,69a375a7f74b,Nicolas,1,1.444,129,6,127
1790904470448078496,Nahim,1bba662803bc,2.166,1,69a375a7f74b,Nicolas,1,1.644,129,6,127
1790904470647929984,Nahim,1bba662803bc,2.366,1,69a375a7f74b,Nicolas,1,1.844,129,6,127
1790904470847937056,Nahim,1bba662803bc,2.566,1,69a375a7f74b,Nicolas,1,2.044,129,6,127
1790904471047845920,Nahim,1bba662803bc,2.766,1,69a375a7f74b,Nicolas,1,2.244,129,6,127
1790904471247929056,Nahim,1bba662803bc,2.966,1,69a375a7f74b,Nicolas,1,2.443,129,6,127
1790904471447986848,Nicolas,69a375a7f74b,0.148,0,,,,,129,6,128
1790904471647817920,Nicolas,69a375a7f74b,0.347,0,,,,,129,6,128
1790904471847533824,Nicolas,69a375a7f74b,0.547,1,1608173a035f,Nahim,2,0.029,130,6,128
1790904472047910336,Nicolas,69a375a7f74b,0.747,1,1608173a035f,Nahim,2,0.230,130,6,128
1790904472247900896,Nicolas,69a375a7f74b,0.948,1,1608173a035f,Nahim,2,0.430,130,6,128
1790904472447858400,Nicolas,69a375a7f74b,1.147,1,1608173a035f,Nahim,2,0.630,130,6,128
1790904472648004512,Nicolas,69a375a7f74b,1.348,1,1608173a035f,Nahim,2,0.830,130,6,128
1790904472848231648,Nicolas,69a375a7f74b,1.548,1,1608173a035f,Nahim,2,1.030,130,6,128
1790904473048227232,Nicolas,69a375a7f74b,1.748,1,1608173a035f,Nahim,2,1.230,130,6,128
1790904473248016032,Nicolas,69a375a7f74b,1.948,1,1608173a035f,Nahim,2,1.430,130,6,128
1790904473448129152,Nicolas,69a375a7f74b,2.147,1,1608173a035f,Nahim,2,1.630,130,6,128
1790904473648098240,Nicolas,69a375a7f74b,2.347,1,1608173a035f,Nahim,2,1.830,130,6,128
1790904473847354720,Nicolas,69a375a7f74b,2.547,1,1608173a035f,Nahim,2,2.029,130,6,128
1790904474047849088,Nicolas,69a375a7f74b,2.747,1,1608173a035f,Nahim,2,2.230,130,6,128
1790904474247354624,Nicolas,69a375a7f74b,2.947,1,1608173a035f,Nahim,2,2.429,130,6,128
1790904474447837280,Nahim,1608173a035f,0.129,0,,,,,130,6,129
1790904474647442272,Nahim,1608173a035f,0.329,0,,,,,130,6,129
1790904474847495936,Nahim,1608173a035f,0.529,1,f82803d3885c,Nicolas,1,0.002,131,6,129
1790904475047903584,Nahim,1608173a035f,0.730,1,f82803d3885c,Nicolas,1,0.202,131,6,129
1790904475248134016,Nahim,1608173a035f,0.930,1,f82803d3885c,Nicolas,1,0.403,131,6,129
1790904475447989920,Nahim,1608173a035f,1.130,1,f82803d3885c,Nicolas,1,0.602,131,6,129
1790904475647957856,Nahim,1608173a035f,1.330,1,f82803d3885c,Nicolas,1,0.802,131,6,129
1790904475847843520,Nahim,1608173a035f,1.530,1,f82803d3885c,Nicolas,1,1.002,131,6,129
1790904476047304224,Nahim,1608173a035f,1.729,1,f82803d3885c,Nicolas,1,1.202,131,6,129
1790904476247981440,Nahim,1608173a035f,1.930,1,f82803d3885c,Nicolas,1,1.402,131,6,129
1790904476447529696,Nahim,1608173a035f,2.129,1,f82803d3885c,Nicolas,1,1.602,131,6,129
1790904476647874208,Nahim,1608173a035f,2.330,1,f82803d3885c,Nicolas,1,1.802,131,6,129
1790904476847562048,Nahim,1608173a035f,2.529,1,f82803d3885c,Nicolas,1,2.002,131,6,129
1790904477047668864,Nahim,1608173a035f,2.729,1,f82803d3885c,Nicolas,1,2.202,131,6,129
1790904477247553536,Nahim,1608173a035f,2.929,1,f82803d3885c,Nicolas,1,2.402,131,6,129
1790904477447834304,Nicolas,f82803d3885c,0.111,0,,,,,131,6,130
1790904477647762368,Nicolas,f82803d3885c,0.311,0,,,,,131,6,130
1790904477847811392,Nicolas,f82803d3885c,0.511,0,,,,,131,6,130
1790904478048014944,Nicolas,f82803d3885c,0.711,1,396a6ac9932f,Nahim,2,0.180,132,6,130
1790904478247723552,Nicolas,f82803d3885c,0.911,1,396a6ac9932f,Nahim,2,0.380,132,6,130
1790904478447624608,Nicolas,f82803d3885c,1.110,1,396a6ac9932f,Nahim,2,0.580,132,6,130
1790904478648102592,Nicolas,f82803d3885c,1.311,1,396a6ac9932f,Nahim,2,0.780,132,6,130
1790904478848997056,Nicolas,f82803d3885c,1.512,1,396a6ac9932f,Nahim,2,0.981,132,6,130
1790904479048198592,Nicolas,f82803d3885c,1.711,1,396a6ac9932f,Nahim,2,1.180,132,6,130
1790904479247891360,Nicolas,f82803d3885c,1.911,1,396a6ac9932f,Nahim,2,1.380,132,6,130
1790904479447936288,Nicolas,f82803d3885c,2.111,1,396a6ac9932f,Nahim,2,1.580,132,6,130
1790904479647509184,Nicolas,f82803d3885c,2.310,1,396a6ac9932f,Nahim,2,1.780,132,6,130
1790904479848032480,Nicolas,f82803d3885c,2.511,1,396a6ac9932f,Nahim,2,1.980,132,6,130
1790904480047886496,Nicolas,f82803d3885c,2.711,1,396a6ac9932f,Nahim,2,2.180,132,6,130
1790904480248499232,Nicolas,f82803d3885c,2.911,1,396a6ac9932f,Nahim,2,2.380,132,6,130
1790904480447577888,Nahim,396a6ac9932f,0.090,0,,,,,132,6,131
1790904480647925376,Nahim,396a6ac9932f,0.290,0,,,,,132,6,131
1790904480847696128,Nahim,396a6ac9932f,0.490,0,,,,,132,6,131
1790904481048086144,Nahim,396a6ac9932f,0.690,1,56911b24045d,Nicolas,1,0.162,133,6,131
1790904481248111648,Nahim,396a6ac9932f,0.891,1,56911b24045d,Nicolas,1,0.363,133,6,131
1790904481447961536,Nahim,396a6ac9932f,1.090,1,56911b24045d,Nicolas,1,0.562,133,6,131
1790904481647955648,Nahim,396a6ac9932f,1.290,1,56911b24045d,Nicolas,1,0.762,133,6,131
1790904481847857856,Nahim,396a6ac9932f,1.490,1,56911b24045d,Nicolas,1,0.962,133,6,131
1790904482047778656,Nahim,396a6ac9932f,1.690,1,56911b24045d,Nicolas,1,1.162,133,6,131
1790904482247856000,Nahim,396a6ac9932f,1.890,1,56911b24045d,Nicolas,1,1.362,133,6,131
1790904482447977088,Nahim,396a6ac9932f,2.090,1,56911b24045d,Nicolas,1,1.562,133,6,131
1790904482647924480,Nahim,396a6ac9932f,2.290,1,56911b24045d,Nicolas,1,1.762,133,6,131
1790904482847955712,Nahim,396a6ac9932f,2.490,1,56911b24045d,Nicolas,1,1.962,133,6,131
1790904483047422432,Nahim,396a6ac9932f,2.690,1,56911b24045d,Nicolas,1,2.162,133,6,131
1790904483247744608,Nahim,396a6ac9932f,2.890,1,56911b24045d,Nicolas,1,2.362,133,6,131
1790904483447818784,Nicolas,56911b24045d,0.070,0,,,,,133,6,132
1790904483648079488,Nicolas,56911b24045d,0.270,0,,,,,133,6,132
1790904483847357408,Nicolas,56911b24045d,0.470,0,,,,,133,6,132
1790904484047981952,Nicolas,56911b24045d,0.670,1,d4e096c784af,Nahim,2,0.141,134,6,132
1790904484248094496,Nicolas,56911b24045d,0.870,1,d4e096c784af,Nahim,2,0.341,134,6,132
1790904484447388704,Nicolas,56911b24045d,1.070,1,d4e096c784af,Nahim,2,0.540,134,6,132
1790904484648117824,Nicolas,56911b24045d,1.270,1,d4e096c784af,Nahim,2,0.741,134,6,132
1790904484848156832,Nicolas,56911b24045d,1.470,1,d4e096c784af,Nahim,2,0.941,134,6,132
1790904485047932768,Nicolas,56911b24045d,1.670,1,d4e096c784af,Nahim,2,1.141,134,6,132
1790904485247836256,Nicolas,56911b24045d,1.870,1,d4e096c784af,Nahim,2,1.341,134,6,132
1790904485448089728,Nicolas,56911b24045d,2.070,1,d4e096c784af,Nahim,2,1.541,134,6,132
1790904485647449472,Nicolas,56911b24045d,2.270,1,d4e096c784af,Nahim,2,1.741,134,6,132
1790904485847913088,Nicolas,56911b24045d,2.470,1,d4e096c784af,Nahim,2,1.941,134,6,132
1790904486048185888,Nicolas,56911b24045d,2.670,1,d4e096c784af,Nahim,2,2.141,134,6,132
1790904486247973024,Nicolas,56911b24045d,2.870,1,d4e096c784af,Nahim,2,2.341,134,6,132
1790904486448215296,Nahim,d4e096c784af,0.050,0,,,,,134,6,133
1790904486647871680,Nahim,d4e096c784af,0.250,0,,,,,134,6,133
1790904486847292928,Nahim,d4e096c784af,0.449,0,,,,,134,6,133
1790904487047794688,Nahim,d4e096c784af,0.650,1,20ff2dedc5b9,Nicolas,1,0.120,135,6,133
1790904487247931136,Nahim,d4e096c784af,0.850,1,20ff2dedc5b9,Nicolas,1,0.320,135,6,133
1790904487448140800,Nahim,d4e096c784af,1.050,1,20ff2dedc5b9,Nicolas,1,0.521,135,6,133
1790904487647815328,Nahim,d4e096c784af,1.250,1,20ff2dedc5b9,Nicolas,1,0.720,135,6,133
1790904487847806624,Nahim,d4e096c784af,1.450,1,20ff2dedc5b9,Nicolas,1,0.920,135,6,133
1790904488047908192,Nahim,d4e096c784af,1.650,1,20ff2dedc5b9,Nicolas,1,1.120,135,6,133
1790904488247530784,Nahim,d4e096c784af,1.850,1,20ff2dedc5b9,Nicolas,1,1.320,135,6,133
1790904488447932384,Nahim,d4e096c784af,2.050,1,20ff2dedc5b9,Nicolas,1,1.520,135,6,133
1790904488647582880,Nahim,d4e096c784af,2.250,1,20ff2dedc5b9,Nicolas,1,1.720,135,6,133
1790904488847707744,Nahim,d4e096c784af,2.450,1,20ff2dedc5b9,Nicolas,1,1.920,135,6,133
1790904489047221344,Nahim,d4e096c784af,2.649,1,20ff2dedc5b9,Nicolas,1,2.120,135,6,133
1790904489247930240,Nahim,d4e096c784af,2.850,1,20ff2dedc5b9,Nicolas,1,2.320,135,6,133
1790904489447506272,Nicolas,20ff2dedc5b9,0.031,0,,,,,135,6,134
1790904489647940480,Nicolas,20ff2dedc5b9,0.231,0,,,,,135,6,134
1790904489847868864,Nicolas,20ff2dedc5b9,0.431,0,,,,,135,6,134
1790904490047283328,Nicolas,20ff2dedc5b9,0.631,1,0d21d111ead1,Nahim,2,0.100,136,6,134
1790904490247897440,Nicolas,20ff2dedc5b9,0.831,1,0d21d111ead1,Nahim,2,0.300,136,6,134
1790904490447423488,Nicolas,20ff2dedc5b9,1.031,1,0d21d111ead1,Nahim,2,0.500,136,6,134
1790904490647838496,Nicolas,20ff2dedc5b9,1.231,1,0d21d111ead1,Nahim,2,0.700,136,6,134
1790904490847285856,Nicolas,20ff2dedc5b9,1.431,1,0d21d111ead1,Nahim,2,0.900,136,6,134
1790904491047926560,Nicolas,20ff2dedc5b9,1.631,1,0d21d111ead1,Nahim,2,1.100,136,6,134
1790904491247908960,Nicolas,20ff2dedc5b9,1.831,1,0d21d111ead1,Nahim,2,1.300,136,6,134
1790904491447783424,Nicolas,20ff2dedc5b9,2.031,1,0d21d111ead1,Nahim,2,1.500,136,6,134
1790904491647949056,Nicolas,20ff2dedc5b9,2.231,1,0d21d111ead1,Nahim,2,1.700,136,6,134
1790904491847884928,Nicolas,20ff2dedc5b9,2.431,1,0d21d111ead1,Nahim,2,1.900,136,6,134
1790904492048000736,Nicolas,20ff2dedc5b9,2.631,1,0d21d111ead1,Nahim,2,2.100,136,6,134
1790904492248039936,Nicolas,20ff2dedc5b9,2.831,1,0d21d111ead1,Nahim,2,2.300,136,6,134
1790904492447256096,Nahim,0d21d111ead1,0.011,0,,,,,136,6,135
1790904492647296256,Nahim,0d21d111ead1,0.211,0,,,,,136,6,135
1790904492848071168,Nahim,0d21d111ead1,0.412,0,,,,,136,6,135
1790904493046850784,Nahim,0d21d111ead1,0.611,1,9214d9562b4c,Nicolas,1,0.081,137,6,135
1790904493247915424,Nahim,0d21d111ead1,0.812,1,9214d9562b4c,Nicolas,1,0.281,137,6,135
1790904493447547584,Nahim,0d21d111ead1,1.011,1,9214d9562b4c,Nicolas,1,0.481,137,6,135
1790904493647564480,Nahim,0d21d111ead1,1.211,1,9214d9562b4c,Nicolas,1,0.681,137,6,135
1790904493847386048,Nahim,0d21d111ead1,1.411,1,9214d9562b4c,Nicolas,1,0.881,137,6,135
1790904494047894176,Nahim,0d21d111ead1,1.612,1,9214d9562b4c,Nicolas,1,1.081,137,6,135
1790904494248873600,Nahim,0d21d111ead1,1.813,1,9214d9562b4c,Nicolas,1,1.283,137,6,135
1790904494448040704,Nahim,0d21d111ead1,2.012,1,9214d9562b4c,Nicolas,1,1.482,137,6,135
1790904494648011520,Nahim,0d21d111ead1,2.212,1,9214d9562b4c,Nicolas,1,1.682,137,6,135
1790904494847949472,Nahim,0d21d111ead1,2.412,1,9214d9562b4c,Nicolas,1,1.881,137,6,135
1790904495047871232,Nahim,0d21d111ead1,2.612,1,9214d9562b4c,Nicolas,1,2.081,137,6,135
1790904495247374688,Nahim,0d21d111ead1,2.811,1,9214d9562b4c,Nicolas,1,2.281,137,6,135
1790904495447874176,Nahim,0d21d111ead1,3.012,1,9214d9562b4c,Nicolas,1,2.481,137,6,135
1790904495647914592,Nicolas,9214d9562b4c,0.192,0,,,,,137,6,136
1790904495847806208,Nicolas,9214d9562b4c,0.392,0,,,,,137,6,136
1790904496047914848,Nicolas,9214d9562b4c,0.592,1,5404e6b62a7b,Nahim,2,0.060,138,6,136
1790904496247240512,Nicolas,9214d9562b4c,0.792,1,5404e6b62a7b,Nahim,2,0.260,138,6,136
1790904496447871104,Nicolas,9214d9562b4c,0.992,1,5404e6b62a7b,Nahim,2,0.460,138,6,136
1790904496647548288,Nicolas,9214d9562b4c,1.192,1,5404e6b62a7b,Nahim,2,0.660,138,6,136
1790904496847976832,Nicolas,9214d9562b4c,1.392,1,5404e6b62a7b,Nahim,2,0.860,138,6,136
1790904497047963264,Nicolas,9214d9562b4c,1.592,1,5404e6b62a7b,Nahim,2,1.060,138,6,136
1790904497248151744,Nicolas,9214d9562b4c,1.793,1,5404e6b62a7b,Nahim,2,1.260,138,6,136
1790904497447753888,Nicolas,9214d9562b4c,1.992,1,5404e6b62a7b,Nahim,2,1.460,138,6,136
1790904497647878496,Nicolas,9214d9562b4c,2.192,1,5404e6b62a7b,Nahim,2,1.660,138,6,136
1790904497847888448,Nicolas,9214d9562b4c,2.392,1,5404e6b62a7b,Nahim,2,1.860,138,6,136
1790904498048070784,Nicolas,9214d9562b4c,2.592,1,5404e6b62a7b,Nahim,2,2.060,138,6,136
1790904498248127200,Nicolas,9214d9562b4c,2.793,1,5404e6b62a7b,Nahim,2,2.260,138,6,136
1790904498447932832,Nicolas,9214d9562b4c,2.992,1,5404e6b62a7b,Nahim,2,2.460,138,6,136
1790904498647279776,Nahim,5404e6b62a7b,0.173,0,,,,,138,6,137
1790904498847870656,Nahim,5404e6b62a7b,0.374,0,,,,,138,6,137
1790904499047730112,Nahim,5404e6b62a7b,0.573,1,0f1ffd58e47a,Nicolas,1,0.053,139,6,137
1790904499248196000,Nahim,5404e6b62a7b,0.774,1,0f1ffd58e47a,Nicolas,1,0.253,139,6,137
1790904499448026144,Nahim,5404e6b62a7b,0.974,1,0f1ffd58e47a,Nicolas,1,0.453,139,6,137
1790904499648151936,Nahim,5404e6b62a7b,1.174,1,0f1ffd58e47a,Nicolas,1,0.653,139,6,137
1790904499847916896,Nahim,5404e6b62a7b,1.374,1,0f1ffd58e47a,Nicolas,1,0.853,139,6,137
1790904500047463104,Nahim,5404e6b62a7b,1.573,1,0f1ffd58e47a,Nicolas,1,1.053,139,6,137
1790904500248073056,Nahim,5404e6b62a7b,1.774,1,0f1ffd58e47a,Nicolas,1,1.253,139,6,137
1790904500448007456,Nahim,5404e6b62a7b,1.974,1,0f1ffd58e47a,Nicolas,1,1.453,139,6,137
1790904500647913056,Nahim,5404e6b62a7b,2.174,1,0f1ffd58e47a,Nicolas,1,1.653,139,6,137
1790904500848032128,Nahim,5404e6b62a7b,2.374,1,0f1ffd58e47a,Nicolas,1,1.853,139,6,137
1790904501047284896,Nahim,5404e6b62a7b,2.573,1,0f1ffd58e47a,Nicolas,1,2.053,139,6,137
1790904501247962688,Nahim,5404e6b62a7b,2.774,1,0f1ffd58e47a,Nicolas,1,2.253,139,6,137
1790904501448150560,Nahim,5404e6b62a7b,2.973,1,0f1ffd58e47a,Nicolas,1,2.453,139,6,137
1790904501647984672,Nicolas,0f1ffd58e47a,0.154,0,,,,,139,6,138
1790904501847731552,Nicolas,0f1ffd58e47a,0.354,0,,,,,139,6,138
1790904502047438592,Nicolas,0f1ffd58e47a,0.554,1,96af4b4ba8ca,Nahim,2,0.022,140,6,138
1790904502247623360,Nicolas,0f1ffd58e47a,0.754,1,96af4b4ba8ca,Nahim,2,0.221,140,6,138
1790904502447941824,Nicolas,0f1ffd58e47a,0.954,1,96af4b4ba8ca,Nahim,2,0.422,140,6,138
1790904502647915488,Nicolas,0f1ffd58e47a,1.154,1,96af4b4ba8ca,Nahim,2,0.622,140,6,138
1790904502848098816,Nicolas,0f1ffd58e47a,1.355,1,96af4b4ba8ca,Nahim,2,0.822,140,6,138
1790904503048008864,Nicolas,0f1ffd58e47a,1.554,1,96af4b4ba8ca,Nahim,2,1.022,140,6,138
1790904503247923488,Nicolas,0f1ffd58e47a,1.754,1,96af4b4ba8ca,Nahim,2,1.222,140,6,138
1790904503447987968,Nicolas,0f1ffd58e47a,1.954,1,96af4b4ba8ca,Nahim,2,1.422,140,6,138
1790904503647508800,Nicolas,0f1ffd58e47a,2.154,1,96af4b4ba8ca,Nahim,2,1.622,140,6,138
1790904503847867968,Nicolas,0f1ffd58e47a,2.354,1,96af4b4ba8ca,Nahim,2,1.822,140,6,138
1790904504047274368,Nicolas,0f1ffd58e47a,2.554,1,96af4b4ba8ca,Nahim,2,2.022,140,6,138
1790904504248026880,Nicolas,0f1ffd58e47a,2.755,1,96af4b4ba8ca,Nahim,2,2.222,140,6,138
1790904504447251424,Nicolas,0f1ffd58e47a,2.954,1,96af4b4ba8ca,Nahim,2,2.421,140,6,138
1790904504647998112,Nahim,96af4b4ba8ca,0.135,0,,,,,140,6,139
1790904504847770656,Nahim,96af4b4ba8ca,0.335,0,,,,,140,6,139
1790904505047286624,Nahim,96af4b4ba8ca,0.534,1,b338d8384208,Nicolas,1,0.007,141,7,139
1790904505247909824,Nahim,96af4b4ba8ca,0.735,1,b338d8384208,Nicolas,1,0.207,141,7,139
1790904505447531392,Nahim,96af4b4ba8ca,0.935,1,b338d8384208,Nicolas,1,0.407,141,7,139
1790904505648070912,Nahim,96af4b4ba8ca,1.135,1,b338d8384208,Nicolas,1,0.608,141,7,139
1790904505847494272,Nahim,96af4b4ba8ca,1.335,1,b338d8384208,Nicolas,1,0.807,141,7,139
1790904506047868704,Nahim,96af4b4ba8ca,1.535,1,b338d8384208,Nicolas,1,1.007,141,7,139
1790904506247521952,Nahim,96af4b4ba8ca,1.735,1,b338d8384208,Nicolas,1,1.207,141,7,139
1790904506447981696,Nahim,96af4b4ba8ca,1.935,1,b338d8384208,Nicolas,1,1.407,141,7,139
1790904506647458528,Nahim,96af4b4ba8ca,2.134,1,b338d8384208,Nicolas,1,1.607,141,7,139
1790904506847653536,Nahim,96af4b4ba8ca,2.335,1,b338d8384208,Nicolas,1,1.807,141,7,139
1790904507047959520,Nahim,96af4b4ba8ca,2.535,1,b338d8384208,Nicolas,1,2.007,141,7,139
1790904507247905760,Nahim,96af4b4ba8ca,2.735,1,b338d8384208,Nicolas,1,2.207,141,7,139
1790904507447929408,Nahim,96af4b4ba8ca,2.935,1,b338d8384208,Nicolas,1,2.407,141,7,139
1790904507647811456,Nicolas,b338d8384208,0.117,0,,,,,141,7,140
1790904507847812864,Nicolas,b338d8384208,0.317,0,,,,,141,7,140
1790904508047785824,Nicolas,b338d8384208,0.517,0,,,,,141,7,140
1790904508247912544,Nicolas,b338d8384208,0.717,1,06a5f6680fab,Nahim,2,0.185,142,8,140
1790904508447447968,Nicolas,b338d8384208,0.917,1,06a5f6680fab,Nahim,2,0.385,142,8,140
1790904508648500416,Nicolas,b338d8384208,1.118,1,06a5f6680fab,Nahim,2,0.586,142,8,140
1790904508847912928,Nicolas,b338d8384208,1.317,1,06a5f6680fab,Nahim,2,0.785,142,8,140
1790904509047748512,Nicolas,b338d8384208,1.517,1,06a5f6680fab,Nahim,2,0.985,142,8,140
1790904509247446624,Nicolas,b338d8384208,1.717,1,06a5f6680fab,Nahim,2,1.185,142,8,140
1790904509447974880,Nicolas,b338d8384208,1.917,1,06a5f6680fab,Nahim,2,1.385,142,8,140
1790904509647764064,Nicolas,b338d8384208,2.117,1,06a5f6680fab,Nahim,2,1.585,142,8,140
1790904509848012032,Nicolas,b338d8384208,2.317,1,06a5f6680fab,Nahim,2,1.785,142,8,140
1790904510047940096,Nicolas,b338d8384208,2.517,1,06a5f6680fab,Nahim,2,1.985,142,8,140
1790904510249044544,Nicolas,b338d8384208,2.718,1,06a5f6680fab,Nahim,2,2.187,142,8,140
1790904510447919136,Nicolas,b338d8384208,2.917,1,06a5f6680fab,Nahim,2,2.385,142,8,140
1790904510647880160,Nahim,06a5f6680fab,0.097,0,,,,,142,8,141
1790904510847972640,Nahim,06a5f6680fab,0.297,0,,,,,142,8,141
1790904511048003328,Nahim,06a5f6680fab,0.497,0,,,,,142,8,141
1790904511247892640,Nahim,06a5f6680fab,0.697,1,06565ba54503,Nicolas,1,0.163,143,8,141
1790904511447949632,Nahim,06a5f6680fab,0.897,1,06565ba54503,Nicolas,1,0.363,143,8,141
1790904511647645408,Nahim,06a5f6680fab,1.096,1,06565ba54503,Nicolas,1,0.563,143,8,141
1790904511848078336,Nahim,06a5f6680fab,1.297,1,06565ba54503,Nicolas,1,0.764,143,8,141
1790904512047885888,Nahim,06a5f6680fab,1.497,1,06565ba54503,Nicolas,1,0.963,143,8,141
1790904512247946336,Nahim,06a5f6680fab,1.697,1,06565ba54503,Nicolas,1,1.163,143,8,141
1790904512448333056,Nahim,06a5f6680fab,1.897,1,06565ba54503,Nicolas,1,1.363,143,8,141
1790904512647732608,Nahim,06a5f6680fab,2.096,1,06565ba54503,Nicolas,1,1.563,143,8,141
1790904512847486432,Nahim,06a5f6680fab,2.296,1,06565ba54503,Nicolas,1,1.763,143,8,141
1790904513047945920,Nahim,06a5f6680fab,2.497,1,06565ba54503,Nicolas,1,1.963,143,8,141
1790904513247748992,Nahim,06a5f6680fab,2.697,1,06565ba54503,Nicolas,1,2.163,143,8,141
1790904513447986912,Nahim,06a5f6680fab,2.897,1,06565ba54503,Nicolas,1,2.363,143,8,141
1790904513647742336,Nicolas,06565ba54503,0.078,0,,,,,143,8,142
1790904513848057952,Nicolas,06565ba54503,0.279,0,,,,,143,8,142
1790904514047214880,Nicolas,06565ba54503,0.478,0,,,,,143,8,142
1790904514247864160,Nicolas,06565ba54503,0.678,1,914657c7951a,Nahim,2,0.146,144,8,142
1790904514447963904,Nicolas,06565ba54503,0.878,1,914657c7951a,Nahim,2,0.346,144,8,142
1790904514647580864,Nicolas,06565ba54503,1.078,1,914657c7951a,Nahim,2,0.546,144,8,142
1790904514847922048,Nicolas,06565ba54503,1.278,1,914657c7951a,Nahim,2,0.746,144,8,142
1790904515047405088,Nicolas,06565ba54503,1.478,1,914657c7951a,Nahim,2,0.946,144,8,142
1790904515247309728,Nicolas,06565ba54503,1.678,1,914657c7951a,Nahim,2,1.146,144,8,142
1790904515447829280,Nicolas,06565ba54503,1.878,1,914657c7951a,Nahim,2,1.346,144,8,142
1790904515647900480,Nicolas,06565ba54503,2.078,1,914657c7951a,Nahim,2,1.546,144,8,142
1790904515847992544,Nicolas,06565ba54503,2.279,1,914657c7951a,Nahim,2,1.746,144,8,142
1790904516048062368,Nicolas,06565ba54503,2.479,1,914657c7951a,Nahim,2,1.947,144,8,142
1790904516248104384,Nicolas,06565ba54503,2.679,1,914657c7951a,Nahim,2,2.147,144,8,142
1790904516447988864,Nicolas,06565ba54503,2.879,1,914657c7951a,Nahim,2,2.346,144,8,142
1790904516647840608,Nahim,914657c7951a,0.058,0,,,,,144,8,143
1790904516847931680,Nahim,914657c7951a,0.258,0,,,,,144,8,143
1790904517047924352,Nahim,914657c7951a,0.458,0,,,,,144,8,143
1790904517247548992,Nahim,914657c7951a,0.658,1,de9767107892,Nicolas,1,0.133,145,8,143
1790904517447940320,Nahim,914657c7951a,0.858,1,de9767107892,Nicolas,1,0.333,145,8,143
1790904517647570528,Nahim,914657c7951a,1.058,1,de9767107892,Nicolas,1,0.533,145,8,143
1790904517847836768,Nahim,914657c7951a,1.258,1,de9767107892,Nicolas,1,0.733,145,8,143
1790904518047674976,Nahim,914657c7951a,1.458,1,de9767107892,Nicolas,1,0.933,145,8,143
1790904518247934080,Nahim,914657c7951a,1.658,1,de9767107892,Nicolas,1,1.133,145,8,143
1790904518447941600,Nahim,914657c7951a,1.858,1,de9767107892,Nicolas,1,1.333,145,8,143
1790904518647896576,Nahim,914657c7951a,2.058,1,de9767107892,Nicolas,1,1.533,145,8,143
1790904518847503328,Nahim,914657c7951a,2.258,1,de9767107892,Nicolas,1,1.733,145,8,143
1790904519047860160,Nahim,914657c7951a,2.458,1,de9767107892,Nicolas,1,1.933,145,8,143
1790904519247957056,Nahim,914657c7951a,2.658,1,de9767107892,Nicolas,1,2.133,145,8,143
1790904519447943776,Nahim,914657c7951a,2.858,1,de9767107892,Nicolas,1,2.333,145,8,143
1790904519647522656,Nicolas,de9767107892,0.038,0,,,,,145,8,144
1790904519847627840,Nicolas,de9767107892,0.237,0,,,,,145,8,144
1790904520047849760,Nicolas,de9767107892,0.438,0,,,,,145,8,144
1790904520247439072,Nicolas,de9767107892,0.637,1,901ff6390e52,Nahim,2,0.105,146,8,144
1790904520447459904,Nicolas,de9767107892,0.837,1,901ff6390e52,Nahim,2,0.305,146,8,144
1790904520647880704,Nicolas,de9767107892,1.038,1,901ff6390e52,Nahim,2,0.505,146,8,144
1790904520847874176,Nicolas,de9767107892,1.238,1,901ff6390e52,Nahim,2,0.705,146,8,144
1790904521047291712,Nicolas,de9767107892,1.437,1,901ff6390e52,Nahim,2,0.905,146,8,144
1790904521247836736,Nicolas,de9767107892,1.638,1,901ff6390e52,Nahim,2,1.105,146,8,144
1790904521447765568,Nicolas,de9767107892,1.838,1,901ff6390e52,Nahim,2,1.305,146,8,144
1790904521647830496,Nicolas,de9767107892,2.038,1,901ff6390e52,Nahim,2,1.505,146,8,144
1790904521847866304,Nicolas,de9767107892,2.238,1,901ff6390e52,Nahim,2,1.705,146,8,144
1790904522047736544,Nicolas,de9767107892,2.438,1,901ff6390e52,Nahim,2,1.905,146,8,144
1790904522247862720,Nicolas,de9767107892,2.638,1,901ff6390e52,Nahim,2,2.105,146,8,144
1790904522447871680,Nicolas,de9767107892,2.838,1,901ff6390e52,Nahim,2,2.305,146,8,144
1790904522647288320,Nahim,901ff6390e52,0.017,0,,,,,146,8,145
1790904522847492960,Nahim,901ff6390e52,0.218,0,,,,,146,8,145
1790904523047871232,Nahim,901ff6390e52,0.418,0,,,,,146,8,145
1790904523247563360,Nahim,901ff6390e52,0.618,1,1dde0046009f,Nicolas,1,0.086,147,8,145
1790904523447280704,Nahim,901ff6390e52,0.817,1,1dde0046009f,Nicolas,1,0.285,147,8,145
1790904523647865888,Nahim,901ff6390e52,1.018,1,1dde0046009f,Nicolas,1,0.486,147,8,145
1790904523847711744,Nahim,901ff6390e52,1.218,1,1dde0046009f,Nicolas,1,0.686,147,8,145
1790904524047958656,Nahim,901ff6390e52,1.418,1,1dde0046009f,Nicolas,1,0.886,147,8,145
1790904524247795008,Nahim,901ff6390e52,1.618,1,1dde0046009f,Nicolas,1,1.086,147,8,145
1790904524447612288,Nahim,901ff6390e52,1.818,1,1dde0046009f,Nicolas,1,1.286,147,8,145
1790904524647827040,Nahim,901ff6390e52,2.018,1,1dde0046009f,Nicolas,1,1.486,147,8,145
1790904524847853952,Nahim,901ff6390e52,2.218,1,1dde0046009f,Nicolas,1,1.686,147,8,145
1790904525047498400,Nahim,901ff6390e52,2.418,1,1dde0046009f,Nicolas,1,1.886,147,8,145
1790904525247947616,Nahim,901ff6390e52,2.618,1,1dde0046009f,Nicolas,1,2.086,147,8,145
1790904525448084608,Nahim,901ff6390e52,2.818,1,1dde0046009f,Nicolas,1,2.286,147,8,145
1790904525649124352,Nahim,901ff6390e52,3.019,1,1dde0046009f,Nicolas,1,2.487,147,8,145
1790904525848016416,Nicolas,1dde0046009f,0.197,0,,,,,147,8,146
1790904526047407904,Nicolas,1dde0046009f,0.397,0,,,,,147,8,146
1790904526248091808,Nicolas,1dde0046009f,0.597,0,,,,,147,8,146
1790904526447265120,Nicolas,1dde0046009f,0.797,0,,,,,147,8,146
1790904526647667584,Nicolas,1dde0046009f,0.997,0,,,,,147,8,146
1790904526846972480,Nicolas,1dde0046009f,1.196,0,,,,,147,8,146
1790904527047462304,Nicolas,1dde0046009f,1.397,0,,,,,147,8,146
1790904527248013888,Nicolas,1dde0046009f,1.597,0,,,,,147,8,146
1790904527447698336,Nicolas,1dde0046009f,1.797,0,,,,,147,8,146
1790904527647864800,Nicolas,1dde0046009f,1.997,0,,,,,147,8,146
1790904527847892736,Nicolas,1dde0046009f,2.197,0,,,,,147,8,146
1790904528047536960,Nicolas,1dde0046009f,2.397,0,,,,,147,8,146
1790904528247622752,Nicolas,1dde0046009f,2.597,0,,,,,147,8,146
1790904528447926048,Nicolas,1dde0046009f,2.797,0,,,,,147,8,146
1790904528647734208,Nicolas,1dde0046009f,2.997,0,,,,,147,8,146
1790904528847636960,,,0.000,0,,,,,147,8,147
1790904529047856320,,,0.000,0,,,,,147,8,147
1790904529247290912,Nicolas,5d86ec127635,0.028,0,,,,,148,8,147
1790904529447244800,Nicolas,5d86ec127635,0.228,0,,,,,148,8,147
1790904529647429696,Nicolas,5d86ec127635,0.428,0,,,,,148,8,147
1790904529847405920,Nicolas,5d86ec127635,0.628,0,,,,,148,8,147
1790904530047862368,Nicolas,5d86ec127635,0.829,0,,,,,148,8,147
1790904530247698784,Nicolas,5d86ec127635,1.028,0,,,,,148,8,147
1790904530447573344,Nicolas,5d86ec127635,1.228,0,,,,,148,8,147
1790904530647809952,Nicolas,5d86ec127635,1.428,0,,,,,148,8,147
1790904530847889952,Nicolas,5d86ec127635,1.629,0,,,,,148,8,147
1790904531047482400,Nicolas,5d86ec127635,1.828,0,,,,,148,8,147
1790904531247432608,Nicolas,5d86ec127635,2.028,0,,,,,148,8,147
1790904531447294368,Nicolas,5d86ec127635,2.228,0,,,,,148,8,147
1790904531647539648,Nicolas,5d86ec127635,2.428,0,,,,,148,8,147
1790904531847192928,Nicolas,5d86ec127635,2.628,0,,,,,148,8,147
1790904532047821024,Nicolas,5d86ec127635,2.828,0,,,,,148,8,147
1790904532247647136,,,0.000,0,,,,,148,8,148
1790904532447835456,,,0.000,0,,,,,148,8,148
1790904532647252736,,,0.000,0,,,,,148,8,148
1790904532847511360,Nicolas,7c6421eaa274,0.060,0,,,,,149,9,148
1790904533047944512,Nicolas,7c6421eaa274,0.260,0,,,,,149,9,148
1790904533247850816,Nicolas,7c6421eaa274,0.460,0,,,,,149,9,148
1790904533447848960,Nicolas,7c6421eaa274,0.660,0,,,,,149,9,148
1790904533647917312,Nicolas,7c6421eaa274,0.860,0,,,,,149,9,148
1790904533848019040,Nicolas,7c6421eaa274,1.060,0,,,,,149,9,148
1790904534047874592,Nicolas,7c6421eaa274,1.260,0,,,,,149,9,148
1790904534247723296,Nicolas,7c6421eaa274,1.460,0,,,,,149,9,148
1790904534448008512,Nicolas,7c6421eaa274,1.660,0,,,,,149,9,148
1790904534647735168,Nicolas,7c6421eaa274,1.860,0,,,,,149,9,148
1790904534847808384,Nicolas,7c6421eaa274,2.060,0,,,,,149,9,148
1790904535047944512,Nicolas,7c6421eaa274,2.260,0,,,,,149,9,148
1790904535247624672,Nicolas,7c6421eaa274,2.460,0,,,,,149,9,148
1790904535447682528,Nicolas,7c6421eaa274,2.660,0,,,,,149,9,148
1790904535648109728,Nicolas,7c6421eaa274,2.860,0,,,,,149,9,148
1790904535847835520,,,0.000,0,,,,,149,9,149
1790904536047861376,,,0.000,0,,,,,149,9,149
1790904536247866112,,,0.000,0,,,,,149,9,149
1790904536448130816,Nicolas,00c9a37b92b9,0.089,0,,,,,150,9,149
1790904536647480960,Nicolas,00c9a37b92b9,0.289,0,,,,,150,9,149
1790904536847908512,Nicolas,00c9a37b92b9,0.489,0,,,,,150,9,149
1790904537047840448,Nicolas,00c9a37b92b9,0.689,0,,,,,150,9,149
1790904537247876640,Nicolas,00c9a37b92b9,0.889,0,,,,,150,9,149
1790904537448153664,Nicolas,00c9a37b92b9,1.089,0,,,,,150,9,149
1790904537647868288,Nicolas,00c9a37b92b9,1.289,0,,,,,150,9,149
1790904537847380896,Nicolas,00c9a37b92b9,1.489,0,,,,,150,9,149
1790904538047953184,Nicolas,00c9a37b92b9,1.689,0,,,,,150,9,149
1790904538247813856,Nicolas,00c9a37b92b9,1.889,0,,,,,150,9,149
1790904538447930560,Nicolas,00c9a37b92b9,2.089,0,,,,,150,9,149
1790904538647913696,Nicolas,00c9a37b92b9,2.289,0,,,,,150,9,149
1790904538847853792,Nicolas,00c9a37b92b9,2.489,0,,,,,150,9,149
1790904539047289984,Nicolas,00c9a37b92b9,2.688,0,,,,,150,9,149
1790904539248146048,Nicolas,00c9a37b92b9,2.889,0,,,,,150,9,149
1790904539447716768,,,0.000,0,,,,,150,9,150
1790904539647268576,,,0.000,0,,,,,150,9,150
1790904539847990240,,,0.000,0,,,,,150,9,150
1790904540047944384,Nicolas,3ed505d8b61f,0.117,0,,,,,151,9,150
1790904540247578272,Nicolas,3ed505d8b61f,0.317,0,,,,,151,9,150
1790904540447861888,Nicolas,3ed505d8b61f,0.517,0,,,,,151,9,150
1790904540647657408,Nicolas,3ed505d8b61f,0.717,0,,,,,151,9,150
1790904540847499552,Nicolas,3ed505d8b61f,0.917,0,,,,,151,9,150
1790904541047301728,Nicolas,3ed505d8b61f,1.117,0,,,,,151,9,150
1790904541247685792,Nicolas,3ed505d8b61f,1.317,0,,,,,151,9,150
1790904541447642816,Nicolas,3ed505d8b61f,1.517,0,,,,,151,9,150
1790904541647309280,Nicolas,3ed505d8b61f,1.717,0,,,,,151,9,150
1790904541847986080,Nicolas,3ed505d8b61f,1.917,0,,,,,151,9,150
1790904542048214400,Nicolas,3ed505d8b61f,2.118,0,,,,,151,9,150
1790904542247334720,Nicolas,3ed505d8b61f,2.317,0,,,,,151,9,150
1790904542447746048,Nicolas,3ed505d8b61f,2.517,0,,,,,151,9,150
1790904542648339616,Nicolas,3ed505d8b61f,2.718,0,,,,,151,9,150
1790904542847509376,Nicolas,3ed505d8b61f,2.917,0,,,,,151,9,150
1790904543047600352,,,0.000,0,,,,,151,9,151
1790904543247618688,,,0.000,0,,,,,151,9,151
1790904543447829952,,,0.000,0,,,,,151,9,151
1790904543647852544,,,0.000,0,,,,,151,9,151
1790904543847814848,,,0.000,0,,,,,151,9,151
1790904544047847872,,,0.000,0,,,,,151,9,151
1790904544247501024,,,0.000,0,,,,,151,9,151
1790904544447624096,,,0.000,0,,,,,151,9,151
1790904544647688992,,,0.000,0,,,,,151,9,151
1790904544847158624,,,0.000,0,,,,,151,9,151
1790904545047591072,,,0.000,0,,,,,151,9,151
1790904545247812288,,,0.000,0,,,,,151,9,151
1790904545447334720,,,0.000,0,,,,,151,9,151
1790904545647469056,,,0.000,0,,,,,151,9,151
1790904545847653952,,,0.000,0,,,,,151,9,151
1790904546047108320,,,0.000,0,,,,,151,9,151
1790904546247522656,,,0.000,0,,,,,151,9,151
1790904546448128896,,,0.000,0,,,,,151,9,151
1790904546647822944,,,0.000,0,,,,,151,9,151
1790904546847338080,,,0.000,0,,,,,151,9,151
1790904547047424608,,,0.000,0,,,,,151,9,151
1790904547247835840,,,0.000,0,,,,,151,9,151
1790904547447601280,,,0.000,0,,,,,151,9,151
1790904547647620960,,,0.000,0,,,,,151,9,151
1790904547848010592,,,0.000,0,,,,,151,9,151
1790904548047462688,,,0.000,0,,,,,151,9,151
1790904548247424192,,,0.000,0,,,,,151,9,151
1790904548447726656,,,0.000,0,,,,,151,9,151
1790904548647717248,,,0.000,0,,,,,151,9,151
1790904548847588960,,,0.000,0,,,,,151,9,151
1790904549047569600,,,0.000,0,,,,,151,9,151
1790904549247996064,,,0.000,0,,,,,151,9,151
1790904549447795968,,,0.000,0,,,,,151,9,151
1790904549647721088,,,0.000,0,,,,,151,9,151
1790904549847823040,,,0.000,0,,,,,151,9,151
1790904550047760000,,,0.000,0,,,,,151,9,151
1790904550247814720,,,0.000,0,,,,,151,9,151
1790904550447969408,,,0.000,0,,,,,151,9,151
1790904550647791776,,,0.000,0,,,,,151,9,151
1790904550848009312,,,0.000,0,,,,,151,9,151
1790904551048035744,,,0.000,0,,,,,151,9,151
1790904551248019680,,,0.000,0,,,,,151,9,151
1790904551448005824,,,0.000,0,,,,,151,9,151
1790904551647816000,,,0.000,0,,,,,151,9,151
1790904551847787296,,,0.000,0,,,,,151,9,151
1790904552047829792,,,0.000,0,,,,,151,9,151
1790904552247852512,,,0.000,0,,,,,151,9,151
1790904552447527040,,,0.000,0,,,,,151,9,151
1790904552647961600,,,0.000,0,,,,,151,9,151
1790904552847816128,,,0.000,0,,,,,151,9,151
1790904553047895712,,,0.000,0,,,,,151,9,151
1790904553247803424,,,0.000,0,,,,,151,9,151
1790904553447977952,,,0.000,0,,,,,151,9,151
1790904553647847872,,,0.000,0,,,,,151,9,151
