t_ns,j1,j2,j3,j4,j5,j6
1790904084685718432,-0.02819,-0.08793,0.07207,-0.02565,0.00359,-0.01343
1790904084987331648,-0.05638,-0.17586,0.14414,-0.05130,0.00718,-0.02686
1790904085288467840,-0.08457,-0.26379,0.21621,-0.07695,0.01077,-0.04029
1790904085590096512,-0.11276,-0.35172,0.28828,-0.10260,0.01436,-0.05372
1790904085891560416,-0.14095,-0.43965,0.36035,-0.12825,0.01795,-0.06715
1790904086192855296,-0.16914,-0.52758,0.43242,-0.15390,0.02154,-0.08058
1790904086494310816,-0.19733,-0.61551,0.50449,-0.17955,0.02513,-0.09401
1790904086795728640,-0.22552,-0.70344,0.57656,-0.20520,0.02872,-0.10744
1790904087097359936,-0.25371,-0.79137,0.64863,-0.23085,0.03231,-0.12087
1790904087398840736,-0.28190,-0.87930,0.72070,-0.25650,0.03590,-0.13430
1790904087703323552,-0.28190,-0.87930,0.72070,-0.25650,0.03590,-0.13430
1790904088004917536,-0.28190,-0.87930,0.72070,-0.25650,0.03590,-0.13430
1790904088306114944,-0.28190,-0.87930,0.72070,-0.25650,0.03590,-0.13430
1790904088607507680,-0.28190,-0.87930,0.72070,-0.25650,0.03590,-0.13430
1790904088908903744,-0.28190,-0.87930,0.72070,-0.25650,0.03590,-0.13430
1790904089210388128,-0.28190,-0.87930,0.72070,-0.25650,0.03590,-0.13430
1790904089512103584,-0.28190,-0.87930,0.72070,-0.25650,0.03590,-0.13430
1790904089813417952,-0.28190,-0.87930,0.72070,-0.25650,0.03590,-0.13430
1790904090115014912,-0.28190,-0.87930,0.72070,-0.25650,0.03590,-0.13430
1790904090416456352,-0.28190,-0.87930,0.72070,-0.25650,0.03590,-0.13430
1790904090722396736,-0.28190,-0.87930,0.72070,-0.25650,0.03590,-0.13430
1790904091024169024,-0.28190,-0.87930,0.72070,-0.25650,0.03590,-0.13430
1790904091325977056,-0.28190,-0.87930,0.72070,-0.25650,0.03590,-0.13430
1790904091628138592,-0.28190,-0.87930,0.72070,-0.25650,0.03590,-0.13430
1790904091930052640,-0.28190,-0.87930,0.72070,-0.25650,0.03590,-0.13430
1790904092231399072,-0.28190,-0.87930,0.72070,-0.25650,0.03590,-0.13430
1790904092533035136,-0.28190,-0.87930,0.72070,-0.25650,0.03590,-0.13430
1790904092834816000,-0.28190,-0.87930,0.72070,-0.25650,0.03590,-0.13430
1790904093136296992,-0.28190,-0.87930,0.72070,-0.25650,0.03590,-0.13430
1790904093437991840,-0.28190,-0.87930,0.72070,-0.25650,0.03590,-0.13430
1790904093745228704,-0.28190,-0.87930,0.72070,-0.25650,0.03590,-0.13430
1790904094046299712,-0.28190,-0.87930,0.72070,-0.25650,0.03590,-0.13430
1790904094347788224,-0.28190,-0.87930,0.72070,-0.25650,0.03590,-0.13430
1790904094650853056,-0.28190,-0.87930,0.72070,-0.25650,0.03590,-0.13430
1790904094952275008,-0.28190,-0.87930,0.72070,-0.25650,0.03590,-0.13430
1790904095253543264,-0.28190,-0.87930,0.72070,-0.25650,0.03590,-0.13430
1790904095555207552,-0.28190,-0.87930,0.72070,-0.25650,0.03590,-0.13430
1790904095856668192,-0.28190,-0.87930,0.72070,-0.25650,0.03590,-0.13430
1790904096158271552,-0.28190,-0.87930,0.72070,-0.25650,0.03590,-0.13430
1790904096459747872,-0.28190,-0.87930,0.72070,-0.25650,0.03590,-0.13430
1790904096765107904,-0.32443,-0.85078,0.67163,-0.23483,-0.01070,-0.16180
1790904097067218784,-0.36696,-0.82226,0.62256,-0.21316,-0.05730,-0.18930
1790904097368358240,-0.40949,-0.79374,0.57349,-0.19149,-0.10390,-0.21680
1790904097670148448,-0.45202,-0.76522,0.52442,-0.16982,-0.15050,-0.24430
1790904097971868256,-0.49455,-0.73670,0.47535,-0.14815,-0.19710,-0.27180
1790904098273178720,-0.53708,-0.70818,0.42628,-0.12648,-0.24370,-0.29930
1790904098574475040,-0.57961,-0.67966,0.37721,-0.10481,-0.29030,-0.32680
1790904098875980064,-0.62214,-0.65114,0.32814,-0.08314,-0.33690,-0.35430
1790904099177847680,-0.66467,-0.62262,0.27907,-0.06147,-0.38350,-0.38180
1790904099479036768,-0.70720,-0.59410,0.23000,-0.03980,-0.43010,-0.40930
1790904099784123456,-0.70720,-0.59410,0.23000,-0.03980,-0.43010,-0.40930
1790904100085727552,-0.70720,-0.59410,0.23000,-0.03980,-0.43010,-0.40930
1790904100387205152,-0.70720,-0.59410,0.23000,-0.03980,-0.43010,-0.40930
1790904100688916352,-0.70720,-0.59410,0.23000,-0.03980,-0.43010,-0.40930
1790904100990452256,-0.70720,-0.59410,0.23000,-0.03980,-0.43010,-0.40930
1790904101292375648,-0.70720,-0.59410,0.23000,-0.03980,-0.43010,-0.40930
1790904101593721152,-0.70720,-0.59410,0.23000,-0.03980,-0.43010,-0.40930
1790904101895462400,-0.70720,-0.59410,0.23000,-0.03980,-0.43010,-0.40930
1790904102196562560,-0.70720,-0.59410,0.23000,-0.03980,-0.43010,-0.40930
1790904102498358784,-0.70720,-0.59410,0.23000,-0.03980,-0.43010,-0.40930
1790904102803724608,-0.70720,-0.59410,0.23000,-0.03980,-0.43010,-0.40930
1790904103104650368,-0.70720,-0.59410,0.23000,-0.03980,-0.43010,-0.40930
1790904103406169440,-0.70720,-0.59410,0.23000,-0.03980,-0.43010,-0.40930
1790904103708441664,-0.70720,-0.59410,0.23000,-0.03980,-0.43010,-0.40930
1790904104010121888,-0.70720,-0.59410,0.23000,-0.03980,-0.43010,-0.40930
1790904104311578560,-0.70720,-0.59410,0.23000,-0.03980,-0.43010,-0.40930
1790904104613460768,-0.70720,-0.59410,0.23000,-0.03980,-0.43010,-0.40930
1790904104915158784,-0.70720,-0.59410,0.23000,-0.03980,-0.43010,-0.40930
1790904105216954848,-0.70720,-0.59410,0.23000,-0.03980,-0.43010,-0.40930
1790904105518653600,-0.70720,-0.59410,0.23000,-0.03980,-0.43010,-0.40930
1790904105825034560,-0.64856,-0.56854,0.23690,-0.05243,-0.37435,-0.32360
1790904106126883136,-0.58992,-0.54298,0.24380,-0.06506,-0.31860,-0.23790
1790904106428586112,-0.53128,-0.51742,0.25070,-0.07769,-0.26285,-0.15220
1790904106730347296,-0.47264,-0.49186,0.25760,-0.09032,-0.20710,-0.06650
1790904107031991872,-0.41400,-0.46630,0.26450,-0.10295,-0.15135,0.01920
1790904107334183936,-0.35536,-0.44074,0.27140,-0.11558,-0.09560,0.10490
1790904107635580160,-0.29672,-0.41518,0.27830,-0.12821,-0.03985,0.19060
1790904107937518784,-0.23808,-0.38962,0.28520,-0.14084,0.01590,0.27630
1790904108239199840,-0.17944,-0.36406,0.29210,-0.15347,0.07165,0.36200
1790904108540909888,-0.12080,-0.33850,0.29900,-0.16610,0.12740,0.44770
1790904108846714688,-0.12080,-0.33850,0.29900,-0.16610,0.12740,0.44770
1790904109148348992,-0.12080,-0.33850,0.29900,-0.16610,0.12740,0.44770
1790904109451323808,-0.12080,-0.33850,0.29900,-0.16610,0.12740,0.44770
1790904109753124032,-0.12080,-0.33850,0.29900,-0.16610,0.12740,0.44770
1790904110054347616,-0.12080,-0.33850,0.29900,-0.16610,0.12740,0.44770
1790904110355946624,-0.12080,-0.33850,0.29900,-0.16610,0.12740,0.44770
1790904110657367008,-0.12080,-0.33850,0.29900,-0.16610,0.12740,0.44770
1790904110958947328,-0.12080,-0.33850,0.29900,-0.16610,0.12740,0.44770
1790904111260361856,-0.12080,-0.33850,0.29900,-0.16610,0.12740,0.44770
1790904111561827040,-0.12080,-0.33850,0.29900,-0.16610,0.12740,0.44770
1790904111867718048,-0.09638,-0.37292,0.36720,-0.17670,0.15051,0.38189
1790904112169054496,-0.07196,-0.40734,0.43540,-0.18730,0.17362,0.31608
1790904112470460608,-0.04754,-0.44176,0.50360,-0.19790,0.19673,0.25027
1790904112772032640,-0.02312,-0.47618,0.57180,-0.20850,0.21984,0.18446
1790904113073406880,0.00130,-0.51060,0.64000,-0.21910,0.24295,0.11865
1790904113374970176,0.02572,-0.54502,0.70820,-0.22970,0.26606,0.05284
1790904113676742528,0.05014,-0.57944,0.77640,-0.24030,0.28917,-0.01297
1790904113978082304,0.07456,-0.61386,0.84460,-0.25090,0.31228,-0.07878
1790904114279535168,0.09898,-0.64828,0.91280,-0.26150,0.33539,-0.14459
1790904114580875840,0.12340,-0.68270,0.98100,-0.27210,0.35850,-0.21040
1790904114886258624,0.04034,-0.67384,0.90590,-0.24887,0.27964,-0.23029
1790904115187768704,-0.04272,-0.66498,0.83080,-0.22564,0.20078,-0.25018
1790904115489337728,-0.12578,-0.65612,0.75570,-0.20241,0.12192,-0.27007
1790904115790926560,-0.20884,-0.64726,0.68060,-0.17918,0.04306,-0.28996
1790904116092796224,-0.29190,-0.63840,0.60550,-0.15595,-0.03580,-0.30985
1790904116394416288,-0.37496,-0.62954,0.53040,-0.13272,-0.11466,-0.32974
1790904116696150240,-0.45802,-0.62068,0.45530,-0.10949,-0.19352,-0.34963
1790904116997896128,-0.54108,-0.61182,0.38020,-0.08626,-0.27238,-0.36952
1790904117299627040,-0.62414,-0.60296,0.30510,-0.06303,-0.35124,-0.38941
1790904117601357536,-0.70720,-0.59410,0.23000,-0.03980,-0.43010,-0.40930
1790904117907643552,-0.69340,-0.62527,0.25168,-0.01685,-0.41902,-0.36021
1790904118209168576,-0.67960,-0.65644,0.27336,0.00610,-0.40794,-0.31112
1790904118510486624,-0.66580,-0.68761,0.29504,0.02905,-0.39686,-0.26203
1790904118812056480,-0.65200,-0.71878,0.31672,0.05200,-0.38578,-0.21294
1790904119114089824,-0.63820,-0.74995,0.33840,0.07495,-0.37470,-0.16385
1790904119415420768,-0.62440,-0.78112,0.36008,0.09790,-0.36362,-0.11476
1790904119716695136,-0.61060,-0.81229,0.38176,0.12085,-0.35254,-0.06567
1790904120018346880,-0.59680,-0.84346,0.40344,0.14380,-0.34146,-0.01658
1790904120320003776,-0.58300,-0.87463,0.42512,0.16675,-0.33038,0.03251
1790904120621340128,-0.56920,-0.90580,0.44680,0.18970,-0.31930,0.08160
1790904120924889824,-0.49994,-0.88349,0.50022,0.14352,-0.25152,0.05240
1790904121226469568,-0.43068,-0.86118,0.55364,0.09734,-0.18374,0.02320
1790904121528159712,-0.36142,-0.83887,0.60706,0.05116,-0.11596,-0.00600
1790904121829708192,-0.29216,-0.81656,0.66048,0.00498,-0.04818,-0.03520
1790904122131189440,-0.22290,-0.79425,0.71390,-0.04120,0.01960,-0.06440
1790904122432789632,-0.15364,-0.77194,0.76732,-0.08738,0.08738,-0.09360
1790904122734746656,-0.08438,-0.74963,0.82074,-0.13356,0.15516,-0.12280
1790904123036042272,-0.01512,-0.72732,0.87416,-0.17974,0.22294,-0.15200
1790904123339000672,0.05414,-0.70501,0.92758,-0.22592,0.29072,-0.18120
1790904123639095776,0.12340,-0.68270,0.98100,-0.27210,0.35850,-0.21040
1790904123945841088,0.13329,-0.68464,0.94672,-0.27112,0.27861,-0.21876
1790904124247816640,0.14318,-0.68658,0.91244,-0.27014,0.19872,-0.22712
1790904124549462400,0.15307,-0.68852,0.87816,-0.26916,0.11883,-0.23548
1790904124850910976,0.16296,-0.69046,0.84388,-0.26818,0.03894,-0.24384
1790904125152489824,0.17285,-0.69240,0.80960,-0.26720,-0.04095,-0.25220
1790904125454075136,0.18274,-0.69434,0.77532,-0.26622,-0.12084,-0.26056
1790904125755629856,0.19263,-0.69628,0.74104,-0.26524,-0.20073,-0.26892
1790904126057045920,0.20252,-0.69822,0.70676,-0.26426,-0.28062,-0.27728
1790904126358701664,0.21241,-0.70016,0.67248,-0.26328,-0.36051,-0.28564
1790904126660170784,0.22230,-0.70210,0.63820,-0.26230,-0.44040,-0.29400
1790904126966089696,0.18799,-0.66574,0.60428,-0.25268,-0.38362,-0.21983
1790904127267495968,0.15368,-0.62938,0.57036,-0.24306,-0.32684,-0.14566
1790904127569018368,0.11937,-0.59302,0.53644,-0.23344,-0.27006,-0.07149
1790904127870486688,0.08506,-0.55666,0.50252,-0.22382,-0.21328,0.00268
1790904128172149600,0.05075,-0.52030,0.46860,-0.21420,-0.15650,0.07685
1790904128473606784,0.01644,-0.48394,0.43468,-0.20458,-0.09972,0.15102
1790904128775247072,-0.01787,-0.44758,0.40076,-0.19496,-0.04294,0.22519
1790904129076822144,-0.05218,-0.41122,0.36684,-0.18534,0.01384,0.29936
1790904129378428736,-0.08649,-0.37486,0.33292,-0.17572,0.07062,0.37353
1790904129679962272,-0.12080,-0.33850,0.29900,-0.16610,0.12740,0.44770
1790904129987828544,-0.07986,-0.37044,0.31423,-0.14436,0.10998,0.38291
1790904130287261152,-0.03892,-0.40238,0.32946,-0.12262,0.09256,0.31812
1790904130588850528,0.00202,-0.43432,0.34469,-0.10088,0.07514,0.25333
1790904130890634144,0.04296,-0.46626,0.35992,-0.07914,0.05772,0.18854
1790904131192251040,0.08390,-0.49820,0.37515,-0.05740,0.04030,0.12375
1790904131493778656,0.12484,-0.53014,0.39038,-0.03566,0.02288,0.05896
1790904131795393152,0.16578,-0.56208,0.40561,-0.01392,0.00546,-0.00583
1790904132097207008,0.20672,-0.59402,0.42084,0.00782,-0.01196,-0.07062
1790904132398575008,0.24766,-0.62596,0.43607,0.02956,-0.02938,-0.13541
1790904132700135072,0.28860,-0.65790,0.45130,0.05130,-0.04680,-0.20020
1790904133005543488,0.20282,-0.68269,0.45085,0.06514,-0.07405,-0.17202
1790904133307141536,0.11704,-0.70748,0.45040,0.07898,-0.10130,-0.14384
1790904133608759616,0.03126,-0.73227,0.44995,0.09282,-0.12855,-0.11566
1790904133910399776,-0.05452,-0.75706,0.44950,0.10666,-0.15580,-0.08748
1790904134211953792,-0.14030,-0.78185,0.44905,0.12050,-0.18305,-0.05930
1790904134513540224,-0.22608,-0.80664,0.44860,0.13434,-0.21030,-0.03112
1790904134815127776,-0.31186,-0.83143,0.44815,0.14818,-0.23755,-0.00294
1790904135116762016,-0.39764,-0.85622,0.44770,0.16202,-0.26480,0.02524
1790904135418470464,-0.48342,-0.88101,0.44725,0.17586,-0.29205,0.05342
1790904135720158944,-0.56920,-0.90580,0.44680,0.18970,-0.31930,0.08160
1790904136025889024,-0.46518,-0.85930,0.44165,0.17520,-0.28485,0.11095
1790904136327529792,-0.36116,-0.81280,0.43650,0.16070,-0.25040,0.14030
1790904136629144096,-0.25714,-0.76630,0.43135,0.14620,-0.21595,0.16965
1790904136931003040,-0.15312,-0.71980,0.42620,0.13170,-0.18150,0.19900
1790904137232742464,-0.04910,-0.67330,0.42105,0.11720,-0.14705,0.22835
1790904137534672352,0.05492,-0.62680,0.41590,0.10270,-0.11260,0.25770
1790904137836531968,0.15894,-0.58030,0.41075,0.08820,-0.07815,0.28705
1790904138138300384,0.26296,-0.53380,0.40560,0.07370,-0.04370,0.31640
1790904138440070208,0.36698,-0.48730,0.40045,0.05920,-0.00925,0.34575
1790904138741775264,0.47100,-0.44080,0.39530,0.04470,0.02520,0.37510
1790904139047741760,0.41182,-0.43057,0.38567,0.02362,0.03542,0.38236
1790904139349359936,0.35264,-0.42034,0.37604,0.00254,0.04564,0.38962
1790904139650535328,0.29346,-0.41011,0.36641,-0.01854,0.05586,0.39688
1790904139951796928,0.23428,-0.39988,0.35678,-0.03962,0.06608,0.40414
1790904140253586688,0.17510,-0.38965,0.34715,-0.06070,0.07630,0.41140
1790904140554403488,0.11592,-0.37942,0.33752,-0.08178,0.08652,0.41866
1790904140855767296,0.05674,-0.36919,0.32789,-0.10286,0.09674,0.42592
1790904141157097312,-0.00244,-0.35896,0.31826,-0.12394,0.10696,0.43318
1790904141458676512,-0.06162,-0.34873,0.30863,-0.14502,0.11718,0.44044
1790904141760468064,-0.12080,-0.33850,0.29900,-0.16610,0.12740,0.44770
1790904142066744256,-0.07201,-0.38161,0.36751,-0.17241,0.10647,0.42864
1790904142368336544,-0.02322,-0.42472,0.43602,-0.17872,0.08554,0.40958
1790904142669628064,0.02557,-0.46783,0.50453,-0.18503,0.06461,0.39052
1790904142971269408,0.07436,-0.51094,0.57304,-0.19134,0.04368,0.37146
1790904143272997600,0.12315,-0.55405,0.64155,-0.19765,0.02275,0.35240
1790904143574473344,0.17194,-0.59716,0.71006,-0.20396,0.00182,0.33334
1790904143876117376,0.22073,-0.64027,0.77857,-0.21027,-0.01911,0.31428
1790904144177642720,0.26952,-0.68338,0.84708,-0.21658,-0.04004,0.29522
1790904144479152192,0.31831,-0.72649,0.91559,-0.22289,-0.06097,0.27616
1790904144780616800,0.36710,-0.76960,0.98410,-0.22920,-0.08190,0.25710
1790904145084556000,0.35262,-0.76285,0.94951,-0.23251,-0.11775,0.20199
1790904145386089184,0.33814,-0.75610,0.91492,-0.23582,-0.15360,0.14688
1790904145687665568,0.32366,-0.74935,0.88033,-0.23913,-0.18945,0.09177
1790904145989146464,0.30918,-0.74260,0.84574,-0.24244,-0.22530,0.03666
1790904146290746080,0.29470,-0.73585,0.81115,-0.24575,-0.26115,-0.01845
1790904146592367680,0.28022,-0.72910,0.77656,-0.24906,-0.29700,-0.07356
1790904146893758080,0.26574,-0.72235,0.74197,-0.25237,-0.33285,-0.12867
1790904147195366880,0.25126,-0.71560,0.70738,-0.25568,-0.36870,-0.18378
1790904147496980480,0.23678,-0.70885,0.67279,-0.25899,-0.40455,-0.23889
1790904147798499776,0.22230,-0.70210,0.63820,-0.26230,-0.44040,-0.29400
1790904148104363264,0.14439,-0.69277,0.59752,-0.22598,-0.36990,-0.25730
1790904148406021536,0.06648,-0.68344,0.55684,-0.18966,-0.29940,-0.22060
1790904148707514016,-0.01143,-0.67411,0.51616,-0.15334,-0.22890,-0.18390
1790904149009191168,-0.08934,-0.66478,0.47548,-0.11702,-0.15840,-0.14720
1790904149310837952,-0.16725,-0.65545,0.43480,-0.08070,-0.08790,-0.11050
1790904149612567488,-0.24516,-0.64612,0.39412,-0.04438,-0.01740,-0.07380
1790904149913988320,-0.32307,-0.63679,0.35344,-0.00806,0.05310,-0.03710
1790904150215673728,-0.40098,-0.62746,0.31276,0.02826,0.12360,-0.00040
1790904150517309024,-0.47889,-0.61813,0.27208,0.06458,0.19410,0.03630
1790904150818772544,-0.55680,-0.60880,0.23140,0.10090,0.26460,0.07300
1790904151124724256,-0.48878,-0.61619,0.30636,0.06360,0.27399,0.04466
1790904151426443776,-0.42076,-0.62358,0.38132,0.02630,0.28338,0.01632
1790904151727747584,-0.35274,-0.63097,0.45628,-0.01100,0.29277,-0.01202
1790904152029437856,-0.28472,-0.63836,0.53124,-0.04830,0.30216,-0.04036
1790904152330906912,-0.21670,-0.64575,0.60620,-0.08560,0.31155,-0.06870
1790904152632514720,-0.14868,-0.65314,0.68116,-0.12290,0.32094,-0.09704
1790904152934184992,-0.08066,-0.66053,0.75612,-0.16020,0.33033,-0.12538
1790904153235816608,-0.01264,-0.66792,0.83108,-0.19750,0.33972,-0.15372
1790904153537455904,0.05538,-0.67531,0.90604,-0.23480,0.34911,-0.18206
1790904153839307456,0.12340,-0.68270,0.98100,-0.27210,0.35850,-0.21040
1790904154144887616,0.17114,-0.68933,0.95852,-0.23923,0.33064,-0.19374
1790904154446739616,0.21888,-0.69596,0.93604,-0.20636,0.30278,-0.17708
1790904154749084480,0.26662,-0.70259,0.91356,-0.17349,0.27492,-0.16042
1790904155050581888,0.31436,-0.70922,0.89108,-0.14062,0.24706,-0.14376
1790904155352189344,0.36210,-0.71585,0.86860,-0.10775,0.21920,-0.12710
1790904155654479520,0.40984,-0.72248,0.84612,-0.07488,0.19134,-0.11044
1790904155955358752,0.45758,-0.72911,0.82364,-0.04201,0.16348,-0.09378
1790904156256555680,0.50532,-0.73574,0.80116,-0.00914,0.13562,-0.07712
1790904156558002560,0.55306,-0.74237,0.77868,0.02373,0.10776,-0.06046
1790904156859550528,0.60080,-0.74900,0.75620,0.05660,0.07990,-0.04380
1790904157168080608,0.56958,-0.73989,0.72571,0.05607,0.06723,-0.05944
1790904157469901536,0.53836,-0.73078,0.69522,0.05554,0.05456,-0.07508
1790904157771273728,0.50714,-0.72167,0.66473,0.05501,0.04189,-0.09072
1790904158072858784,0.47592,-0.71256,0.63424,0.05448,0.02922,-0.10636
1790904158374592256,0.44470,-0.70345,0.60375,0.05395,0.01655,-0.12200
1790904158676261376,0.41348,-0.69434,0.57326,0.05342,0.00388,-0.13764
1790904158977838752,0.38226,-0.68523,0.54277,0.05289,-0.00879,-0.15328
1790904159279712480,0.35104,-0.67612,0.51228,0.05236,-0.02146,-0.16892
1790904159581260736,0.31982,-0.66701,0.48179,0.05183,-0.03413,-0.18456
1790904159883214720,0.28860,-0.65790,0.45130,0.05130,-0.04680,-0.20020
1790904160188395872,0.31413,-0.61654,0.46410,0.05602,-0.08605,-0.16003
1790904160489663584,0.33966,-0.57518,0.47690,0.06074,-0.12530,-0.11986
1790904160792197952,0.36519,-0.53382,0.48970,0.06546,-0.16455,-0.07969
1790904161093908288,0.39072,-0.49246,0.50250,0.07018,-0.20380,-0.03952
1790904161395377024,0.41625,-0.45110,0.51530,0.07490,-0.24305,0.00065
1790904161698181056,0.44178,-0.40974,0.52810,0.07962,-0.28230,0.04082
1790904161999770144,0.46731,-0.36838,0.54090,0.08434,-0.32155,0.08099
1790904162301406016,0.49284,-0.32702,0.55370,0.08906,-0.36080,0.12116
1790904162602816640,0.51837,-0.28566,0.56650,0.09378,-0.40005,0.16133
1790904162904480096,0.54390,-0.24430,0.57930,0.09850,-0.43930,0.20150
1790904163210457824,0.50185,-0.28814,0.61947,0.06144,-0.35952,0.16031
1790904163511851136,0.45980,-0.33198,0.65964,0.02438,-0.27974,0.11912
1790904163813794848,0.41775,-0.37582,0.69981,-0.01268,-0.19996,0.07793
1790904164115401632,0.37570,-0.41966,0.73998,-0.04974,-0.12018,0.03674
1790904164417055936,0.33365,-0.46350,0.78015,-0.08680,-0.04040,-0.00445
1790904164718851328,0.29160,-0.50734,0.82032,-0.12386,0.03938,-0.04564
1790904165020351776,0.24955,-0.55118,0.86049,-0.16092,0.11916,-0.08683
1790904165322128288,0.20750,-0.59502,0.90066,-0.19798,0.19894,-0.12802
1790904165623384096,0.16545,-0.63886,0.94083,-0.23504,0.27872,-0.16921
1790904165925011104,0.12340,-0.68270,0.98100,-0.27210,0.35850,-0.21040
1790904166230179584,0.13460,-0.63498,0.96865,-0.25781,0.31123,-0.17249
1790904166531536896,0.14580,-0.58726,0.95630,-0.24352,0.26396,-0.13458
1790904166833255072,0.15700,-0.53954,0.94395,-0.22923,0.21669,-0.09667
1790904167134456896,0.16820,-0.49182,0.93160,-0.21494,0.16942,-0.05876
1790904167436103264,0.17940,-0.44410,0.91925,-0.20065,0.12215,-0.02085
1790904167737768608,0.19060,-0.39638,0.90690,-0.18636,0.07488,0.01706
1790904168039183520,0.20180,-0.34866,0.89455,-0.17207,0.02761,0.05497
1790904168340709504,0.21300,-0.30094,0.88220,-0.15778,-0.01966,0.09288
1790904168642419904,0.22420,-0.25322,0.86985,-0.14349,-0.06693,0.13079
1790904168943715488,0.23540,-0.20550,0.85750,-0.12920,-0.11420,0.16870
1790904169252628672,0.25896,-0.22903,0.81128,-0.11181,-0.10026,0.18934
1790904169554528832,0.28252,-0.25256,0.76506,-0.09442,-0.08632,0.20998
1790904169856751776,0.30608,-0.27609,0.71884,-0.07703,-0.07238,0.23062
1790904170157601824,0.32964,-0.29962,0.67262,-0.05964,-0.05844,0.25126
1790904170459018656,0.35320,-0.32315,0.62640,-0.04225,-0.04450,0.27190
1790904170760391104,0.37676,-0.34668,0.58018,-0.02486,-0.03056,0.29254
1790904171061894720,0.40032,-0.37021,0.53396,-0.00747,-0.01662,0.31318
1790904171363430944,0.42388,-0.39374,0.48774,0.00992,-0.00268,0.33382
1790904171665016480,0.44744,-0.41727,0.44152,0.02731,0.01126,0.35446
1790904171966697984,0.47100,-0.44080,0.39530,0.04470,0.02520,0.37510
1790904172275437120,0.34751,-0.45978,0.38921,0.01726,-0.02142,0.36441
1790904172574756832,0.22402,-0.47876,0.38312,-0.01018,-0.06804,0.35372
1790904172876304512,0.10053,-0.49774,0.37703,-0.03762,-0.11466,0.34303
1790904173178210528,-0.02296,-0.51672,0.37094,-0.06506,-0.16128,0.33234
1790904173479335744,-0.14645,-0.53570,0.36485,-0.09250,-0.20790,0.32165
1790904173781014016,-0.26994,-0.55468,0.35876,-0.11994,-0.25452,0.31096
1790904174082511648,-0.39343,-0.57366,0.35267,-0.14738,-0.30114,0.30027
1790904174384267232,-0.51692,-0.59264,0.34658,-0.17482,-0.34776,0.28958
1790904174685598656,-0.64041,-0.61162,0.34049,-0.20226,-0.39438,0.27889
1790904174987080288,-0.76390,-0.63060,0.33440,-0.22970,-0.44100,0.26820
1790904175292868576,-0.74443,-0.65812,0.34564,-0.18776,-0.42883,0.24954
1790904175594483808,-0.72496,-0.68564,0.35688,-0.14582,-0.41666,0.23088
1790904175896060640,-0.70549,-0.71316,0.36812,-0.10388,-0.40449,0.21222
1790904176197919712,-0.68602,-0.74068,0.37936,-0.06194,-0.39232,0.19356
1790904176499557600,-0.66655,-0.76820,0.39060,-0.02000,-0.38015,0.17490
1790904176801193696,-0.64708,-0.79572,0.40184,0.02194,-0.36798,0.15624
1790904177102701856,-0.62761,-0.82324,0.41308,0.06388,-0.35581,0.13758
1790904177404318048,-0.60814,-0.85076,0.42432,0.10582,-0.34364,0.11892
1790904177705996000,-0.58867,-0.87828,0.43556,0.14776,-0.33147,0.10026
1790904178007552864,-0.56920,-0.90580,0.44680,0.18970,-0.31930,0.08160
1790904178313309632,-0.57159,-0.89541,0.45340,0.19302,-0.32931,0.06836
1790904178614680672,-0.57398,-0.88502,0.46000,0.19634,-0.33932,0.05512
1790904178916170144,-0.57637,-0.87463,0.46660,0.19966,-0.34933,0.04188
1790904179217553888,-0.57876,-0.86424,0.47320,0.20298,-0.35934,0.02864
1790904179519114976,-0.58115,-0.85385,0.47980,0.20630,-0.36935,0.01540
1790904179820744096,-0.58354,-0.84346,0.48640,0.20962,-0.37936,0.00216
1790904180122375008,-0.58593,-0.83307,0.49300,0.21294,-0.38937,-0.01108
1790904180423754720,-0.58832,-0.82268,0.49960,0.21626,-0.39938,-0.02432
1790904180725241152,-0.59071,-0.81229,0.50620,0.21958,-0.40939,-0.03756
1790904181026491424,-0.59310,-0.80190,0.51280,0.22290,-0.41940,-0.05080
1790904181332501856,-0.49708,-0.79867,0.55993,0.17769,-0.38565,-0.02001
1790904181634392352,-0.40106,-0.79544,0.60706,0.13248,-0.35190,0.01078
1790904181935866816,-0.30504,-0.79221,0.65419,0.08727,-0.31815,0.04157
1790904182237585632,-0.20902,-0.78898,0.70132,0.04206,-0.28440,0.07236
1790904182539312736,-0.11300,-0.78575,0.74845,-0.00315,-0.25065,0.10315
1790904182840875744,-0.01698,-0.78252,0.79558,-0.04836,-0.21690,0.13394
1790904183142422272,0.07904,-0.77929,0.84271,-0.09357,-0.18315,0.16473
1790904183444040960,0.17506,-0.77606,0.88984,-0.13878,-0.14940,0.19552
1790904183745608608,0.27108,-0.77283,0.93697,-0.18399,-0.11565,0.22631
1790904184047653760,0.36710,-0.76960,0.98410,-0.22920,-0.08190,0.25710
1790904184353157824,0.33830,-0.72197,0.97123,-0.18444,-0.09587,0.22292
1790904184654476064,0.30950,-0.67434,0.95836,-0.13968,-0.10984,0.18874
1790904184956105568,0.28070,-0.62671,0.94549,-0.09492,-0.12381,0.15456
1790904185257355232,0.25190,-0.57908,0.93262,-0.05016,-0.13778,0.12038
1790904185558476832,0.22310,-0.53145,0.91975,-0.00540,-0.15175,0.08620
1790904185859915392,0.19430,-0.48382,0.90688,0.03936,-0.16572,0.05202
1790904186161584480,0.16550,-0.43619,0.89401,0.08412,-0.17969,0.01784
1790904186462881088,0.13670,-0.38856,0.88114,0.12888,-0.19366,-0.01634
1790904186764483232,0.10790,-0.34093,0.86827,0.17364,-0.20763,-0.05052
1790904187066226464,0.07910,-0.29330,0.85540,0.21840,-0.22160,-0.08470
1790904187373631040,0.01427,-0.35455,0.81454,0.21553,-0.23137,-0.06807
1790904187674117280,-0.05056,-0.41580,0.77368,0.21266,-0.24114,-0.05144
1790904187975767360,-0.11539,-0.47705,0.73282,0.20979,-0.25091,-0.03481
1790904188277299840,-0.18022,-0.53830,0.69196,0.20692,-0.26068,-0.01818
1790904188578689632,-0.24505,-0.59955,0.65110,0.20405,-0.27045,-0.00155
1790904188880282272,-0.30988,-0.66080,0.61024,0.20118,-0.28022,0.01508
1790904189181753632,-0.37471,-0.72205,0.56938,0.19831,-0.28999,0.03171
1790904189483402272,-0.43954,-0.78330,0.52852,0.19544,-0.29976,0.04834
1790904189784964352,-0.50437,-0.84455,0.48766,0.19257,-0.30953,0.06497
1790904190086643040,-0.56920,-0.90580,0.44680,0.18970,-0.31930,0.08160
1790904190391699904,-0.53488,-0.84448,0.49874,0.14979,-0.31975,0.04664
1790904190693169184,-0.50056,-0.78316,0.55068,0.10988,-0.32020,0.01168
1790904190994436896,-0.46624,-0.72184,0.60262,0.06997,-0.32065,-0.02328
1790904191295976768,-0.43192,-0.66052,0.65456,0.03006,-0.32110,-0.05824
1790904191597874080,-0.39760,-0.59920,0.70650,-0.00985,-0.32155,-0.09320
1790904191899212544,-0.36328,-0.53788,0.75844,-0.04976,-0.32200,-0.12816
1790904192200908704,-0.32896,-0.47656,0.81038,-0.08967,-0.32245,-0.16312
1790904192502559968,-0.29464,-0.41524,0.86232,-0.12958,-0.32290,-0.19808
1790904192804131168,-0.26032,-0.35392,0.91426,-0.16949,-0.32335,-0.23304
1790904193105871520,-0.22600,-0.29260,0.96620,-0.20940,-0.32380,-0.26800
1790904193416151968,-0.25908,-0.32422,0.89272,-0.17837,-0.26496,-0.23390
1790904193717746912,-0.29216,-0.35584,0.81924,-0.14734,-0.20612,-0.19980
1790904194019344928,-0.32524,-0.38746,0.74576,-0.11631,-0.14728,-0.16570
1790904194320582400,-0.35832,-0.41908,0.67228,-0.08528,-0.08844,-0.13160
1790904194622190592,-0.39140,-0.45070,0.59880,-0.05425,-0.02960,-0.09750
1790904194923797984,-0.42448,-0.48232,0.52532,-0.02322,0.02924,-0.06340
1790904195225520416,-0.45756,-0.51394,0.45184,0.00781,0.08808,-0.02930
1790904195527152640,-0.49064,-0.54556,0.37836,0.03884,0.14692,0.00480
1790904195828547328,-0.52372,-0.57718,0.30488,0.06987,0.20576,0.03890
1790904196130198048,-0.55680,-0.60880,0.23140,0.10090,0.26460,0.07300
1790904196434637280,-0.54379,-0.60912,0.27539,0.07657,0.18855,0.05759
1790904196736180384,-0.53078,-0.60944,0.31938,0.05224,0.11250,0.04218
1790904197037563392,-0.51777,-0.60976,0.36337,0.02791,0.03645,0.02677
1790904197339890144,-0.50476,-0.61008,0.40736,0.00358,-0.03960,0.01136
1790904197641906208,-0.49175,-0.61040,0.45135,-0.02075,-0.11565,-0.00405
1790904197944041600,-0.47874,-0.61072,0.49534,-0.04508,-0.19170,-0.01946
1790904198245874144,-0.46573,-0.61104,0.53933,-0.06941,-0.26775,-0.03487
1790904198547130400,-0.45272,-0.61136,0.58332,-0.09374,-0.34380,-0.05028
1790904198850972800,-0.43971,-0.61168,0.62731,-0.11807,-0.41985,-0.06569
1790904199152177120,-0.42670,-0.61200,0.67130,-0.14240,-0.49590,-0.08110
1790904199457089824,-0.36180,-0.62101,0.66799,-0.15439,-0.49035,-0.10239
1790904199758669824,-0.29690,-0.63002,0.66468,-0.16638,-0.48480,-0.12368
1790904200060778880,-0.23200,-0.63903,0.66137,-0.17837,-0.47925,-0.14497
1790904200362525600,-0.16710,-0.64804,0.65806,-0.19036,-0.47370,-0.16626
1790904200664036416,-0.10220,-0.65705,0.65475,-0.20235,-0.46815,-0.18755
1790904200965552256,-0.03730,-0.66606,0.65144,-0.21434,-0.46260,-0.20884
1790904201267055712,0.02760,-0.67507,0.64813,-0.22633,-0.45705,-0.23013
1790904201568665600,0.09250,-0.68408,0.64482,-0.23832,-0.45150,-0.25142
1790904201870158560,0.15740,-0.69309,0.64151,-0.25031,-0.44595,-0.27271
1790904202171706656,0.22230,-0.70210,0.63820,-0.26230,-0.44040,-0.29400
1790904202477372128,0.17915,-0.68658,0.67063,-0.22464,-0.39481,-0.25284
1790904202778866720,0.13600,-0.67106,0.70306,-0.18698,-0.34922,-0.21168
1790904203080321408,0.09285,-0.65554,0.73549,-0.14932,-0.30363,-0.17052
1790904203381966272,0.04970,-0.64002,0.76792,-0.11166,-0.25804,-0.12936
1790904203683545088,0.00655,-0.62450,0.80035,-0.07400,-0.21245,-0.08820
1790904203985179616,-0.03660,-0.60898,0.83278,-0.03634,-0.16686,-0.04704
1790904204286782944,-0.07975,-0.59346,0.86521,0.00132,-0.12127,-0.00588
1790904204588149152,-0.12290,-0.57794,0.89764,0.03898,-0.07568,0.03528
1790904204889575136,-0.16605,-0.56242,0.93007,0.07664,-0.03009,0.07644
1790904205191326624,-0.20920,-0.54690,0.96250,0.11430,0.01550,0.11760
1790904205500322688,-0.12820,-0.56711,0.94187,0.10853,0.02194,0.10146
1790904205802259616,-0.04720,-0.58732,0.92124,0.10276,0.02838,0.08532
1790904206103782688,0.03380,-0.60753,0.90061,0.09699,0.03482,0.06918
1790904206405724128,0.11480,-0.62774,0.87998,0.09122,0.04126,0.05304
1790904206707242080,0.19580,-0.64795,0.85935,0.08545,0.04770,0.03690
1790904207008927040,0.27680,-0.66816,0.83872,0.07968,0.05414,0.02076
1790904207310961440,0.35780,-0.68837,0.81809,0.07391,0.06058,0.00462
1790904207612361152,0.43880,-0.70858,0.79746,0.06814,0.06702,-0.01152
1790904207914128608,0.51980,-0.72879,0.77683,0.06237,0.07346,-0.02766
1790904208215792928,0.60080,-0.74900,0.75620,0.05660,0.07990,-0.04380
1790904208522520448,0.56891,-0.76978,0.77254,0.06774,0.10936,-0.00963
1790904208823785920,0.53702,-0.79056,0.78888,0.07888,0.13882,0.02454
1790904209125426368,0.50513,-0.81134,0.80522,0.09002,0.16828,0.05871
1790904209427449120,0.47324,-0.83212,0.82156,0.10116,0.19774,0.09288
1790904209728557504,0.44135,-0.85290,0.83790,0.11230,0.22720,0.12705
1790904210030234464,0.40946,-0.87368,0.85424,0.12344,0.25666,0.16122
1790904210331686464,0.37757,-0.89446,0.87058,0.13458,0.28612,0.19539
1790904210633409824,0.34568,-0.91524,0.88692,0.14572,0.31558,0.22956
1790904210935126528,0.31379,-0.93602,0.90326,0.15686,0.34504,0.26373
1790904211236768352,0.28190,-0.95680,0.91960,0.16800,0.37450,0.29790
1790904211542833824,0.27594,-0.93133,0.89146,0.12497,0.29301,0.23871
1790904211844450048,0.26998,-0.90586,0.86332,0.08194,0.21152,0.17952
1790904212145876864,0.26402,-0.88039,0.83518,0.03891,0.13003,0.12033
1790904212452087520,0.25806,-0.85492,0.80704,-0.00412,0.04854,0.06114
1790904212751154656,0.25210,-0.82945,0.77890,-0.04715,-0.03295,0.00195
1790904213053739936,0.24614,-0.80398,0.75076,-0.09018,-0.11444,-0.05724
1790904213354356672,0.24018,-0.77851,0.72262,-0.13321,-0.19593,-0.11643
1790904213655705856,0.23422,-0.75304,0.69448,-0.17624,-0.27742,-0.17562
1790904213957354464,0.22826,-0.72757,0.66634,-0.21927,-0.35891,-0.23481
1790904214258984448,0.22230,-0.70210,0.63820,-0.26230,-0.44040,-0.29400
1790904214565129120,0.18285,-0.69997,0.60266,-0.22801,-0.44014,-0.30787
1790904214866681984,0.14340,-0.69784,0.56712,-0.19372,-0.43988,-0.32174
1790904215168194208,0.10395,-0.69571,0.53158,-0.15943,-0.43962,-0.33561
1790904215469762944,0.06450,-0.69358,0.49604,-0.12514,-0.43936,-0.34948
1790904215771418912,0.02505,-0.69145,0.46050,-0.09085,-0.43910,-0.36335
1790904216072729088,-0.01440,-0.68932,0.42496,-0.05656,-0.43884,-0.37722
1790904216374296768,-0.05385,-0.68719,0.38942,-0.02227,-0.43858,-0.39109
1790904216675725792,-0.09330,-0.68506,0.35388,0.01202,-0.43832,-0.40496
1790904216977369440,-0.13275,-0.68293,0.31834,0.04631,-0.43806,-0.41883
1790904217278912448,-0.17220,-0.68080,0.28280,0.08060,-0.43780,-0.43270
1790904217584862144,-0.10059,-0.63715,0.31245,0.08239,-0.43795,-0.36928
1790904217886537888,-0.02898,-0.59350,0.34210,0.08418,-0.43810,-0.30586
1790904218188221312,0.04263,-0.54985,0.37175,0.08597,-0.43825,-0.24244
1790904218489768288,0.11424,-0.50620,0.40140,0.08776,-0.43840,-0.17902
1790904218791367232,0.18585,-0.46255,0.43105,0.08955,-0.43855,-0.11560
1790904219092981408,0.25746,-0.41890,0.46070,0.09134,-0.43870,-0.05218
1790904219394910400,0.32907,-0.37525,0.49035,0.09313,-0.43885,0.01124
1790904219696267424,0.40068,-0.33160,0.52000,0.09492,-0.43900,0.07466
1790904219997940192,0.47229,-0.28795,0.54965,0.09671,-0.43915,0.13808
1790904220299533472,0.54390,-0.24430,0.57930,0.09850,-0.43930,0.20150
1790904220604008416,0.44291,-0.30689,0.56857,0.06180,-0.44535,0.14648
1790904220905917536,0.34192,-0.36948,0.55784,0.02510,-0.45140,0.09146
1790904221207695040,0.24093,-0.43207,0.54711,-0.01160,-0.45745,0.03644
1790904221509819520,0.13994,-0.49466,0.53638,-0.04830,-0.46350,-0.01858
1790904221811556864,0.03895,-0.55725,0.52565,-0.08500,-0.46955,-0.07360
1790904222112924544,-0.06204,-0.61984,0.51492,-0.12170,-0.47560,-0.12862
1790904222414578368,-0.16303,-0.68243,0.50419,-0.15840,-0.48165,-0.18364
1790904222716228928,-0.26402,-0.74502,0.49346,-0.19510,-0.48770,-0.23866
1790904223018089024,-0.36501,-0.80761,0.48273,-0.23180,-0.49375,-0.29368
1790904223319375296,-0.46600,-0.87020,0.47200,-0.26850,-0.49980,-0.34870
1790904223625859872,-0.39054,-0.84897,0.46993,-0.23652,-0.45450,-0.33385
1790904223927328928,-0.31508,-0.82774,0.46786,-0.20454,-0.40920,-0.31900
1790904224229119584,-0.23962,-0.80651,0.46579,-0.17256,-0.36390,-0.30415
1790904224530729280,-0.16416,-0.78528,0.46372,-0.14058,-0.31860,-0.28930
1790904224832401248,-0.08870,-0.76405,0.46165,-0.10860,-0.27330,-0.27445
1790904225134382432,-0.01324,-0.74282,0.45958,-0.07662,-0.22800,-0.25960
1790904225435679008,0.06222,-0.72159,0.45751,-0.04464,-0.18270,-0.24475
1790904225737200672,0.13768,-0.70036,0.45544,-0.01266,-0.13740,-0.22990
1790904226038878656,0.21314,-0.67913,0.45337,0.01932,-0.09210,-0.21505
1790904226340504672,0.28860,-0.65790,0.45130,0.05130,-0.04680,-0.20020
1790904226645404928,0.19597,-0.66302,0.42821,0.06863,-0.03071,-0.21532
1790904226947513856,0.10334,-0.66814,0.40512,0.08596,-0.01462,-0.23044
1790904227251410944,0.01071,-0.67326,0.38203,0.10329,0.00147,-0.24556
1790904227553296000,-0.08192,-0.67838,0.35894,0.12062,0.01756,-0.26068
1790904227854503392,-0.17455,-0.68350,0.33585,0.13795,0.03365,-0.27580
1790904228156115616,-0.26718,-0.68862,0.31276,0.15528,0.04974,-0.29092
1790904228457789408,-0.35981,-0.69374,0.28967,0.17261,0.06583,-0.30604
1790904228759644512,-0.45244,-0.69886,0.26658,0.18994,0.08192,-0.32116
1790904229061127328,-0.54507,-0.70398,0.24349,0.20727,0.09801,-0.33628
1790904229362795968,-0.63770,-0.70910,0.22040,0.22460,0.11410,-0.35140
1790904229671643520,-0.55039,-0.65874,0.28411,0.18922,0.09127,-0.29939
1790904229971495456,-0.46308,-0.60838,0.34782,0.15384,0.06844,-0.24738
1790904230273057600,-0.37577,-0.55802,0.41153,0.11846,0.04561,-0.19537
1790904230574697088,-0.28846,-0.50766,0.47524,0.08308,0.02278,-0.14336
1790904230876299424,-0.20115,-0.45730,0.53895,0.04770,-0.00005,-0.09135
1790904231177961152,-0.11384,-0.40694,0.60266,0.01232,-0.02288,-0.03934
1790904231479722336,-0.02653,-0.35658,0.66637,-0.02306,-0.04571,0.01267
1790904231781215136,0.06078,-0.30622,0.73008,-0.05844,-0.06854,0.06468
1790904232082595552,0.14809,-0.25586,0.79379,-0.09382,-0.09137,0.11669
1790904232384240608,0.23540,-0.20550,0.85750,-0.12920,-0.11420,0.16870
1790904232693641728,0.17222,-0.25716,0.82088,-0.13891,-0.06789,0.20114
1790904232992385024,0.10904,-0.30882,0.78426,-0.14862,-0.02158,0.23358
1790904233293828032,0.04586,-0.36048,0.74764,-0.15833,0.02473,0.26602
1790904233595504640,-0.01732,-0.41214,0.71102,-0.16804,0.07104,0.29846
1790904233897227424,-0.08050,-0.46380,0.67440,-0.17775,0.11735,0.33090
1790904234199016704,-0.14368,-0.51546,0.63778,-0.18746,0.16366,0.36334
1790904234500601760,-0.20686,-0.56712,0.60116,-0.19717,0.20997,0.39578
1790904234802517056,-0.27004,-0.61878,0.56454,-0.20688,0.25628,0.42822
1790904235104022944,-0.33322,-0.67044,0.52792,-0.21659,0.30259,0.46066
1790904235405711936,-0.39640,-0.72210,0.49130,-0.22630,0.34890,0.49310
1790904235711955008,-0.32790,-0.71568,0.48730,-0.19854,0.30933,0.42377
1790904236013395296,-0.25940,-0.70926,0.48330,-0.17078,0.26976,0.35444
1790904236315026720,-0.19090,-0.70284,0.47930,-0.14302,0.23019,0.28511
1790904236616729952,-0.12240,-0.69642,0.47530,-0.11526,0.19062,0.21578
1790904236918352032,-0.05390,-0.69000,0.47130,-0.08750,0.15105,0.14645
1790904237219946912,0.01460,-0.68358,0.46730,-0.05974,0.11148,0.07712
1790904237521684096,0.08310,-0.67716,0.46330,-0.03198,0.07191,0.00779
1790904237823181600,0.15160,-0.67074,0.45930,-0.00422,0.03234,-0.06154
1790904238124765664,0.22010,-0.66432,0.45530,0.02354,-0.00723,-0.13087
1790904238426390976,0.28860,-0.65790,0.45130,0.05130,-0.04680,-0.20020
1790904238732023520,0.25430,-0.65340,0.43304,0.02230,-0.05786,-0.20370
1790904239033108768,0.22000,-0.64890,0.41478,-0.00670,-0.06892,-0.20720
1790904239334903136,0.18570,-0.64440,0.39652,-0.03570,-0.07998,-0.21070
1790904239636368640,0.15140,-0.63990,0.37826,-0.06470,-0.09104,-0.21420
1790904239937802496,0.11710,-0.63540,0.36000,-0.09370,-0.10210,-0.21770
1790904240239678368,0.08280,-0.63090,0.34174,-0.12270,-0.11316,-0.22120
1790904240540950400,0.04850,-0.62640,0.32348,-0.15170,-0.12422,-0.22470
1790904240842559104,0.01420,-0.62190,0.30522,-0.18070,-0.13528,-0.22820
1790904241144359040,-0.02010,-0.61740,0.28696,-0.20970,-0.14634,-0.23170
1790904241445798272,-0.05440,-0.61290,0.26870,-0.23870,-0.15740,-0.23520
1790904241751670496,-0.12535,-0.61467,0.27527,-0.23780,-0.18576,-0.18486
1790904242053071520,-0.19630,-0.61644,0.28184,-0.23690,-0.21412,-0.13452
1790904242354977824,-0.26725,-0.61821,0.28841,-0.23600,-0.24248,-0.08418
1790904242656009824,-0.33820,-0.61998,0.29498,-0.23510,-0.27084,-0.03384
1790904242957668576,-0.40915,-0.62175,0.30155,-0.23420,-0.29920,0.01650
1790904243259081984,-0.48010,-0.62352,0.30812,-0.23330,-0.32756,0.06684
1790904243560434528,-0.55105,-0.62529,0.31469,-0.23240,-0.35592,0.11718
1790904243861900544,-0.62200,-0.62706,0.32126,-0.23150,-0.38428,0.16752
1790904244163987328,-0.69295,-0.62883,0.32783,-0.23060,-0.41264,0.21786
1790904244465272192,-0.76390,-0.63060,0.33440,-0.22970,-0.44100,0.26820
1790904244771596992,-0.63489,-0.65462,0.32281,-0.17967,-0.39407,0.20604
1790904245072890240,-0.50588,-0.67864,0.31122,-0.12964,-0.34714,0.14388
1790904245374337408,-0.37687,-0.70266,0.29963,-0.07961,-0.30021,0.08172
1790904245675887456,-0.24786,-0.72668,0.28804,-0.02958,-0.25328,0.01956
1790904245977256704,-0.11885,-0.75070,0.27645,0.02045,-0.20635,-0.04260
1790904246278541024,0.01016,-0.77472,0.26486,0.07048,-0.15942,-0.10476
1790904246580210816,0.13917,-0.79874,0.25327,0.12051,-0.11249,-0.16692
1790904246882245408,0.26818,-0.82276,0.24168,0.17054,-0.06556,-0.22908
1790904247183777952,0.39719,-0.84678,0.23009,0.22057,-0.01863,-0.29124
1790904247485557760,0.52620,-0.87080,0.21850,0.27060,0.02830,-0.35340
1790904247791613408,0.52068,-0.82780,0.23618,0.24801,0.02799,-0.28055
1790904248092933344,0.51516,-0.78480,0.25386,0.22542,0.02768,-0.20770
1790904248394515712,0.50964,-0.74180,0.27154,0.20283,0.02737,-0.13485
1790904248696063072,0.50412,-0.69880,0.28922,0.18024,0.02706,-0.06200
1790904248997693056,0.49860,-0.65580,0.30690,0.15765,0.02675,0.01085
1790904249299523872,0.49308,-0.61280,0.32458,0.13506,0.02644,0.08370
1790904249600850688,0.48756,-0.56980,0.34226,0.11247,0.02613,0.15655
1790904249902761824,0.48204,-0.52680,0.35994,0.08988,0.02582,0.22940
1790904250204430592,0.47652,-0.48380,0.37762,0.06729,0.02551,0.30225
1790904250506133024,0.47100,-0.44080,0.39530,0.04470,0.02520,0.37510
1790904250811153856,0.43081,-0.49456,0.41802,0.06894,0.05901,0.35721
1790904251112349504,0.39062,-0.54832,0.44074,0.09318,0.09282,0.33932
1790904251414061376,0.35043,-0.60208,0.46346,0.11742,0.12663,0.32143
1790904251716123392,0.31024,-0.65584,0.48618,0.14166,0.16044,0.30354
1790904252017106656,0.27005,-0.70960,0.50890,0.16590,0.19425,0.28565
1790904252318655424,0.22986,-0.76336,0.53162,0.19014,0.22806,0.26776
1790904252620286112,0.18967,-0.81712,0.55434,0.21438,0.26187,0.24987
1790904252921976160,0.14948,-0.87088,0.57706,0.23862,0.29568,0.23198
1790904253223584928,0.10929,-0.92464,0.59978,0.26286,0.32949,0.21409
1790904253525096064,0.06910,-0.97840,0.62250,0.28710,0.36330,0.19620
1790904253830895008,0.00288,-0.96075,0.61153,0.28068,0.28503,0.17150
1790904254132545696,-0.06334,-0.94310,0.60056,0.27426,0.20676,0.14680
1790904254434162656,-0.12956,-0.92545,0.58959,0.26784,0.12849,0.12210
1790904254735774976,-0.19578,-0.90780,0.57862,0.26142,0.05022,0.09740
1790904255037544256,-0.26200,-0.89015,0.56765,0.25500,-0.02805,0.07270
1790904255339374176,-0.32822,-0.87250,0.55668,0.24858,-0.10632,0.04800
1790904255641064192,-0.39444,-0.85485,0.54571,0.24216,-0.18459,0.02330
1790904255942738784,-0.46066,-0.83720,0.53474,0.23574,-0.26286,-0.00140
1790904256244393056,-0.52688,-0.81955,0.52377,0.22932,-0.34113,-0.02610
1790904256546004608,-0.59310,-0.80190,0.51280,0.22290,-0.41940,-0.05080
1790904256853555328,-0.57201,-0.79237,0.49488,0.21693,-0.37420,-0.01781
1790904257155200512,-0.55092,-0.78284,0.47696,0.21096,-0.32900,0.01518
1790904257456746848,-0.52983,-0.77331,0.45904,0.20499,-0.28380,0.04817
1790904257758386592,-0.50874,-0.76378,0.44112,0.19902,-0.23860,0.08116
1790904258059875904,-0.48765,-0.75425,0.42320,0.19305,-0.19340,0.11415
1790904258361551648,-0.46656,-0.74472,0.40528,0.18708,-0.14820,0.14714
1790904258663021376,-0.44547,-0.73519,0.38736,0.18111,-0.10300,0.18013
1790904258964673856,-0.42438,-0.72566,0.36944,0.17514,-0.05780,0.21312
1790904259266027776,-0.40329,-0.71613,0.35152,0.16917,-0.01260,0.24611
1790904259567636672,-0.38220,-0.70660,0.33360,0.16320,0.03260,0.27910
1790904259873200832,-0.29688,-0.68002,0.33977,0.15135,0.03186,0.28870
1790904260174577984,-0.21156,-0.65344,0.34594,0.13950,0.03112,0.29830
1790904260476200896,-0.12624,-0.62686,0.35211,0.12765,0.03038,0.30790
1790904260777641024,-0.04092,-0.60028,0.35828,0.11580,0.02964,0.31750
1790904261078992832,0.04440,-0.57370,0.36445,0.10395,0.02890,0.32710
1790904261380751936,0.12972,-0.54712,0.37062,0.09210,0.02816,0.33670
1790904261682451616,0.21504,-0.52054,0.37679,0.08025,0.02742,0.34630
1790904261983828864,0.30036,-0.49396,0.38296,0.06840,0.02668,0.35590
1790904262285355424,0.38568,-0.46738,0.38913,0.05655,0.02594,0.36550
1790904262587256256,0.47100,-0.44080,0.39530,0.04470,0.02520,0.37510
1790904262895395008,0.39665,-0.47888,0.44069,0.06933,0.05794,0.36820
1790904263197151040,0.32230,-0.51696,0.48608,0.09396,0.09068,0.36130
1790904263498543552,0.24795,-0.55504,0.53147,0.11859,0.12342,0.35440
1790904263800112096,0.17360,-0.59312,0.57686,0.14322,0.15616,0.34750
1790904264101876000,0.09925,-0.63120,0.62225,0.16785,0.18890,0.34060
1790904264403506976,0.02490,-0.66928,0.66764,0.19248,0.22164,0.33370
1790904264705123808,-0.04945,-0.70736,0.71303,0.21711,0.25438,0.32680
1790904265006619520,-0.12380,-0.74544,0.75842,0.24174,0.28712,0.31990
1790904265308344320,-0.19815,-0.78352,0.80381,0.26637,0.31986,0.31300
1790904265609995808,-0.27250,-0.82160,0.84920,0.29100,0.35260,0.30610
1790904265916626336,-0.23734,-0.76877,0.84982,0.28374,0.29518,0.26702
1790904266217534912,-0.20218,-0.71594,0.85044,0.27648,0.23776,0.22794
1790904266519206336,-0.16702,-0.66311,0.85106,0.26922,0.18034,0.18886
1790904266820878880,-0.13186,-0.61028,0.85168,0.26196,0.12292,0.14978
1790904267122979840,-0.09670,-0.55745,0.85230,0.25470,0.06550,0.11070
1790904267424444192,-0.06154,-0.50462,0.85292,0.24744,0.00808,0.07162
1790904267725940832,-0.02638,-0.45179,0.85354,0.24018,-0.04934,0.03254
1790904268027555424,0.00878,-0.39896,0.85416,0.23292,-0.10676,-0.00654
1790904268329205376,0.04394,-0.34613,0.85478,0.22566,-0.16418,-0.04562
1790904268630545088,0.07910,-0.29330,0.85540,0.21840,-0.22160,-0.08470
1790904268935662400,0.12212,-0.30478,0.80800,0.19762,-0.21388,-0.12333
1790904269237273440,0.16514,-0.31626,0.76060,0.17684,-0.20616,-0.16196
1790904269538887456,0.20816,-0.32774,0.71320,0.15606,-0.19844,-0.20059
1790904269840449024,0.25118,-0.33922,0.66580,0.13528,-0.19072,-0.23922
1790904270142231968,0.29420,-0.35070,0.61840,0.11450,-0.18300,-0.27785
1790904270443964096,0.33722,-0.36218,0.57100,0.09372,-0.17528,-0.31648
1790904270745838016,0.38024,-0.37366,0.52360,0.07294,-0.16756,-0.35511
1790904271048259776,0.42326,-0.38514,0.47620,0.05216,-0.15984,-0.39374
1790904271349622144,0.46628,-0.39662,0.42880,0.03138,-0.15212,-0.43237
1790904271651512896,0.50930,-0.40810,0.38140,0.01060,-0.14440,-0.47100
1790904271957485248,0.49508,-0.44425,0.44167,-0.01338,-0.13815,-0.39819
1790904272258756000,0.48086,-0.48040,0.50194,-0.03736,-0.13190,-0.32538
1790904272560257120,0.46664,-0.51655,0.56221,-0.06134,-0.12565,-0.25257
1790904272861721600,0.45242,-0.55270,0.62248,-0.08532,-0.11940,-0.17976
1790904273163335264,0.43820,-0.58885,0.68275,-0.10930,-0.11315,-0.10695
1790904273464585568,0.42398,-0.62500,0.74302,-0.13328,-0.10690,-0.03414
1790904273766219904,0.40976,-0.66115,0.80329,-0.15726,-0.10065,0.03867
1790904274067477120,0.39554,-0.69730,0.86356,-0.18124,-0.09440,0.11148
1790904274369093920,0.38132,-0.73345,0.92383,-0.20522,-0.08815,0.18429
1790904274670747552,0.36710,-0.76960,0.98410,-0.22920,-0.08190,0.25710
1790904274974411392,0.40031,-0.71360,0.98209,-0.21440,-0.10166,0.20407
1790904275275824032,0.43352,-0.65760,0.98008,-0.19960,-0.12142,0.15104
1790904275577678208,0.46673,-0.60160,0.97807,-0.18480,-0.14118,0.09801
1790904275878374208,0.49994,-0.54560,0.97606,-0.17000,-0.16094,0.04498
1790904276179896512,0.53315,-0.48960,0.97405,-0.15520,-0.18070,-0.00805
1790904276481533856,0.56636,-0.43360,0.97204,-0.14040,-0.20046,-0.06108
1790904276782865920,0.59957,-0.37760,0.97003,-0.12560,-0.22022,-0.11411
1790904277084501600,0.63278,-0.32160,0.96802,-0.11080,-0.23998,-0.16714
1790904277386350528,0.66599,-0.26560,0.96601,-0.09600,-0.25974,-0.22017
1790904277688127424,0.69920,-0.20960,0.96400,-0.08120,-0.27950,-0.27320
1790904277994818784,0.60668,-0.21790,0.96422,-0.09402,-0.28393,-0.27268
1790904278296128256,0.51416,-0.22620,0.96444,-0.10684,-0.28836,-0.27216
1790904278597753600,0.42164,-0.23450,0.96466,-0.11966,-0.29279,-0.27164
1790904278899386368,0.32912,-0.24280,0.96488,-0.13248,-0.29722,-0.27112
1790904279201053024,0.23660,-0.25110,0.96510,-0.14530,-0.30165,-0.27060
1790904279502855264,0.14408,-0.25940,0.96532,-0.15812,-0.30608,-0.27008
1790904279804063520,0.05156,-0.26770,0.96554,-0.17094,-0.31051,-0.26956
1790904280105679936,-0.04096,-0.27600,0.96576,-0.18376,-0.31494,-0.26904
1790904280407376320,-0.13348,-0.28430,0.96598,-0.19658,-0.31937,-0.26852
1790904280709089696,-0.22600,-0.29260,0.96620,-0.20940,-0.32380,-0.26800
1790904281017209888,-0.25193,-0.34699,0.93951,-0.16444,-0.25738,-0.24325
1790904281315731200,-0.27786,-0.40138,0.91282,-0.11948,-0.19096,-0.21850
1790904281617282688,-0.30379,-0.45577,0.88613,-0.07452,-0.12454,-0.19375
1790904281918631776,-0.32972,-0.51016,0.85944,-0.02956,-0.05812,-0.16900
1790904282220303456,-0.35565,-0.56455,0.83275,0.01540,0.00830,-0.14425
1790904282521952544,-0.38158,-0.61894,0.80606,0.06036,0.07472,-0.11950
1790904282823642144,-0.40751,-0.67333,0.77937,0.10532,0.14114,-0.09475
1790904283125149024,-0.43344,-0.72772,0.75268,0.15028,0.20756,-0.07000
1790904283426756992,-0.45937,-0.78211,0.72599,0.19524,0.27398,-0.04525
1790904283728365440,-0.48530,-0.83650,0.69930,0.24020,0.34040,-0.02050
1790904284032432768,-0.40006,-0.82981,0.72778,0.19326,0.29817,0.00726
1790904284333980256,-0.31482,-0.82312,0.75626,0.14632,0.25594,0.03502
1790904284635633344,-0.22958,-0.81643,0.78474,0.09938,0.21371,0.06278
1790904284937273056,-0.14434,-0.80974,0.81322,0.05244,0.17148,0.09054
1790904285238755552,-0.05910,-0.80305,0.84170,0.00550,0.12925,0.11830
1790904285540222592,0.02614,-0.79636,0.87018,-0.04144,0.08702,0.14606
1790904285841997120,0.11138,-0.78967,0.89866,-0.08838,0.04479,0.17382
1790904286143522944,0.19662,-0.78298,0.92714,-0.13532,0.00256,0.20158
1790904286445349376,0.28186,-0.77629,0.95562,-0.18226,-0.03967,0.22934
1790904286746682496,0.36710,-0.76960,0.98410,-0.22920,-0.08190,0.25710
1790904287053749152,0.35487,-0.72867,0.91247,-0.19664,-0.03273,0.25962
1790904287355252320,0.34264,-0.68774,0.84084,-0.16408,0.01644,0.26214
1790904287656635360,0.33041,-0.64681,0.76921,-0.13152,0.06561,0.26466
1790904287958205632,0.31818,-0.60588,0.69758,-0.09896,0.11478,0.26718
1790904288259695424,0.30595,-0.56495,0.62595,-0.06640,0.16395,0.26970
1790904288561341504,0.29372,-0.52402,0.55432,-0.03384,0.21312,0.27222
1790904288862778816,0.28149,-0.48309,0.48269,-0.00128,0.26229,0.27474
1790904289164322304,0.26926,-0.44216,0.41106,0.03128,0.31146,0.27726
1790904289465884160,0.25703,-0.40123,0.33943,0.06384,0.36063,0.27978
1790904289767293600,0.24480,-0.36030,0.26780,0.09640,0.40980,0.28230
1790904290071571648,0.17765,-0.38547,0.30815,0.07252,0.31923,0.24596
1790904290373183200,0.11050,-0.41064,0.34850,0.04864,0.22866,0.20962
1790904290674631200,0.04335,-0.43581,0.38885,0.02476,0.13809,0.17328
1790904290976238688,-0.02380,-0.46098,0.42920,0.00088,0.04752,0.13694
1790904291277778176,-0.09095,-0.48615,0.46955,-0.02300,-0.04305,0.10060
1790904291579411008,-0.15810,-0.51132,0.50990,-0.04688,-0.13362,0.06426
1790904291880950112,-0.22525,-0.53649,0.55025,-0.07076,-0.22419,0.02792
1790904292182619488,-0.29240,-0.56166,0.59060,-0.09464,-0.31476,-0.00842
1790904292484156608,-0.35955,-0.58683,0.63095,-0.11852,-0.40533,-0.04476
1790904292785894528,-0.42670,-0.61200,0.67130,-0.14240,-0.49590,-0.08110
1790904293090732160,-0.34401,-0.61256,0.63845,-0.11081,-0.46306,-0.04291
1790904293392265344,-0.26132,-0.61312,0.60560,-0.07922,-0.43022,-0.00472
1790904293693961888,-0.17863,-0.61368,0.57275,-0.04763,-0.39738,0.03347
1790904293995757696,-0.09594,-0.61424,0.53990,-0.01604,-0.36454,0.07166
1790904294297104064,-0.01325,-0.61480,0.50705,0.01555,-0.33170,0.10985
1790904294598897248,0.06944,-0.61536,0.47420,0.04714,-0.29886,0.14804
1790904294900436160,0.15213,-0.61592,0.44135,0.07873,-0.26602,0.18623
1790904295202215840,0.23482,-0.61648,0.40850,0.11032,-0.23318,0.22442
1790904295503845440,0.31751,-0.61704,0.37565,0.14191,-0.20034,0.26261
1790904295805540960,0.40020,-0.61760,0.34280,0.17350,-0.16750,0.30080
1790904296113541024,0.30450,-0.61672,0.33166,0.16624,-0.12429,0.27802
1790904296414771904,0.20880,-0.61584,0.32052,0.15898,-0.08108,0.25524
1790904296716477184,0.11310,-0.61496,0.30938,0.15172,-0.03787,0.23246
1790904297018017952,0.01740,-0.61408,0.29824,0.14446,0.00534,0.20968
1790904297319608128,-0.07830,-0.61320,0.28710,0.13720,0.04855,0.18690
1790904297621243168,-0.17400,-0.61232,0.27596,0.12994,0.09176,0.16412
1790904297922820064,-0.26970,-0.61144,0.26482,0.12268,0.13497,0.14134
1790904298224490496,-0.36540,-0.61056,0.25368,0.11542,0.17818,0.11856
1790904298526195712,-0.46110,-0.60968,0.24254,0.10816,0.22139,0.09578
1790904298827738880,-0.55680,-0.60880,0.23140,0.10090,0.26460,0.07300
1790904299135781792,-0.42565,-0.61625,0.26037,0.11762,0.26062,0.03270
1790904299437673760,-0.29450,-0.62370,0.28934,0.13434,0.25664,-0.00760
1790904299739167840,-0.16335,-0.63115,0.31831,0.15106,0.25266,-0.04790
1790904300040653152,-0.03220,-0.63860,0.34728,0.16778,0.24868,-0.08820
1790904300342424992,0.09895,-0.64605,0.37625,0.18450,0.24470,-0.12850
1790904300644042272,0.23010,-0.65350,0.40522,0.20122,0.24072,-0.16880
1790904300945696704,0.36125,-0.66095,0.43419,0.21794,0.23674,-0.20910
1790904301250140160,0.49240,-0.66840,0.46316,0.23466,0.23276,-0.24940
1790904301551746720,0.62355,-0.67585,0.49213,0.25138,0.22878,-0.28970
1790904301853122848,0.75470,-0.68330,0.52110,0.26810,0.22480,-0.33000
1790904302159105632,0.65831,-0.66966,0.56524,0.25272,0.20387,-0.28524
1790904302460408448,0.56192,-0.65602,0.60938,0.23734,0.18294,-0.24048
1790904302761863808,0.46553,-0.64238,0.65352,0.22196,0.16201,-0.19572
1790904303063311360,0.36914,-0.62874,0.69766,0.20658,0.14108,-0.15096
1790904303364947808,0.27275,-0.61510,0.74180,0.19120,0.12015,-0.10620
1790904303666519680,0.17636,-0.60146,0.78594,0.17582,0.09922,-0.06144
1790904303968228480,0.07997,-0.58782,0.83008,0.16044,0.07829,-0.01668
1790904304270395008,-0.01642,-0.57418,0.87422,0.14506,0.05736,0.02808
1790904304571494112,-0.11281,-0.56054,0.91836,0.12968,0.03643,0.07284
1790904304873013152,-0.20920,-0.54690,0.96250,0.11430,0.01550,0.11760
1790904305178044480,-0.24795,-0.58012,0.95864,0.12126,-0.02143,0.13849
1790904305479701664,-0.28670,-0.61334,0.95478,0.12822,-0.05836,0.15938
1790904305781313696,-0.32545,-0.64656,0.95092,0.13518,-0.09529,0.18027
1790904306082976704,-0.36420,-0.67978,0.94706,0.14214,-0.13222,0.20116
1790904306384414528,-0.40295,-0.71300,0.94320,0.14910,-0.16915,0.22205
1790904306686022720,-0.44170,-0.74622,0.93934,0.15606,-0.20608,0.24294
1790904306987559744,-0.48045,-0.77944,0.93548,0.16302,-0.24301,0.26383
1790904307289316704,-0.51920,-0.81266,0.93162,0.16998,-0.27994,0.28472
1790904307591030016,-0.55795,-0.84588,0.92776,0.17694,-0.31687,0.30561
1790904307892418112,-0.59670,-0.87910,0.92390,0.18390,-0.35380,0.32650
1790904308199180384,-0.59271,-0.85207,0.85465,0.17560,-0.29196,0.30115
1790904308500743456,-0.58872,-0.82504,0.78540,0.16730,-0.23012,0.27580
1790904308802439200,-0.58473,-0.79801,0.71615,0.15900,-0.16828,0.25045
1790904309103896096,-0.58074,-0.77098,0.64690,0.15070,-0.10644,0.22510
1790904309405455200,-0.57675,-0.74395,0.57765,0.14240,-0.04460,0.19975
1790904309707087136,-0.57276,-0.71692,0.50840,0.13410,0.01724,0.17440
1790904310008577856,-0.56877,-0.68989,0.43915,0.12580,0.07908,0.14905
1790904310310189664,-0.56478,-0.66286,0.36990,0.11750,0.14092,0.12370
1790904310612114880,-0.56079,-0.63583,0.30065,0.10920,0.20276,0.09835
1790904310913836320,-0.55680,-0.60880,0.23140,0.10090,0.26460,0.07300
1790904311222940608,-0.44894,-0.63104,0.24841,0.07839,0.21219,0.07434
1790904311524468128,-0.34108,-0.65328,0.26542,0.05588,0.15978,0.07568
1790904311826129504,-0.23322,-0.67552,0.28243,0.03337,0.10737,0.07702
1790904312127819072,-0.12536,-0.69776,0.29944,0.01086,0.05496,0.07836
1790904312429533184,-0.01750,-0.72000,0.31645,-0.01165,0.00255,0.07970
1790904312730939488,0.09036,-0.74224,0.33346,-0.03416,-0.04986,0.08104
1790904313032447200,0.19822,-0.76448,0.35047,-0.05667,-0.10227,0.08238
1790904313334173792,0.30608,-0.78672,0.36748,-0.07918,-0.15468,0.08372
1790904313635783360,0.41394,-0.80896,0.38449,-0.10169,-0.20709,0.08506
1790904313937332256,0.52180,-0.83120,0.40150,-0.12420,-0.25950,0.08640
1790904314242824256,0.49781,-0.84376,0.45331,-0.09498,-0.19610,0.10755
1790904314544122592,0.47382,-0.85632,0.50512,-0.06576,-0.13270,0.12870
1790904314845972192,0.44983,-0.86888,0.55693,-0.03654,-0.06930,0.14985
1790904315147258656,0.42584,-0.88144,0.60874,-0.00732,-0.00590,0.17100
1790904315449942816,0.40185,-0.89400,0.66055,0.02190,0.05750,0.19215
1790904315751355808,0.37786,-0.90656,0.71236,0.05112,0.12090,0.21330
1790904316052550880,0.35387,-0.91912,0.76417,0.08034,0.18430,0.23445
1790904316354173600,0.32988,-0.93168,0.81598,0.10956,0.24770,0.25560
1790904316655437088,0.30589,-0.94424,0.86779,0.13878,0.31110,0.27675
1790904316957415712,0.28190,-0.95680,0.91960,0.16800,0.37450,0.29790
1790904317262750912,0.31379,-0.93602,0.90326,0.15686,0.34504,0.26373
1790904317564476256,0.34568,-0.91524,0.88692,0.14572,0.31558,0.22956
1790904317866027648,0.37757,-0.89446,0.87058,0.13458,0.28612,0.19539
1790904318167226400,0.40946,-0.87368,0.85424,0.12344,0.25666,0.16122
1790904318468657760,0.44135,-0.85290,0.83790,0.11230,0.22720,0.12705
1790904318770319584,0.47324,-0.83212,0.82156,0.10116,0.19774,0.09288
1790904319071774176,0.50513,-0.81134,0.80522,0.09002,0.16828,0.05871
1790904319373364768,0.53702,-0.79056,0.78888,0.07888,0.13882,0.02454
1790904319675102784,0.56891,-0.76978,0.77254,0.06774,0.10936,-0.00963
1790904319976597824,0.60080,-0.74900,0.75620,0.05660,0.07990,-0.04380
1790904320282705056,0.52350,-0.74218,0.70886,0.05900,0.02813,-0.08269
1790904320584200960,0.44620,-0.73536,0.66152,0.06140,-0.02364,-0.12158
1790904320885851008,0.36890,-0.72854,0.61418,0.06380,-0.07541,-0.16047
1790904321187278592,0.29160,-0.72172,0.56684,0.06620,-0.12718,-0.19936
1790904321488906624,0.21430,-0.71490,0.51950,0.06860,-0.17895,-0.23825
1790904321790517984,0.13700,-0.70808,0.47216,0.07100,-0.23072,-0.27714
1790904322092175040,0.05970,-0.70126,0.42482,0.07340,-0.28249,-0.31603
1790904322393781920,-0.01760,-0.69444,0.37748,0.07580,-0.33426,-0.35492
1790904322695283872,-0.09490,-0.68762,0.33014,0.07820,-0.38603,-0.39381
1790904322996836640,-0.17220,-0.68080,0.28280,0.08060,-0.43780,-0.43270
1790904323302840288,-0.09490,-0.68762,0.33014,0.07820,-0.38603,-0.39381
1790904323604610176,-0.01760,-0.69444,0.37748,0.07580,-0.33426,-0.35492
1790904323906123552,0.05970,-0.70126,0.42482,0.07340,-0.28249,-0.31603
1790904324207804512,0.13700,-0.70808,0.47216,0.07100,-0.23072,-0.27714
1790904324509941856,0.21430,-0.71490,0.51950,0.06860,-0.17895,-0.23825
1790904324811547680,0.29160,-0.72172,0.56684,0.06620,-0.12718,-0.19936
1790904325113211392,0.36890,-0.72854,0.61418,0.06380,-0.07541,-0.16047
1790904325414687648,0.44620,-0.73536,0.66152,0.06140,-0.02364,-0.12158
1790904325716327200,0.52350,-0.74218,0.70886,0.05900,0.02813,-0.08269
1790904326017938720,0.60080,-0.74900,0.75620,0.05660,0.07990,-0.04380
1790904326323067168,0.49412,-0.76112,0.72778,0.02409,0.02193,-0.07429
1790904326626325632,0.38744,-0.77324,0.69936,-0.00842,-0.03604,-0.10478
1790904326927559872,0.28076,-0.78536,0.67094,-0.04093,-0.09401,-0.13527
1790904327229057664,0.17408,-0.79748,0.64252,-0.07344,-0.15198,-0.16576
1790904327530538048,0.06740,-0.80960,0.61410,-0.10595,-0.20995,-0.19625
1790904327832505632,-0.03928,-0.82172,0.58568,-0.13846,-0.26792,-0.22674
1790904328134064704,-0.14596,-0.83384,0.55726,-0.17097,-0.32589,-0.25723
1790904328435716576,-0.25264,-0.84596,0.52884,-0.20348,-0.38386,-0.28772
1790904328737531872,-0.35932,-0.85808,0.50042,-0.23599,-0.44183,-0.31821
1790904329039279072,-0.46600,-0.87020,0.47200,-0.26850,-0.49980,-0.34870
1790904329355786592,-0.36501,-0.80761,0.48273,-0.23180,-0.49375,-0.29368
1790904329655507328,-0.26402,-0.74502,0.49346,-0.19510,-0.48770,-0.23866
1790904329956882368,-0.16303,-0.68243,0.50419,-0.15840,-0.48165,-0.18364
1790904330258986336,-0.06204,-0.61984,0.51492,-0.12170,-0.47560,-0.12862
1790904330560535552,0.03895,-0.55725,0.52565,-0.08500,-0.46955,-0.07360
1790904330862081728,0.13994,-0.49466,0.53638,-0.04830,-0.46350,-0.01858
1790904331163660736,0.24093,-0.43207,0.54711,-0.01160,-0.45745,0.03644
1790904331465196992,0.34192,-0.36948,0.55784,0.02510,-0.45140,0.09146
1790904331766731968,0.44291,-0.30689,0.56857,0.06180,-0.44535,0.14648
1790904332068245088,0.54390,-0.24430,0.57930,0.09850,-0.43930,0.20150
1790904332374696640,0.42574,-0.29078,0.54341,0.11111,-0.38396,0.14621
1790904332676144064,0.30758,-0.33726,0.50752,0.12372,-0.32862,0.09092
1790904332977623552,0.18942,-0.38374,0.47163,0.13633,-0.27328,0.03563
1790904333279191648,0.07126,-0.43022,0.43574,0.14894,-0.21794,-0.01966
1790904333580832544,-0.04690,-0.47670,0.39985,0.16155,-0.16260,-0.07495
1790904333882277280,-0.16506,-0.52318,0.36396,0.17416,-0.10726,-0.13024
1790904334183875392,-0.28322,-0.56966,0.32807,0.18677,-0.05192,-0.18553
1790904334485417376,-0.40138,-0.61614,0.29218,0.19938,0.00342,-0.24082
1790904334787031328,-0.51954,-0.66262,0.25629,0.21199,0.05876,-0.29611
1790904335088786944,-0.63770,-0.70910,0.22040,0.22460,0.11410,-0.35140
1790904335394527776,-0.55039,-0.65874,0.28411,0.18922,0.09127,-0.29939
1790904335696355456,-0.46308,-0.60838,0.34782,0.15384,0.06844,-0.24738
1790904335997779904,-0.37577,-0.55802,0.41153,0.11846,0.04561,-0.19537
1790904336299492864,-0.28846,-0.50766,0.47524,0.08308,0.02278,-0.14336
1790904336601104448,-0.20115,-0.45730,0.53895,0.04770,-0.00005,-0.09135
1790904336902672448,-0.11384,-0.40694,0.60266,0.01232,-0.02288,-0.03934
1790904337204388640,-0.02653,-0.35658,0.66637,-0.02306,-0.04571,0.01267
1790904337505817248,0.06078,-0.30622,0.73008,-0.05844,-0.06854,0.06468
1790904337807807616,0.14809,-0.25586,0.79379,-0.09382,-0.09137,0.11669
1790904338109863552,0.23540,-0.20550,0.85750,-0.12920,-0.11420,0.16870
1790904338418031328,0.17222,-0.25716,0.82088,-0.13891,-0.06789,0.20114
1790904338719413344,0.10904,-0.30882,0.78426,-0.14862,-0.02158,0.23358
1790904339021045248,0.04586,-0.36048,0.74764,-0.15833,0.02473,0.26602
1790904339322650976,-0.01732,-0.41214,0.71102,-0.16804,0.07104,0.29846
1790904339624276128,-0.08050,-0.46380,0.67440,-0.17775,0.11735,0.33090
1790904339925927264,-0.14368,-0.51546,0.63778,-0.18746,0.16366,0.36334
1790904340227520032,-0.20686,-0.56712,0.60116,-0.19717,0.20997,0.39578
1790904340529158016,-0.27004,-0.61878,0.56454,-0.20688,0.25628,0.42822
1790904340830572160,-0.33322,-0.67044,0.52792,-0.21659,0.30259,0.46066
1790904341132027232,-0.39640,-0.72210,0.49130,-0.22630,0.34890,0.49310
1790904341438535136,-0.30237,-0.67432,0.50010,-0.19382,0.27008,0.46394
1790904341740188704,-0.20834,-0.62654,0.50890,-0.16134,0.19126,0.43478
1790904342041596384,-0.11431,-0.57876,0.51770,-0.12886,0.11244,0.40562
1790904342342966592,-0.02028,-0.53098,0.52650,-0.09638,0.03362,0.37646
1790904342644581312,0.07375,-0.48320,0.53530,-0.06390,-0.04520,0.34730
1790904342945920352,0.16778,-0.43542,0.54410,-0.03142,-0.12402,0.31814
1790904343249373088,0.26181,-0.38764,0.55290,0.00106,-0.20284,0.28898
1790904343550645120,0.35584,-0.33986,0.56170,0.03354,-0.28166,0.25982
1790904343851665952,0.44987,-0.29208,0.57050,0.06602,-0.36048,0.23066
1790904344153200000,0.54390,-0.24430,0.57930,0.09850,-0.43930,0.20150
1790904344459097280,0.48407,-0.28116,0.54824,0.06478,-0.41111,0.15783
1790904344760386528,0.42424,-0.31802,0.51718,0.03106,-0.38292,0.11416
1790904345061689184,0.36441,-0.35488,0.48612,-0.00266,-0.35473,0.07049
1790904345363410016,0.30458,-0.39174,0.45506,-0.03638,-0.32654,0.02682
1790904345664846176,0.24475,-0.42860,0.42400,-0.07010,-0.29835,-0.01685
1790904345966816736,0.18492,-0.46546,0.39294,-0.10382,-0.27016,-0.06052
1790904346268308864,0.12509,-0.50232,0.36188,-0.13754,-0.24197,-0.10419
1790904346569691936,0.06526,-0.53918,0.33082,-0.17126,-0.21378,-0.14786
1790904346871180320,0.00543,-0.57604,0.29976,-0.20498,-0.18559,-0.19153
1790904347172640992,-0.05440,-0.61290,0.26870,-0.23870,-0.15740,-0.23520
1790904347478625536,-0.12535,-0.61467,0.27527,-0.23780,-0.18576,-0.18486
1790904347780093824,-0.19630,-0.61644,0.28184,-0.23690,-0.21412,-0.13452
1790904348081518624,-0.26725,-0.61821,0.28841,-0.23600,-0.24248,-0.08418
1790904348383019104,-0.33820,-0.61998,0.29498,-0.23510,-0.27084,-0.03384
1790904348684651968,-0.40915,-0.62175,0.30155,-0.23420,-0.29920,0.01650
1790904348986356448,-0.48010,-0.62352,0.30812,-0.23330,-0.32756,0.06684
1790904349288006336,-0.55105,-0.62529,0.31469,-0.23240,-0.35592,0.11718
1790904349589582176,-0.62200,-0.62706,0.32126,-0.23150,-0.38428,0.16752
1790904349891410944,-0.69295,-0.62883,0.32783,-0.23060,-0.41264,0.21786
1790904350192993120,-0.76390,-0.63060,0.33440,-0.22970,-0.44100,0.26820
1790904350499815552,-0.63489,-0.65462,0.32281,-0.17967,-0.39407,0.20604
1790904350800511104,-0.50588,-0.67864,0.31122,-0.12964,-0.34714,0.14388
1790904351101763744,-0.37687,-0.70266,0.29963,-0.07961,-0.30021,0.08172
1790904351403350368,-0.24786,-0.72668,0.28804,-0.02958,-0.25328,0.01956
1790904351704913664,-0.11885,-0.75070,0.27645,0.02045,-0.20635,-0.04260
1790904352006283168,0.01016,-0.77472,0.26486,0.07048,-0.15942,-0.10476
1790904352307849792,0.13917,-0.79874,0.25327,0.12051,-0.11249,-0.16692
1790904352609567008,0.26818,-0.82276,0.24168,0.17054,-0.06556,-0.22908
1790904352911243680,0.39719,-0.84678,0.23009,0.22057,-0.01863,-0.29124
1790904353212768032,0.52620,-0.87080,0.21850,0.27060,0.02830,-0.35340
1790904353518374752,0.41427,-0.86391,0.24793,0.26583,-0.01647,-0.32314
1790904353819652576,0.30234,-0.85702,0.27736,0.26106,-0.06124,-0.29288
1790904354121278976,0.19041,-0.85013,0.30679,0.25629,-0.10601,-0.26262
1790904354423691456,0.07848,-0.84324,0.33622,0.25152,-0.15078,-0.23236
1790904354724640320,-0.03345,-0.83635,0.36565,0.24675,-0.19555,-0.20210
1790904355026276704,-0.14538,-0.82946,0.39508,0.24198,-0.24032,-0.17184
1790904355327770048,-0.25731,-0.82257,0.42451,0.23721,-0.28509,-0.14158
1790904355629283968,-0.36924,-0.81568,0.45394,0.23244,-0.32986,-0.11132
1790904355931308832,-0.48117,-0.80879,0.48337,0.22767,-0.37463,-0.08106
1790904356233012800,-0.59310,-0.80190,0.51280,0.22290,-0.41940,-0.05080
1790904356539750528,-0.52688,-0.81955,0.52377,0.22932,-0.34113,-0.02610
1790904356840843456,-0.46066,-0.83720,0.53474,0.23574,-0.26286,-0.00140
1790904357142238176,-0.39444,-0.85485,0.54571,0.24216,-0.18459,0.02330
1790904357443773856,-0.32822,-0.87250,0.55668,0.24858,-0.10632,0.04800
1790904357745690816,-0.26200,-0.89015,0.56765,0.25500,-0.02805,0.07270
1790904358047702560,-0.19578,-0.90780,0.57862,0.26142,0.05022,0.09740
1790904358349217056,-0.12956,-0.92545,0.58959,0.26784,0.12849,0.12210
1790904358650639264,-0.06334,-0.94310,0.60056,0.27426,0.20676,0.14680
1790904358952165056,0.00288,-0.96075,0.61153,0.28068,0.28503,0.17150
1790904359253378016,0.06910,-0.97840,0.62250,0.28710,0.36330,0.19620
1790904359558881856,0.08573,-0.90111,0.64600,0.24547,0.31555,0.19345
1790904359860279648,0.10236,-0.82382,0.66950,0.20384,0.26780,0.19070
1790904360161871520,0.11899,-0.74653,0.69300,0.16221,0.22005,0.18795
1790904360463110656,0.13562,-0.66924,0.71650,0.12058,0.17230,0.18520
1790904360764490304,0.15225,-0.59195,0.74000,0.07895,0.12455,0.18245
1790904361066001472,0.16888,-0.51466,0.76350,0.03732,0.07680,0.17970
1790904361367555488,0.18551,-0.43737,0.78700,-0.00431,0.02905,0.17695
1790904361669084736,0.20214,-0.36008,0.81050,-0.04594,-0.01870,0.17420
1790904361970621600,0.21877,-0.28279,0.83400,-0.08757,-0.06645,0.17145
1790904362272011392,0.23540,-0.20550,0.85750,-0.12920,-0.11420,0.16870
1790904362577567520,0.17364,-0.25561,0.80511,-0.09996,-0.09952,0.17974
1790904362878492672,0.11188,-0.30572,0.75272,-0.07072,-0.08484,0.19078
1790904363180084928,0.05012,-0.35583,0.70033,-0.04148,-0.07016,0.20182
1790904363481417376,-0.01164,-0.40594,0.64794,-0.01224,-0.05548,0.21286
1790904363783002272,-0.07340,-0.45605,0.59555,0.01700,-0.04080,0.22390
1790904364084618240,-0.13516,-0.50616,0.54316,0.04624,-0.02612,0.23494
1790904364386193696,-0.19692,-0.55627,0.49077,0.07548,-0.01144,0.24598
1790904364687754336,-0.25868,-0.60638,0.43838,0.10472,0.00324,0.25702
1790904364989360480,-0.32044,-0.65649,0.38599,0.13396,0.01792,0.26806
1790904365291485792,-0.38220,-0.70660,0.33360,0.16320,0.03260,0.27910
1790904365596994272,-0.33607,-0.66527,0.38578,0.16872,0.00718,0.24272
1790904365898641312,-0.28994,-0.62394,0.43796,0.17424,-0.01824,0.20634
1790904366200387584,-0.24381,-0.58261,0.49014,0.17976,-0.04366,0.16996
1790904366502163680,-0.19768,-0.54128,0.54232,0.18528,-0.06908,0.13358
1790904366804042336,-0.15155,-0.49995,0.59450,0.19080,-0.09450,0.09720
1790904367105377984,-0.10542,-0.45862,0.64668,0.19632,-0.11992,0.06082
1790904367406997824,-0.05929,-0.41729,0.69886,0.20184,-0.14534,0.02444
1790904367708621088,-0.01316,-0.37596,0.75104,0.20736,-0.17076,-0.01194
1790904368010320224,0.03297,-0.33463,0.80322,0.21288,-0.19618,-0.04832
1790904368311999904,0.07910,-0.29330,0.85540,0.21840,-0.22160,-0.08470
1790904368618010912,0.04394,-0.34613,0.85478,0.22566,-0.16418,-0.04562
1790904368919726752,0.00878,-0.39896,0.85416,0.23292,-0.10676,-0.00654
1790904369221036000,-0.02638,-0.45179,0.85354,0.24018,-0.04934,0.03254
1790904369522583104,-0.06154,-0.50462,0.85292,0.24744,0.00808,0.07162
1790904369824211808,-0.09670,-0.55745,0.85230,0.25470,0.06550,0.11070
1790904370125809312,-0.13186,-0.61028,0.85168,0.26196,0.12292,0.14978
1790904370427546688,-0.16702,-0.66311,0.85106,0.26922,0.18034,0.18886
1790904370729113120,-0.20218,-0.71594,0.85044,0.27648,0.23776,0.22794
1790904371031026848,-0.23734,-0.76877,0.84982,0.28374,0.29518,0.26702
1790904371332558336,-0.27250,-0.82160,0.84920,0.29100,0.35260,0.30610
1790904371641754464,-0.26785,-0.76870,0.86090,0.24096,0.28496,0.24869
1790904371943621440,-0.26320,-0.71580,0.87260,0.19092,0.21732,0.19128
1790904372245083360,-0.25855,-0.66290,0.88430,0.14088,0.14968,0.13387
1790904372546657888,-0.25390,-0.61000,0.89600,0.09084,0.08204,0.07646
1790904372850368864,-0.24925,-0.55710,0.90770,0.04080,0.01440,0.01905
1790904373151806912,-0.24460,-0.50420,0.91940,-0.00924,-0.05324,-0.03836
1790904373453567264,-0.23995,-0.45130,0.93110,-0.05928,-0.12088,-0.09577
1790904373755413280,-0.23530,-0.39840,0.94280,-0.10932,-0.18852,-0.15318
1790904374056850944,-0.23065,-0.34550,0.95450,-0.15936,-0.25616,-0.21059
1790904374358809824,-0.22600,-0.29260,0.96620,-0.20940,-0.32380,-0.26800
1790904374665028640,-0.15247,-0.30415,0.90772,-0.18740,-0.30586,-0.28830
1790904374966747744,-0.07894,-0.31570,0.84924,-0.16540,-0.28792,-0.30860
1790904375268086080,-0.00541,-0.32725,0.79076,-0.14340,-0.26998,-0.32890
1790904375569649440,0.06812,-0.33880,0.73228,-0.12140,-0.25204,-0.34920
1790904375871136640,0.14165,-0.35035,0.67380,-0.09940,-0.23410,-0.36950
1790904376173097824,0.21518,-0.36190,0.61532,-0.07740,-0.21616,-0.38980
1790904376474222272,0.28871,-0.37345,0.55684,-0.05540,-0.19822,-0.41010
1790904376775845632,0.36224,-0.38500,0.49836,-0.03340,-0.18028,-0.43040
1790904377077653792,0.43577,-0.39655,0.43988,-0.01140,-0.16234,-0.45070
1790904377378461056,0.50930,-0.40810,0.38140,0.01060,-0.14440,-0.47100
1790904377684903328,0.38198,-0.43035,0.37670,-0.01343,-0.17406,-0.39708
1790904377986191296,0.25466,-0.45260,0.37200,-0.03746,-0.20372,-0.32316
1790904378287712992,0.12734,-0.47485,0.36730,-0.06149,-0.23338,-0.24924
1790904378589241312,0.00002,-0.49710,0.36260,-0.08552,-0.26304,-0.17532
1790904378890935008,-0.12730,-0.51935,0.35790,-0.10955,-0.29270,-0.10140
1790904379192494016,-0.25462,-0.54160,0.35320,-0.13358,-0.32236,-0.02748
1790904379494142816,-0.38194,-0.56385,0.34850,-0.15761,-0.35202,0.04644
1790904379795931360,-0.50926,-0.58610,0.34380,-0.18164,-0.38168,0.12036
1790904380097187328,-0.63658,-0.60835,0.33910,-0.20567,-0.41134,0.19428
1790904380399023872,-0.76390,-0.63060,0.33440,-0.22970,-0.44100,0.26820
1790904380709721312,-0.76304,-0.64519,0.34169,-0.19518,-0.35125,0.23610
1790904381010405696,-0.76218,-0.65978,0.34898,-0.16066,-0.26150,0.20400
1790904381312029504,-0.76132,-0.67437,0.35627,-0.12614,-0.17175,0.17190
1790904381613728224,-0.76046,-0.68896,0.36356,-0.09162,-0.08200,0.13980
1790904381915945216,-0.75960,-0.70355,0.37085,-0.05710,0.00775,0.10770
1790904382216682496,-0.75874,-0.71814,0.37814,-0.02258,0.09750,0.07560
1790904382518249984,-0.75788,-0.73273,0.38543,0.01194,0.18725,0.04350
1790904382819804672,-0.75702,-0.74732,0.39272,0.04646,0.27700,0.01140
1790904383121723264,-0.75616,-0.76191,0.40001,0.08098,0.36675,-0.02070
1790904383423478784,-0.75530,-0.77650,0.40730,0.11550,0.45650,-0.05280
1790904383729602400,-0.72244,-0.76005,0.43370,0.08971,0.36126,-0.05563
1790904384030463616,-0.68958,-0.74360,0.46010,0.06392,0.26602,-0.05846
1790904384331883456,-0.65672,-0.72715,0.48650,0.03813,0.17078,-0.06129
1790904384633579520,-0.62386,-0.71070,0.51290,0.01234,0.07554,-0.06412
1790904384935566912,-0.59100,-0.69425,0.53930,-0.01345,-0.01970,-0.06695
1790904385237059008,-0.55814,-0.67780,0.56570,-0.03924,-0.11494,-0.06978
1790904385538624064,-0.52528,-0.66135,0.59210,-0.06503,-0.21018,-0.07261
1790904385840160960,-0.49242,-0.64490,0.61850,-0.09082,-0.30542,-0.07544
1790904386141827200,-0.45956,-0.62845,0.64490,-0.11661,-0.40066,-0.07827
1790904386443437632,-0.42670,-0.61200,0.67130,-0.14240,-0.49590,-0.08110
1790904386747981984,-0.43256,-0.63445,0.67410,-0.10414,-0.41227,-0.07504
1790904387049681312,-0.43842,-0.65690,0.67690,-0.06588,-0.32864,-0.06898
1790904387351580992,-0.44428,-0.67935,0.67970,-0.02762,-0.24501,-0.06292
1790904387652741024,-0.45014,-0.70180,0.68250,0.01064,-0.16138,-0.05686
1790904387954403552,-0.45600,-0.72425,0.68530,0.04890,-0.07775,-0.05080
1790904388255805536,-0.46186,-0.74670,0.68810,0.08716,0.00588,-0.04474
1790904388557402336,-0.46772,-0.76915,0.69090,0.12542,0.08951,-0.03868
1790904388858862144,-0.47358,-0.79160,0.69370,0.16368,0.17314,-0.03262
1790904389160465568,-0.47944,-0.81405,0.69650,0.20194,0.25677,-0.02656
1790904389462133728,-0.48530,-0.83650,0.69930,0.24020,0.34040,-0.02050
1790904389767827584,-0.45769,-0.80754,0.72562,0.22761,0.30791,-0.00669
1790904390069353568,-0.43008,-0.77858,0.75194,0.21502,0.27542,0.00712
1790904390370798496,-0.40247,-0.74962,0.77826,0.20243,0.24293,0.02093
1790904390672305632,-0.37486,-0.72066,0.80458,0.18984,0.21044,0.03474
1790904390973861920,-0.34725,-0.69170,0.83090,0.17725,0.17795,0.04855
1790904391275542944,-0.31964,-0.66274,0.85722,0.16466,0.14546,0.06236
1790904391577464544,-0.29203,-0.63378,0.88354,0.15207,0.11297,0.07617
1790904391878636352,-0.26442,-0.60482,0.90986,0.13948,0.08048,0.08998
1790904392180030720,-0.23681,-0.57586,0.93618,0.12689,0.04799,0.10379
1790904392481511168,-0.20920,-0.54690,0.96250,0.11430,0.01550,0.11760
1790904392787459584,-0.16380,-0.52824,0.89303,0.11251,0.05493,0.13407
1790904393088848544,-0.11840,-0.50958,0.82356,0.11072,0.09436,0.15054
1790904393390459744,-0.07300,-0.49092,0.75409,0.10893,0.13379,0.16701
1790904393692168192,-0.02760,-0.47226,0.68462,0.10714,0.17322,0.18348
1790904393993771744,0.01780,-0.45360,0.61515,0.10535,0.21265,0.19995
1790904394295317248,0.06320,-0.43494,0.54568,0.10356,0.25208,0.21642
1790904394596980352,0.10860,-0.41628,0.47621,0.10177,0.29151,0.23289
1790904394898524384,0.15400,-0.39762,0.40674,0.09998,0.33094,0.24936
1790904395200040640,0.19940,-0.37896,0.33727,0.09819,0.37037,0.26583
1790904395501521024,0.24480,-0.36030,0.26780,0.09640,0.40980,0.28230
1790904395806438528,0.16101,-0.40446,0.29230,0.10905,0.32688,0.24899
1790904396108114304,0.07722,-0.44862,0.31680,0.12170,0.24396,0.21568
1790904396409842496,-0.00657,-0.49278,0.34130,0.13435,0.16104,0.18237
1790904396711616896,-0.09036,-0.53694,0.36580,0.14700,0.07812,0.14906
1790904397013331072,-0.17415,-0.58110,0.39030,0.15965,-0.00480,0.11575
1790904397315092224,-0.25794,-0.62526,0.41480,0.17230,-0.08772,0.08244
1790904397616748640,-0.34173,-0.66942,0.43930,0.18495,-0.17064,0.04913
1790904397918490976,-0.42552,-0.71358,0.46380,0.19760,-0.25356,0.01582
1790904398220435680,-0.50931,-0.75774,0.48830,0.21025,-0.33648,-0.01749
1790904398521875136,-0.59310,-0.80190,0.51280,0.22290,-0.41940,-0.05080
1790904398826836960,-0.49377,-0.78347,0.49580,0.21796,-0.39421,-0.01564
1790904399128282432,-0.39444,-0.76504,0.47880,0.21302,-0.36902,0.01952
1790904399429912448,-0.29511,-0.74661,0.46180,0.20808,-0.34383,0.05468
1790904399731215424,-0.19578,-0.72818,0.44480,0.20314,-0.31864,0.08984
1790904400032771328,-0.09645,-0.70975,0.42780,0.19820,-0.29345,0.12500
1790904400334445632,0.00288,-0.69132,0.41080,0.19326,-0.26826,0.16016
1790904400636043776,0.10221,-0.67289,0.39380,0.18832,-0.24307,0.19532
1790904400937746208,0.20154,-0.65446,0.37680,0.18338,-0.21788,0.23048
1790904401239402624,0.30087,-0.63603,0.35980,0.17844,-0.19269,0.26564
1790904401540867936,0.40020,-0.61760,0.34280,0.17350,-0.16750,0.30080
1790904401846613184,0.38837,-0.65152,0.40048,0.17295,-0.11330,0.30051
1790904402148276032,0.37654,-0.68544,0.45816,0.17240,-0.05910,0.30022
1790904402449877184,0.36471,-0.71936,0.51584,0.17185,-0.00490,0.29993
1790904402751531424,0.35288,-0.75328,0.57352,0.17130,0.04930,0.29964
1790904403052798816,0.34105,-0.78720,0.63120,0.17075,0.10350,0.29935
1790904403354214752,0.32922,-0.82112,0.68888,0.17020,0.15770,0.29906
1790904403655714912,0.31739,-0.85504,0.74656,0.16965,0.21190,0.29877
1790904403957315296,0.30556,-0.88896,0.80424,0.16910,0.26610,0.29848
1790904404259028192,0.29373,-0.92288,0.86192,0.16855,0.32030,0.29819
1790904404560492384,0.28190,-0.95680,0.91960,0.16800,0.37450,0.29790
1790904404867367168,0.32918,-0.92945,0.87975,0.17801,0.35953,0.23511
1790904405167283552,0.37646,-0.90210,0.83990,0.18802,0.34456,0.17232
1790904405468765856,0.42374,-0.87475,0.80005,0.19803,0.32959,0.10953
1790904405770149728,0.47102,-0.84740,0.76020,0.20804,0.31462,0.04674
1790904406071615392,0.51830,-0.82005,0.72035,0.21805,0.29965,-0.01605
1790904406373193248,0.56558,-0.79270,0.68050,0.22806,0.28468,-0.07884
1790904406674613632,0.61286,-0.76535,0.64065,0.23807,0.26971,-0.14163
1790904406976236960,0.66014,-0.73800,0.60080,0.24808,0.25474,-0.20442
1790904407277678016,0.70742,-0.71065,0.56095,0.25809,0.23977,-0.26721
1790904407579280992,0.75470,-0.68330,0.52110,0.26810,0.22480,-0.33000
1790904407885162880,0.66201,-0.68305,0.49727,0.24935,0.15854,-0.34027
1790904408186589888,0.56932,-0.68280,0.47344,0.23060,0.09228,-0.35054
1790904408488109984,0.47663,-0.68255,0.44961,0.21185,0.02602,-0.36081
1790904408789632704,0.38394,-0.68230,0.42578,0.19310,-0.04024,-0.37108
1790904409091077632,0.29125,-0.68205,0.40195,0.17435,-0.10650,-0.38135
1790904409393631904,0.19856,-0.68180,0.37812,0.15560,-0.17276,-0.39162
1790904409694616480,0.10587,-0.68155,0.35429,0.13685,-0.23902,-0.40189
1790904409996346624,0.01318,-0.68130,0.33046,0.11810,-0.30528,-0.41216
1790904410297941024,-0.07951,-0.68105,0.30663,0.09935,-0.37154,-0.42243
1790904410599736288,-0.17220,-0.68080,0.28280,0.08060,-0.43780,-0.43270
1790904410905743552,-0.21465,-0.70063,0.34691,0.09093,-0.42940,-0.35678
1790904411207572896,-0.25710,-0.72046,0.41102,0.10126,-0.42100,-0.28086
1790904411509424160,-0.29955,-0.74029,0.47513,0.11159,-0.41260,-0.20494
1790904411810701536,-0.34200,-0.76012,0.53924,0.12192,-0.40420,-0.12902
1790904412112345792,-0.38445,-0.77995,0.60335,0.13225,-0.39580,-0.05310
1790904412413868576,-0.42690,-0.79978,0.66746,0.14258,-0.38740,0.02282
1790904412715410880,-0.46935,-0.81961,0.73157,0.15291,-0.37900,0.09874
1790904413017096512,-0.51180,-0.83944,0.79568,0.16324,-0.37060,0.17466
1790904413318473728,-0.55425,-0.85927,0.85979,0.17357,-0.36220,0.25058
1790904413619992448,-0.59670,-0.87910,0.92390,0.18390,-0.35380,0.32650
1790904413926327520,-0.52912,-0.82052,0.91705,0.18735,-0.34058,0.28538
1790904414227753184,-0.46154,-0.76194,0.91020,0.19080,-0.32736,0.24426
1790904414529378656,-0.39396,-0.70336,0.90335,0.19425,-0.31414,0.20314
1790904414830946208,-0.32638,-0.64478,0.89650,0.19770,-0.30092,0.16202
1790904415132362848,-0.25880,-0.58620,0.88965,0.20115,-0.28770,0.12090
1790904415434106752,-0.19122,-0.52762,0.88280,0.20460,-0.27448,0.07978
1790904415735606176,-0.12364,-0.46904,0.87595,0.20805,-0.26126,0.03866
1790904416037030240,-0.05606,-0.41046,0.86910,0.21150,-0.24804,-0.00246
1790904416338759232,0.01152,-0.35188,0.86225,0.21495,-0.23482,-0.04358
1790904416640389152,0.07910,-0.29330,0.85540,0.21840,-0.22160,-0.08470
1790904416945180288,0.12337,-0.34709,0.81001,0.18414,-0.22539,-0.06759
1790904417246857728,0.16764,-0.40088,0.76462,0.14988,-0.22918,-0.05048
1790904417548489568,0.21191,-0.45467,0.71923,0.11562,-0.23297,-0.03337
1790904417849698496,0.25618,-0.50846,0.67384,0.08136,-0.23676,-0.01626
1790904418151047904,0.30045,-0.56225,0.62845,0.04710,-0.24055,0.00085
1790904418452611040,0.34472,-0.61604,0.58306,0.01284,-0.24434,0.01796
1790904418754007008,0.38899,-0.66983,0.53767,-0.02142,-0.24813,0.03507
1790904419055241952,0.43326,-0.72362,0.49228,-0.05568,-0.25192,0.05218
1790904419356823776,0.47753,-0.77741,0.44689,-0.08994,-0.25571,0.06929
1790904419658212512,0.52180,-0.83120,0.40150,-0.12420,-0.25950,0.08640
1790904419963395392,0.42302,-0.83510,0.40855,-0.13863,-0.28353,0.04289
1790904420264270912,0.32424,-0.83900,0.41560,-0.15306,-0.30756,-0.00062
1790904420565955520,0.22546,-0.84290,0.42265,-0.16749,-0.33159,-0.04413
1790904420867253664,0.12668,-0.84680,0.42970,-0.18192,-0.35562,-0.08764
1790904421168612000,0.02790,-0.85070,0.43675,-0.19635,-0.37965,-0.13115
1790904421470373728,-0.07088,-0.85460,0.44380,-0.21078,-0.40368,-0.17466
1790904421772199168,-0.16966,-0.85850,0.45085,-0.22521,-0.42771,-0.21817
1790904422073729472,-0.26844,-0.86240,0.45790,-0.23964,-0.45174,-0.26168
1790904422375496928,-0.36722,-0.86630,0.46495,-0.25407,-0.47577,-0.30519
1790904422677136224,-0.46600,-0.87020,0.47200,-0.26850,-0.49980,-0.34870
1790904422983357472,-0.44200,-0.81244,0.52142,-0.26259,-0.48220,-0.34063
1790904423284614432,-0.41800,-0.75468,0.57084,-0.25668,-0.46460,-0.33256
1790904423585937376,-0.39400,-0.69692,0.62026,-0.25077,-0.44700,-0.32449
1790904423887450816,-0.37000,-0.63916,0.66968,-0.24486,-0.42940,-0.31642
1790904424189183104,-0.34600,-0.58140,0.71910,-0.23895,-0.41180,-0.30835
1790904424490607872,-0.32200,-0.52364,0.76852,-0.23304,-0.39420,-0.30028
1790904424792274944,-0.29800,-0.46588,0.81794,-0.22713,-0.37660,-0.29221
1790904425093518848,-0.27400,-0.40812,0.86736,-0.22122,-0.35900,-0.28414
1790904425394947584,-0.25000,-0.35036,0.91678,-0.21531,-0.34140,-0.27607
1790904425696525216,-0.22600,-0.29260,0.96620,-0.20940,-0.32380,-0.26800
1790904426000419232,-0.26717,-0.33425,0.89162,-0.16600,-0.28001,-0.27634
1790904426302001152,-0.30834,-0.37590,0.81704,-0.12260,-0.23622,-0.28468
1790904426603660928,-0.34951,-0.41755,0.74246,-0.07920,-0.19243,-0.29302
1790904426905352128,-0.39068,-0.45920,0.66788,-0.03580,-0.14864,-0.30136
1790904427206486112,-0.43185,-0.50085,0.59330,0.00760,-0.10485,-0.30970
1790904427507892832,-0.47302,-0.54250,0.51872,0.05100,-0.06106,-0.31804
1790904427809532064,-0.51419,-0.58415,0.44414,0.09440,-0.01727,-0.32638
1790904428111001312,-0.55536,-0.62580,0.36956,0.13780,0.02652,-0.33472
1790904428412638496,-0.59653,-0.66745,0.29498,0.18120,0.07031,-0.34306
1790904428714295584,-0.63770,-0.70910,0.22040,0.22460,0.11410,-0.35140
1790904429020037952,-0.61660,-0.69939,0.26549,0.18790,0.05310,-0.32437
1790904429321786336,-0.59550,-0.68968,0.31058,0.15120,-0.00790,-0.29734
1790904429623276832,-0.57440,-0.67997,0.35567,0.11450,-0.06890,-0.27031
1790904429924876608,-0.55330,-0.67026,0.40076,0.07780,-0.12990,-0.24328
1790904430226972608,-0.53220,-0.66055,0.44585,0.04110,-0.19090,-0.21625
1790904430529071456,-0.51110,-0.65084,0.49094,0.00440,-0.25190,-0.18922
1790904430830991488,-0.49000,-0.64113,0.53603,-0.03230,-0.31290,-0.16219
1790904431132929280,-0.46890,-0.63142,0.58112,-0.06900,-0.37390,-0.13516
1790904431434641056,-0.44780,-0.62171,0.62621,-0.10570,-0.43490,-0.10813
1790904431736264608,-0.42670,-0.61200,0.67130,-0.14240,-0.49590,-0.08110
1790904432041264672,-0.42367,-0.62301,0.65330,-0.15079,-0.41142,-0.02368
1790904432343145568,-0.42064,-0.63402,0.63530,-0.15918,-0.32694,0.03374
1790904432644713856,-0.41761,-0.64503,0.61730,-0.16757,-0.24246,0.09116
1790904432946406048,-0.41458,-0.65604,0.59930,-0.17596,-0.15798,0.14858
1790904433249098240,-0.41155,-0.66705,0.58130,-0.18435,-0.07350,0.20600
1790904433550307488,-0.40852,-0.67806,0.56330,-0.19274,0.01098,0.26342
1790904433851602944,-0.40549,-0.68907,0.54530,-0.20113,0.09546,0.32084
1790904434153165088,-0.40246,-0.70008,0.52730,-0.20952,0.17994,0.37826
1790904434454690016,-0.39943,-0.71109,0.50930,-0.21791,0.26442,0.43568
1790904434756046208,-0.39640,-0.72210,0.49130,-0.22630,0.34890,0.49310
1790904435061791584,-0.37768,-0.70458,0.53842,-0.19224,0.31556,0.45555
1790904435363316256,-0.35896,-0.68706,0.58554,-0.15818,0.28222,0.41800
1790904435664823904,-0.34024,-0.66954,0.63266,-0.12412,0.24888,0.38045
1790904435966441312,-0.32152,-0.65202,0.67978,-0.09006,0.21554,0.34290
1790904436268234592,-0.30280,-0.63450,0.72690,-0.05600,0.18220,0.30535
1790904436569781152,-0.28408,-0.61698,0.77402,-0.02194,0.14886,0.26780
1790904436871638208,-0.26536,-0.59946,0.82114,0.01212,0.11552,0.23025
1790904437173517440,-0.24664,-0.58194,0.86826,0.04618,0.08218,0.19270
1790904437475047200,-0.22792,-0.56442,0.91538,0.08024,0.04884,0.15515
1790904437776765088,-0.20920,-0.54690,0.96250,0.11430,0.01550,0.11760
1790904438082478592,-0.19372,-0.55350,0.89312,0.07900,-0.00179,0.08232
1790904438384586208,-0.17824,-0.56010,0.82374,0.04370,-0.01908,0.04704
1790904438686390496,-0.16276,-0.56670,0.75436,0.00840,-0.03637,0.01176
1790904438987879904,-0.14728,-0.57330,0.68498,-0.02690,-0.05366,-0.02352
1790904439289617216,-0.13180,-0.57990,0.61560,-0.06220,-0.07095,-0.05880
1790904439591353408,-0.11632,-0.58650,0.54622,-0.09750,-0.08824,-0.09408
1790904439893463072,-0.10084,-0.59310,0.47684,-0.13280,-0.10553,-0.12936
1790904440195369248,-0.08536,-0.59970,0.40746,-0.16810,-0.12282,-0.16464
1790904440496737280,-0.06988,-0.60630,0.33808,-0.20340,-0.14011,-0.19992
1790904440798544192,-0.05440,-0.61290,0.26870,-0.23870,-0.15740,-0.23520
1790904441104845760,-0.02077,-0.64729,0.33379,-0.19803,-0.10421,-0.18189
1790904441406731648,0.01286,-0.68168,0.39888,-0.15736,-0.05102,-0.12858
1790904441708330240,0.04649,-0.71607,0.46397,-0.11669,0.00217,-0.07527
1790904442009934208,0.08012,-0.75046,0.52906,-0.07602,0.05536,-0.02196
1790904442311822784,0.11375,-0.78485,0.59415,-0.03535,0.10855,0.03135
1790904442613434272,0.14738,-0.81924,0.65924,0.00532,0.16174,0.08466
1790904442914886816,0.18101,-0.85363,0.72433,0.04599,0.21493,0.13797
1790904443216527840,0.21464,-0.88802,0.78942,0.08666,0.26812,0.19128
1790904443518383392,0.24827,-0.92241,0.85451,0.12733,0.32131,0.24459
1790904443819759200,0.28190,-0.95680,0.91960,0.16800,0.37450,0.29790
1790904444126241472,0.30633,-0.94820,0.84949,0.17826,0.33988,0.23277
1790904444427529696,0.33076,-0.93960,0.77938,0.18852,0.30526,0.16764
1790904444729143360,0.35519,-0.93100,0.70927,0.19878,0.27064,0.10251
1790904445030467744,0.37962,-0.92240,0.63916,0.20904,0.23602,0.03738
1790904445331831968,0.40405,-0.91380,0.56905,0.21930,0.20140,-0.02775
1790904445633407744,0.42848,-0.90520,0.49894,0.22956,0.16678,-0.09288
1790904445935049696,0.45291,-0.89660,0.42883,0.23982,0.13216,-0.15801
1790904446236546016,0.47734,-0.88800,0.35872,0.25008,0.09754,-0.22314
1790904446538132704,0.50177,-0.87940,0.28861,0.26034,0.06292,-0.28827
1790904446839746976,0.52620,-0.87080,0.21850,0.27060,0.02830,-0.35340
1790904447144958688,0.45636,-0.85180,0.22493,0.25160,-0.01831,-0.36133
1790904447448272352,0.38652,-0.83280,0.23136,0.23260,-0.06492,-0.36926
1790904447747488288,0.31668,-0.81380,0.23779,0.21360,-0.11153,-0.37719
1790904448049000064,0.24684,-0.79480,0.24422,0.19460,-0.15814,-0.38512
1790904448350655680,0.17700,-0.77580,0.25065,0.17560,-0.20475,-0.39305
1790904448651520672,0.10716,-0.75680,0.25708,0.15660,-0.25136,-0.40098
1790904448953026112,0.03732,-0.73780,0.26351,0.13760,-0.29797,-0.40891
1790904449254373760,-0.03252,-0.71880,0.26994,0.11860,-0.34458,-0.41684
1790904449555977088,-0.10236,-0.69980,0.27637,0.09960,-0.39119,-0.42477
1790904449857174016,-0.17220,-0.68080,0.28280,0.08060,-0.43780,-0.43270
1790904450163416864,-0.14807,-0.71056,0.31677,0.10125,-0.35769,-0.36981
1790904450464747456,-0.12394,-0.74032,0.35074,0.12190,-0.27758,-0.30692
1790904450766743456,-0.09981,-0.77008,0.38471,0.14255,-0.19747,-0.24403
1790904451068262144,-0.07568,-0.79984,0.41868,0.16320,-0.11736,-0.18114
1790904451370046208,-0.05155,-0.82960,0.45265,0.18385,-0.03725,-0.11825
1790904451671638784,-0.02742,-0.85936,0.48662,0.20450,0.04286,-0.05536
1790904451972910368,-0.00329,-0.88912,0.52059,0.22515,0.12297,0.00753
1790904452274298784,0.02084,-0.91888,0.55456,0.24580,0.20308,0.07042
1790904452575720032,0.04497,-0.94864,0.58853,0.26645,0.28319,0.13331
1790904452877104896,0.06910,-0.97840,0.62250,0.28710,0.36330,0.19620
1790904453182941024,0.01559,-0.96758,0.60745,0.23154,0.27699,0.14171
1790904453484403968,-0.03792,-0.95676,0.59240,0.17598,0.19068,0.08722
1790904453785988416,-0.09143,-0.94594,0.57735,0.12042,0.10437,0.03273
1790904454087356672,-0.14494,-0.93512,0.56230,0.06486,0.01806,-0.02176
1790904454389140608,-0.19845,-0.92430,0.54725,0.00930,-0.06825,-0.07625
1790904454690590560,-0.25196,-0.91348,0.53220,-0.04626,-0.15456,-0.13074
1790904454992200256,-0.30547,-0.90266,0.51715,-0.10182,-0.24087,-0.18523
1790904455293759200,-0.35898,-0.89184,0.50210,-0.15738,-0.32718,-0.23972
1790904455595347552,-0.41249,-0.88102,0.48705,-0.21294,-0.41349,-0.29421
1790904455896922624,-0.46600,-0.87020,0.47200,-0.26850,-0.49980,-0.34870
1790904456201268736,-0.45762,-0.85384,0.45816,-0.22533,-0.44656,-0.28592
1790904456503014112,-0.44924,-0.83748,0.44432,-0.18216,-0.39332,-0.22314
1790904456804586208,-0.44086,-0.82112,0.43048,-0.13899,-0.34008,-0.16036
1790904457106183488,-0.43248,-0.80476,0.41664,-0.09582,-0.28684,-0.09758
1790904457407792672,-0.42410,-0.78840,0.40280,-0.05265,-0.23360,-0.03480
1790904457709394016,-0.41572,-0.77204,0.38896,-0.00948,-0.18036,0.02798
1790904458011112608,-0.40734,-0.75568,0.37512,0.03369,-0.12712,0.09076
1790904458312663968,-0.39896,-0.73932,0.36128,0.07686,-0.07388,0.15354
1790904458614399744,-0.39058,-0.72296,0.34744,0.12003,-0.02064,0.21632
1790904458915999456,-0.38220,-0.70660,0.33360,0.16320,0.03260,0.27910
1790904459222146464,-0.40775,-0.70685,0.32228,0.16934,0.04075,0.21605
1790904459523768032,-0.43330,-0.70710,0.31096,0.17548,0.04890,0.15300
1790904459825353824,-0.45885,-0.70735,0.29964,0.18162,0.05705,0.08995
1790904460126999712,-0.48440,-0.70760,0.28832,0.18776,0.06520,0.02690
1790904460428629792,-0.50995,-0.70785,0.27700,0.19390,0.07335,-0.03615
1790904460730256192,-0.53550,-0.70810,0.26568,0.20004,0.08150,-0.09920
1790904461031839392,-0.56105,-0.70835,0.25436,0.20618,0.08965,-0.16225
1790904461333625792,-0.58660,-0.70860,0.24304,0.21232,0.09780,-0.22530
1790904461635482656,-0.61215,-0.70885,0.23172,0.21846,0.10595,-0.28835
1790904461936770688,-0.63770,-0.70910,0.22040,0.22460,0.11410,-0.35140
1790904462241834432,-0.60118,-0.72035,0.28328,0.23124,0.13795,-0.28565
1790904462543362688,-0.56466,-0.73160,0.34616,0.23788,0.16180,-0.21990
1790904462844888544,-0.52814,-0.74285,0.40904,0.24452,0.18565,-0.15415
1790904463146671808,-0.49162,-0.75410,0.47192,0.25116,0.20950,-0.08840
1790904463450054976,-0.45510,-0.76535,0.53480,0.25780,0.23335,-0.02265
1790904463752458560,-0.41858,-0.77660,0.59768,0.26444,0.25720,0.04310
1790904464053848512,-0.38206,-0.78785,0.66056,0.27108,0.28105,0.10885
1790904464355602976,-0.34554,-0.79910,0.72344,0.27772,0.30490,0.17460
1790904464657150880,-0.30902,-0.81035,0.78632,0.28436,0.32875,0.24035
1790904464959305504,-0.27250,-0.82160,0.84920,0.29100,0.35260,0.30610
1790904465265320736,-0.28489,-0.81165,0.81341,0.23927,0.35223,0.32480
1790904465566880736,-0.29728,-0.80170,0.77762,0.18754,0.35186,0.34350
1790904465867939968,-0.30967,-0.79175,0.74183,0.13581,0.35149,0.36220
1790904466169831904,-0.32206,-0.78180,0.70604,0.08408,0.35112,0.38090
1790904466471143392,-0.33445,-0.77185,0.67025,0.03235,0.35075,0.39960
1790904466772667360,-0.34684,-0.76190,0.63446,-0.01938,0.35038,0.41830
1790904467074223488,-0.35923,-0.75195,0.59867,-0.07111,0.35001,0.43700
1790904467375717152,-0.37162,-0.74200,0.56288,-0.12284,0.34964,0.45570
1790904467676931296,-0.38401,-0.73205,0.52709,-0.17457,0.34927,0.47440
1790904467978456192,-0.39640,-0.72210,0.49130,-0.22630,0.34890,0.49310
1790904468284352480,-0.30583,-0.69070,0.48031,-0.20261,0.29957,0.39669
1790904468585933664,-0.21526,-0.65930,0.46932,-0.17892,0.25024,0.30028
1790904468887119072,-0.12469,-0.62790,0.45833,-0.15523,0.20091,0.20387
1790904469188869984,-0.03412,-0.59650,0.44734,-0.13154,0.15158,0.10746
1790904469490711360,0.05645,-0.56510,0.43635,-0.10785,0.10225,0.01105
1790904469792227744,0.14702,-0.53370,0.42536,-0.08416,0.05292,-0.08536
1790904470094027744,0.23759,-0.50230,0.41437,-0.06047,0.00359,-0.18177
1790904470395176288,0.32816,-0.47090,0.40338,-0.03678,-0.04574,-0.27818
1790904470696949920,0.41873,-0.43950,0.39239,-0.01309,-0.09507,-0.37459
1790904470998392544,0.50930,-0.40810,0.38140,0.01060,-0.14440,-0.47100
1790904471301540448,0.45293,-0.42858,0.37013,-0.01433,-0.14570,-0.44742
1790904471602667840,0.39656,-0.44906,0.35886,-0.03926,-0.14700,-0.42384
1790904471904118624,0.34019,-0.46954,0.34759,-0.06419,-0.14830,-0.40026
1790904472205642528,0.28382,-0.49002,0.33632,-0.08912,-0.14960,-0.37668
1790904472507390144,0.22745,-0.51050,0.32505,-0.11405,-0.15090,-0.35310
1790904472808888160,0.17108,-0.53098,0.31378,-0.13898,-0.15220,-0.32952
1790904473110323264,0.11471,-0.55146,0.30251,-0.16391,-0.15350,-0.30594
1790904473411973888,0.05834,-0.57194,0.29124,-0.18884,-0.15480,-0.28236
1790904473713364960,0.00197,-0.59242,0.27997,-0.21377,-0.15610,-0.25878
1790904474014855392,-0.05440,-0.61290,0.26870,-0.23870,-0.15740,-0.23520
1790904474320507968,-0.12449,-0.62926,0.28256,-0.20328,-0.09601,-0.21696
1790904474621929376,-0.19458,-0.64562,0.29642,-0.16786,-0.03462,-0.19872
1790904474923122848,-0.26467,-0.66198,0.31028,-0.13244,0.02677,-0.18048
1790904475224653056,-0.33476,-0.67834,0.32414,-0.09702,0.08816,-0.16224
1790904475526290944,-0.40485,-0.69470,0.33800,-0.06160,0.14955,-0.14400
1790904475827869312,-0.47494,-0.71106,0.35186,-0.02618,0.21094,-0.12576
1790904476129316480,-0.54503,-0.72742,0.36572,0.00924,0.27233,-0.10752
1790904476430774144,-0.61512,-0.74378,0.37958,0.04466,0.33372,-0.08928
1790904476732298080,-0.68521,-0.76014,0.39344,0.08008,0.39511,-0.07104
1790904477033915904,-0.75530,-0.77650,0.40730,0.11550,0.45650,-0.05280
1790904477338676000,-0.62715,-0.78593,0.38842,0.13101,0.41368,-0.08286
1790904477640326464,-0.49900,-0.79536,0.36954,0.14652,0.37086,-0.11292
1790904477941981984,-0.37085,-0.80479,0.35066,0.16203,0.32804,-0.14298
1790904478243711520,-0.24270,-0.81422,0.33178,0.17754,0.28522,-0.17304
1790904478545370304,-0.11455,-0.82365,0.31290,0.19305,0.24240,-0.20310
1790904478847856704,0.01360,-0.83308,0.29402,0.20856,0.19958,-0.23316
1790904479149728160,0.14175,-0.84251,0.27514,0.22407,0.15676,-0.26322
1790904479450905920,0.26990,-0.85194,0.25626,0.23958,0.11394,-0.29328
1790904479752546816,0.39805,-0.86137,0.23738,0.25509,0.07112,-0.32334
1790904480053948256,0.52620,-0.87080,0.21850,0.27060,0.02830,-0.35340
1790904480359533888,0.54350,-0.80468,0.29305,0.23542,-0.00248,-0.34538
1790904480660757984,0.56080,-0.73856,0.36760,0.20024,-0.03326,-0.33736
1790904480962622976,0.57810,-0.67244,0.44215,0.16506,-0.06404,-0.32934
1790904481264173568,0.59540,-0.60632,0.51670,0.12988,-0.09482,-0.32132
1790904481565832768,0.61270,-0.54020,0.59125,0.09470,-0.12560,-0.31330
1790904481867751392,0.63000,-0.47408,0.66580,0.05952,-0.15638,-0.30528
1790904482169455424,0.64730,-0.40796,0.74035,0.02434,-0.18716,-0.29726
1790904482470941248,0.66460,-0.34184,0.81490,-0.01084,-0.21794,-0.28924
1790904482772528320,0.68190,-0.27572,0.88945,-0.04602,-0.24872,-0.28122
1790904483073937344,0.69920,-0.20960,0.96400,-0.08120,-0.27950,-0.27320
1790904483380158560,0.63619,-0.28648,0.92985,-0.04437,-0.21522,-0.22626
1790904483681873696,0.57318,-0.36336,0.89570,-0.00754,-0.15094,-0.17932
1790904483983288384,0.51017,-0.44024,0.86155,0.02929,-0.08666,-0.13238
1790904484284932608,0.44716,-0.51712,0.82740,0.06612,-0.02238,-0.08544
1790904484586552992,0.38415,-0.59400,0.79325,0.10295,0.04190,-0.03850
1790904484888069888,0.32114,-0.67088,0.75910,0.13978,0.10618,0.00844
1790904485189443936,0.25813,-0.74776,0.72495,0.17661,0.17046,0.05538
1790904485491103232,0.19512,-0.82464,0.69080,0.21344,0.23474,0.10232
1790904485792751296,0.13211,-0.90152,0.65665,0.25027,0.29902,0.14926
1790904486094458496,0.06910,-0.97840,0.62250,0.28710,0.36330,0.19620
1790904486400797632,0.01366,-0.96421,0.63018,0.28241,0.36101,0.17453
1790904486701693184,-0.04178,-0.95002,0.63786,0.27772,0.35872,0.15286
1790904487003318976,-0.09722,-0.93583,0.64554,0.27303,0.35643,0.13119
1790904487305075552,-0.15266,-0.92164,0.65322,0.26834,0.35414,0.10952
1790904487606421728,-0.20810,-0.90745,0.66090,0.26365,0.35185,0.08785
1790904487907719200,-0.26354,-0.89326,0.66858,0.25896,0.34956,0.06618
1790904488209428096,-0.31898,-0.87907,0.67626,0.25427,0.34727,0.04451
1790904488510830560,-0.37442,-0.86488,0.68394,0.24958,0.34498,0.02284
1790904488812351936,-0.42986,-0.85069,0.69162,0.24489,0.34269,0.00117
1790904489114009088,-0.48530,-0.83650,0.69930,0.24020,0.34040,-0.02050
1790904489418734592,-0.47499,-0.82351,0.66273,0.23250,0.30962,0.00946
1790904489720193408,-0.46468,-0.81052,0.62616,0.22480,0.27884,0.03942
1790904490022041984,-0.45437,-0.79753,0.58959,0.21710,0.24806,0.06938
1790904490325331328,-0.44406,-0.78454,0.55302,0.20940,0.21728,0.09934
1790904490624664320,-0.43375,-0.77155,0.51645,0.20170,0.18650,0.12930
1790904490926353600,-0.42344,-0.75856,0.47988,0.19400,0.15572,0.15926
1790904491228108736,-0.41313,-0.74557,0.44331,0.18630,0.12494,0.18922
1790904491529448032,-0.40282,-0.73258,0.40674,0.17860,0.09416,0.21918
1790904491831030880,-0.39251,-0.71959,0.37017,0.17090,0.06338,0.24914
1790904492132860928,-0.38220,-0.70660,0.33360,0.16320,0.03260,0.27910
1790904492438472032,-0.31950,-0.67197,0.32702,0.15652,0.07032,0.27942
1790904492739703776,-0.25680,-0.63734,0.32044,0.14984,0.10804,0.27974
1790904493041190336,-0.19410,-0.60271,0.31386,0.14316,0.14576,0.28006
1790904493342692896,-0.13140,-0.56808,0.30728,0.13648,0.18348,0.28038
1790904493644243008,-0.06870,-0.53345,0.30070,0.12980,0.22120,0.28070
1790904493945635264,-0.00600,-0.49882,0.29412,0.12312,0.25892,0.28102
1790904494247800832,0.05670,-0.46419,0.28754,0.11644,0.29664,0.28134
1790904494549362880,0.11940,-0.42956,0.28096,0.10976,0.33436,0.28166
1790904494850739552,0.18210,-0.39493,0.27438,0.10308,0.37208,0.28198
1790904495152268736,0.24480,-0.36030,0.26780,0.09640,0.40980,0.28230
1790904495458093472,0.19307,-0.40643,0.32594,0.11586,0.40408,0.28468
1790904495759190816,0.14134,-0.45256,0.38408,0.13532,0.39836,0.28706
1790904496060725504,0.08961,-0.49869,0.44222,0.15478,0.39264,0.28944
1790904496362359616,0.03788,-0.54482,0.50036,0.17424,0.38692,0.29182
1790904496663785824,-0.01385,-0.59095,0.55850,0.19370,0.38120,0.29420
1790904496965332544,-0.06558,-0.63708,0.61664,0.21316,0.37548,0.29658
1790904497266807776,-0.11731,-0.68321,0.67478,0.23262,0.36976,0.29896
1790904497568229920,-0.16904,-0.72934,0.73292,0.25208,0.36404,0.30134
1790904497869898528,-0.22077,-0.77547,0.79106,0.27154,0.35832,0.30372
1790904498171587040,-0.27250,-0.82160,0.84920,0.29100,0.35260,0.30610
1790904498476349728,-0.20523,-0.80120,0.79856,0.27925,0.30059,0.30557
1790904498777797184,-0.13796,-0.78080,0.74792,0.26750,0.24858,0.30504
1790904499079467264,-0.07069,-0.76040,0.69728,0.25575,0.19657,0.30451
1790904499380931456,-0.00342,-0.74000,0.64664,0.24400,0.14456,0.30398
1790904499682450688,0.06385,-0.71960,0.59600,0.23225,0.09255,0.30345
1790904499984195136,0.13112,-0.69920,0.54536,0.22050,0.04054,0.30292
1790904500285516704,0.19839,-0.67880,0.49472,0.20875,-0.01147,0.30239
1790904500587084672,0.26566,-0.65840,0.44408,0.19700,-0.06348,0.30186
1790904500888708768,0.33293,-0.63800,0.39344,0.18525,-0.11549,0.30133
1790904501190345600,0.40020,-0.61760,0.34280,0.17350,-0.16750,0.30080
1790904501496030016,0.41111,-0.59665,0.34666,0.15721,-0.16519,0.22362
1790904501797804064,0.42202,-0.57570,0.35052,0.14092,-0.16288,0.14644
1790904502099271360,0.43293,-0.55475,0.35438,0.12463,-0.16057,0.06926
1790904502400843040,0.44384,-0.53380,0.35824,0.10834,-0.15826,-0.00792
1790904502702441024,0.45475,-0.51285,0.36210,0.09205,-0.15595,-0.08510
1790904503004133440,0.46566,-0.49190,0.36596,0.07576,-0.15364,-0.16228
1790904503305953440,0.47657,-0.47095,0.36982,0.05947,-0.15133,-0.23946
1790904503607691808,0.48748,-0.45000,0.37368,0.04318,-0.14902,-0.31664
1790904503909124928,0.49839,-0.42905,0.37754,0.02689,-0.14671,-0.39382
1790904504210700768,0.50930,-0.40810,0.38140,0.01060,-0.14440,-0.47100
1790904504514250240,0.53384,-0.43562,0.39537,0.03635,-0.10748,-0.45690
1790904504815681952,0.55838,-0.46314,0.40934,0.06210,-0.07056,-0.44280
1790904505117344384,0.58292,-0.49066,0.42331,0.08785,-0.03364,-0.42870
1790904505419004928,0.60746,-0.51818,0.43728,0.11360,0.00328,-0.41460
1790904505720366400,0.63200,-0.54570,0.45125,0.13935,0.04020,-0.40050
1790904506021962080,0.65654,-0.57322,0.46522,0.16510,0.07712,-0.38640
1790904506323515776,0.68108,-0.60074,0.47919,0.19085,0.11404,-0.37230
1790904506624948160,0.70562,-0.62826,0.49316,0.21660,0.15096,-0.35820
1790904506926321920,0.73016,-0.65578,0.50713,0.24235,0.18788,-0.34410
1790904507227910688,0.75470,-0.68330,0.52110,0.26810,0.22480,-0.33000
1790904507532738272,0.74915,-0.63593,0.56539,0.23317,0.17437,-0.32432
1790904507834261824,0.74360,-0.58856,0.60968,0.19824,0.12394,-0.31864
1790904508135676704,0.73805,-0.54119,0.65397,0.16331,0.07351,-0.31296
1790904508437226368,0.73250,-0.49382,0.69826,0.12838,0.02308,-0.30728
1790904508738975040,0.72695,-0.44645,0.74255,0.09345,-0.02735,-0.30160
1790904509040256384,0.72140,-0.39908,0.78684,0.05852,-0.07778,-0.29592
1790904509342037408,0.71585,-0.35171,0.83113,0.02359,-0.12821,-0.29024
1790904509643411584,0.71030,-0.30434,0.87542,-0.01134,-0.17864,-0.28456
1790904509945240800,0.70475,-0.25697,0.91971,-0.04627,-0.22907,-0.27888
1790904510246455008,0.69920,-0.20960,0.96400,-0.08120,-0.27950,-0.27320
1790904510553227968,0.70613,-0.23606,0.91563,-0.07016,-0.28845,-0.29446
1790904510854451584,0.71306,-0.26252,0.86726,-0.05912,-0.29740,-0.31572
1790904511155901120,0.71999,-0.28898,0.81889,-0.04808,-0.30635,-0.33698
1790904511457206112,0.72692,-0.31544,0.77052,-0.03704,-0.31530,-0.35824
1790904511758637696,0.73385,-0.34190,0.72215,-0.02600,-0.32425,-0.37950
1790904512060131200,0.74078,-0.36836,0.67378,-0.01496,-0.33320,-0.40076
1790904512361673120,0.74771,-0.39482,0.62541,-0.00392,-0.34215,-0.42202
1790904512663073760,0.75464,-0.42128,0.57704,0.00712,-0.35110,-0.44328
1790904512965158304,0.76157,-0.44774,0.52867,0.01816,-0.36005,-0.46454
1790904513266888288,0.76850,-0.47420,0.48030,0.02920,-0.36900,-0.48580
1790904513571655392,0.64312,-0.51043,0.50220,0.05030,-0.29806,-0.43927
1790904513873238496,0.51774,-0.54666,0.52410,0.07140,-0.22712,-0.39274
1790904514174673792,0.39236,-0.58289,0.54600,0.09250,-0.15618,-0.34621
1790904514476270912,0.26698,-0.61912,0.56790,0.11360,-0.08524,-0.29968
1790904514778008416,0.14160,-0.65535,0.58980,0.13470,-0.01430,-0.25315
1790904515079637824,0.01622,-0.69158,0.61170,0.15580,0.05664,-0.20662
1790904515381268768,-0.10916,-0.72781,0.63360,0.17690,0.12758,-0.16009
1790904515682792576,-0.23454,-0.76404,0.65550,0.19800,0.19852,-0.11356
1790904515984463680,-0.35992,-0.80027,0.67740,0.21910,0.26946,-0.06703
1790904516286039264,-0.48530,-0.83650,0.69930,0.24020,0.34040,-0.02050
1790904516591944864,-0.36143,-0.80088,0.69150,0.24220,0.29974,0.01872
1790904516893137312,-0.23756,-0.76526,0.68370,0.24420,0.25908,0.05794
1790904517194664096,-0.11369,-0.72964,0.67590,0.24620,0.21842,0.09716
1790904517496366848,0.01018,-0.69402,0.66810,0.24820,0.17776,0.13638
1790904517798024800,0.13405,-0.65840,0.66030,0.25020,0.13710,0.17560
1790904518099555008,0.25792,-0.62278,0.65250,0.25220,0.09644,0.21482
1790904518401777536,0.38179,-0.58716,0.64470,0.25420,0.05578,0.25404
1790904518703224800,0.50566,-0.55154,0.63690,0.25620,0.01512,0.29326
1790904519004899840,0.62953,-0.51592,0.62910,0.25820,-0.02554,0.33248
1790904519306611200,0.75340,-0.48030,0.62130,0.26020,-0.06620,0.37170
1790904519612271104,0.70254,-0.46830,0.58595,0.24382,-0.01860,0.36276
1790904519913606464,0.65168,-0.45630,0.55060,0.22744,0.02900,0.35382
1790904520215144064,0.60082,-0.44430,0.51525,0.21106,0.07660,0.34488
1790904520516712608,0.54996,-0.43230,0.47990,0.19468,0.12420,0.33594
1790904520818084384,0.49910,-0.42030,0.44455,0.17830,0.17180,0.32700
1790904521119671488,0.44824,-0.40830,0.40920,0.16192,0.21940,0.31806
1790904521421376096,0.39738,-0.39630,0.37385,0.14554,0.26700,0.30912
1790904521723203936,0.34652,-0.38430,0.33850,0.12916,0.31460,0.30018
1790904522024551392,0.29566,-0.37230,0.30315,0.11278,0.36220,0.29124
1790904522326191264,0.24480,-0.36030,0.26780,0.09640,0.40980,0.28230
1790904522632219712,0.27250,-0.40739,0.28117,0.07434,0.34287,0.26271
1790904522933520512,0.30020,-0.45448,0.29454,0.05228,0.27594,0.24312
1790904523234923744,0.32790,-0.50157,0.30791,0.03022,0.20901,0.22353
1790904523536548736,0.35560,-0.54866,0.32128,0.00816,0.14208,0.20394
1790904523838141728,0.38330,-0.59575,0.33465,-0.01390,0.07515,0.18435
1790904524139699424,0.41100,-0.64284,0.34802,-0.03596,0.00822,0.16476
1790904524441244096,0.43870,-0.68993,0.36139,-0.05802,-0.05871,0.14517
1790904524742808480,0.46640,-0.73702,0.37476,-0.08008,-0.12564,0.12558
1790904525044375968,0.49410,-0.78411,0.38813,-0.10214,-0.19257,0.10599
1790904525345891520,0.52180,-0.83120,0.40150,-0.12420,-0.25950,0.08640
1790904525652529056,0.50964,-0.80984,0.39563,-0.09443,-0.25030,0.10784
1790904525953960032,0.49748,-0.78848,0.38976,-0.06466,-0.24110,0.12928
1790904526255350336,0.48532,-0.76712,0.38389,-0.03489,-0.23190,0.15072
1790904526556920736,0.47316,-0.74576,0.37802,-0.00512,-0.22270,0.17216
1790904526858022848,0.46100,-0.72440,0.37215,0.02465,-0.21350,0.19360
1790904527159642912,0.44884,-0.70304,0.36628,0.05442,-0.20430,0.21504
1790904527460763744,0.43668,-0.68168,0.36041,0.08419,-0.19510,0.23648
1790904527762467296,0.42452,-0.66032,0.35454,0.11396,-0.18590,0.25792
1790904528064015680,0.41236,-0.63896,0.34867,0.14373,-0.17670,0.27936
1790904528365320224,0.40020,-0.61760,0.34280,0.17350,-0.16750,0.30080
1790904529220840352,0.43565,-0.62417,0.36063,0.18296,-0.12827,0.23772
1790904529522342880,0.47110,-0.63074,0.37846,0.19242,-0.08904,0.17464
1790904529823973760,0.50655,-0.63731,0.39629,0.20188,-0.04981,0.11156
1790904530125203616,0.54200,-0.64388,0.41412,0.21134,-0.01058,0.04848
1790904530426723136,0.57745,-0.65045,0.43195,0.22080,0.02865,-0.01460
1790904530728159648,0.61290,-0.65702,0.44978,0.23026,0.06788,-0.07768
1790904531029426176,0.64835,-0.66359,0.46761,0.23972,0.10711,-0.14076
1790904531330576992,0.68380,-0.67016,0.48544,0.24918,0.14634,-0.20384
1790904531632208576,0.71925,-0.67673,0.50327,0.25864,0.18557,-0.26692
1790904531933605536,0.75470,-0.68330,0.52110,0.26810,0.22480,-0.33000
1790904532789574464,0.75608,-0.66239,0.51702,0.24421,0.16542,-0.34558
1790904533090871200,0.75746,-0.64148,0.51294,0.22032,0.10604,-0.36116
1790904533392454432,0.75884,-0.62057,0.50886,0.19643,0.04666,-0.37674
1790904533693900832,0.76022,-0.59966,0.50478,0.17254,-0.01272,-0.39232
1790904533995511328,0.76160,-0.57875,0.50070,0.14865,-0.07210,-0.40790
1790904534297037824,0.76298,-0.55784,0.49662,0.12476,-0.13148,-0.42348
1790904534598775872,0.76436,-0.53693,0.49254,0.10087,-0.19086,-0.43906
1790904534900481152,0.76574,-0.51602,0.48846,0.07698,-0.25024,-0.45464
1790904535202066336,0.76712,-0.49511,0.48438,0.05309,-0.30962,-0.47022
1790904535503570592,0.76850,-0.47420,0.48030,0.02920,-0.36900,-0.48580
1790904536361533024,0.76699,-0.47481,0.49440,0.05230,-0.33872,-0.40005
1790904536663208032,0.76548,-0.47542,0.50850,0.07540,-0.30844,-0.31430
1790904536964775840,0.76397,-0.47603,0.52260,0.09850,-0.27816,-0.22855
1790904537266362016,0.76246,-0.47664,0.53670,0.12160,-0.24788,-0.14280
1790904537567925280,0.76095,-0.47725,0.55080,0.14470,-0.21760,-0.05705
1790904537869374720,0.75944,-0.47786,0.56490,0.16780,-0.18732,0.02870
1790904538171062816,0.75793,-0.47847,0.57900,0.19090,-0.15704,0.11445
1790904538472480000,0.75642,-0.47908,0.59310,0.21400,-0.12676,0.20020
1790904538774193408,0.75491,-0.47969,0.60720,0.23710,-0.09648,0.28595
1790904539076134304,0.75340,-0.48030,0.62130,0.26020,-0.06620,0.37170
1790904539932538848,0.73024,-0.51539,0.59932,0.22176,-0.08553,0.34317
1790904540233908448,0.70708,-0.55048,0.57734,0.18332,-0.10486,0.31464
1790904540535505376,0.68392,-0.58557,0.55536,0.14488,-0.12419,0.28611
1790904540837165504,0.66076,-0.62066,0.53338,0.10644,-0.14352,0.25758
1790904541138737760,0.63760,-0.65575,0.51140,0.06800,-0.16285,0.22905
1790904541440233440,0.61444,-0.69084,0.48942,0.02956,-0.18218,0.20052
1790904541741755488,0.59128,-0.72593,0.46744,-0.00888,-0.20151,0.17199
1790904542043425632,0.56812,-0.76102,0.44546,-0.04732,-0.22084,0.14346
1790904542344879488,0.54496,-0.79611,0.42348,-0.08576,-0.24017,0.11493
1790904542646269568,0.52180,-0.83120,0.40150,-0.12420,-0.25950,0.08640
